1 1
2 2
3 1
4 3
5 3
6 1
7 4
8 2
9 4
10 1
11 5
12 4
13 4
14 5
15 1
16 6
17 3
18 2
19 3
20 5
21 1
22 7
23 5
24 5
25 5
26 5
27 5
28 1
29 8
30 4
31 5
32 2
33 5
34 4
35 7
36 1
37 9
38 6
39 3
40 6
41 6
42 3
43 6
44 7
45 1
46 10
47 5
48 6
49 4
50 2
51 4
52 6
53 5
54 6
55 1
56 11
57 7
58 6
59 6
60 6
61 6
62 6
63 6
64 7
65 6
66 1
67 12
68 6
69 4
70 3
71 6
72 2
73 6
74 3
75 4
76 5
77 7
78 1
79 13
80 8
81 7
82 7
83 6
84 6
85 6
86 6
87 7
88 7
89 6
90 7
91 1
92 14
93 7
94 7
95 5
96 7
97 5
98 2
99 5
100 7
101 5
102 7
103 5
104 7
105 1
106 15
107 9
108 5
109 7
110 3
111 4
112 8
113 8
114 4
115 3
116 7
117 5
118 8
119 7
120 1
121 16
122 8
123 8
124 4
125 7
126 5
127 7
128 2
129 7
130 5
131 7
132 4
133 8
134 7
135 7
136 1
137 17
138 10
139 8
140 8
141 7
142 7
143 7
144 8
145 8
146 7
147 7
148 7
149 8
150 7
151 8
152 8
153 1
154 18
155 9
156 6
157 6
158 7
159 3
160 7
161 6
162 2
163 6
164 7
165 3
166 7
167 6
168 5
169 7
170 8
171 1
172 19
173 11
174 9
175 8
176 8
177 7
178 7
179 7
180 7
181 7
182 7
183 7
184 7
185 7
186 7
187 7
188 9
189 7
190 1
191 20
192 10
193 9
194 5
195 4
196 6
197 7
198 4
199 8
200 2
201 8
202 4
203 7
204 6
205 4
206 5
207 7
208 6
209 9
210 1
211 21
212 12
213 7
214 9
215 8
216 5
217 3
218 7
219 5
220 7
221 7
222 5
223 7
224 3
225 5
226 8
227 9
228 5
229 7
230 8
231 1
232 22
233 11
234 10
235 7
236 8
237 6
238 9
239 6
240 8
241 6
242 2
243 6
244 8
245 6
246 8
247 6
248 8
249 7
250 8
251 6
252 8
253 1
254 23
255 13
256 10
257 9
258 8
259 8
260 8
261 9
262 8
263 8
264 8
265 8
266 8
267 8
268 8
269 8
270 8
271 8
272 9
273 8
274 8
275 8
276 1
277 24
278 12
279 8
280 6
281 9
282 4
283 8
284 3
285 5
286 6
287 7
288 2
289 7
290 6
291 5
292 3
293 8
294 4
295 9
296 5
297 7
298 7
299 8
300 1
301 25
302 14
303 11
304 10
305 5
306 8
307 8
308 9
309 8
310 4
311 8
312 8
313 8
314 8
315 4
316 8
317 9
318 8
319 8
320 5
321 8
322 8
323 8
324 8
325 1
326 26
327 13
328 11
329 8
330 9
331 7
332 8
333 7
334 9
335 6
336 8
337 6
338 2
339 6
340 8
341 6
342 9
343 7
344 8
345 7
346 8
347 6
348 8
349 7
350 8
351 1
352 27
353 15
354 9
355 10
356 9
357 6
358 8
359 8
360 3
361 8
362 8
363 6
364 8
365 8
366 6
367 8
368 8
369 3
370 8
371 8
372 6
373 8
374 8
375 7
376 10
377 8
378 1
379 28
380 14
381 12
382 7
383 9
384 7
385 4
386 5
387 8
388 7
389 8
390 5
391 9
392 2
393 8
394 5
395 8
396 7
397 8
398 5
399 4
400 7
401 9
402 5
403 10
404 7
405 8
406 1
407 29
408 16
409 12
410 11
411 10
412 9
413 10
414 8
415 9
416 8
417 8
418 8
419 9
420 8
421 8
422 9
423 8
424 8
425 8
426 9
427 8
428 9
429 9
430 10
431 10
432 8
433 8
434 9
435 1
436 30
437 15
438 10
439 9
440 6
441 5
442 9
443 7
444 6
445 3
446 8
447 4
448 9
449 8
450 2
451 8
452 9
453 4
454 8
455 3
456 6
457 7
458 9
459 5
460 5
461 8
462 6
463 7
464 9
465 1
466 31
467 17
468 13
469 11
470 10
471 9
472 9
473 10
474 9
475 8
476 9
477 8
478 8
479 8
480 8
481 8
482 8
483 8
484 8
485 9
486 8
487 8
488 8
489 8
490 8
491 8
492 10
493 8
494 8
495 8
496 1
497 32
498 16
499 13
500 8
501 10
502 8
503 9
504 4
505 9
506 7
507 8
508 5
509 8
510 7
511 9
512 2
513 9
514 7
515 8
516 5
517 8
518 7
519 9
520 4
521 9
522 8
523 8
524 7
525 8
526 7
527 9
528 1
529 33
530 18
531 11
532 12
533 10
534 7
535 9
536 10
537 6
538 9
539 3
540 6
541 8
542 8
543 6
544 9
545 9
546 6
547 8
548 8
549 6
550 3
551 9
552 6
553 10
554 8
555 7
556 8
557 9
558 6
559 9
560 9
561 1
562 34
563 17
564 14
565 10
566 11
567 8
568 9
569 8
570 9
571 7
572 9
573 7
574 8
575 7
576 8
577 8
578 2
579 8
580 8
581 7
582 8
583 7
584 9
585 7
586 8
587 8
588 9
589 7
590 9
591 8
592 9
593 8
594 9
595 1
596 35
597 19
598 14
599 12
600 7
601 10
602 5
603 9
604 10
605 5
606 8
607 9
608 9
609 4
610 5
611 8
612 9
613 9
614 8
615 5
616 4
617 9
618 9
619 8
620 5
621 8
622 9
623 5
624 9
625 5
626 8
627 10
628 9
629 8
630 1
631 36
632 18
633 12
634 9
635 11
636 6
637 11
638 6
639 4
640 7
641 9
642 3
643 9
644 7
645 6
646 6
647 10
648 2
649 10
650 6
651 6
652 7
653 9
654 3
655 9
656 7
657 4
658 6
659 10
660 5
661 10
662 7
663 7
664 8
665 9
666 1
667 37
668 20
669 15
670 13
671 11
672 10
673 10
674 9
675 9
676 9
677 9
678 9
679 8
680 9
681 9
682 9
683 8
684 8
685 8
686 8
687 9
688 8
689 9
690 8
691 9
692 9
693 9
694 9
695 8
696 9
697 10
698 8
699 9
700 9
701 9
702 9
703 1
704 38
705 19
706 15
707 11
708 11
709 9
710 10
711 8
712 10
713 8
714 9
715 7
716 9
717 7
718 9
719 7
720 10
721 7
722 2
723 7
724 10
725 7
726 9
727 7
728 9
729 7
730 9
731 7
732 10
733 7
734 9
735 7
736 9
737 9
738 9
739 7
740 9
741 1
742 39
743 21
744 13
745 13
746 12
747 8
748 10
749 11
750 7
751 9
752 9
753 7
754 3
755 9
756 6
757 9
758 9
759 6
760 10
761 9
762 6
763 9
764 9
765 6
766 9
767 3
768 7
769 9
770 9
771 7
772 9
773 10
774 6
775 9
776 9
777 7
778 9
779 9
780 1
781 40
782 20
783 16
784 10
785 8
786 9
787 10
788 5
789 10
790 4
791 9
792 6
793 9
794 7
795 5
796 4
797 9
798 8
799 8
800 2
801 8
802 8
803 9
804 4
805 5
806 7
807 9
808 6
809 8
810 4
811 9
812 5
813 9
814 7
815 7
816 6
817 9
818 9
819 9
820 1
821 41
822 22
823 16
824 14
825 12
826 11
827 10
828 11
829 10
830 9
831 9
832 9
833 10
834 9
835 9
836 9
837 9
838 9
839 9
840 9
841 9
842 9
843 9
844 9
845 9
846 9
847 9
848 9
849 9
850 9
851 9
852 9
853 9
854 9
855 9
856 11
857 9
858 9
859 9
860 9
861 1
862 42
863 21
864 14
865 12
866 12
867 7
868 6
869 9
870 7
871 8
872 10
873 5
874 10
875 3
876 7
877 7
878 10
879 5
880 10
881 7
882 2
883 7
884 10
885 5
886 10
887 7
888 7
889 3
890 10
891 5
892 10
893 8
894 7
895 9
896 5
897 5
898 9
899 7
900 7
901 8
902 9
903 1
904 43
905 23
906 17
907 14
908 12
909 11
910 12
911 10
912 10
913 10
914 9
915 9
916 10
917 9
918 9
919 9
920 10
921 9
922 10
923 9
924 9
925 9
926 9
927 9
928 9
929 10
930 9
931 9
932 9
933 9
934 9
935 9
936 9
937 9
938 10
939 10
940 9
941 9
942 9
943 9
944 9
945 9
946 1
947 44
948 22
949 17
950 11
951 13
952 10
953 11
954 7
955 11
956 8
957 4
958 6
959 9
960 9
961 9
962 6
963 9
964 8
965 9
966 6
967 9
968 2
969 9
970 6
971 9
972 8
973 9
974 6
975 9
976 8
977 9
978 6
979 4
980 8
981 9
982 7
983 9
984 8
985 9
986 6
987 9
988 8
989 9
990 1
991 45
992 24
993 15
994 15
995 9
996 9
997 11
998 10
999 5
1000 6
1001 10
1002 7
1003 9
1004 9
1005 3
1006 10
1007 9
1008 4
1009 9
1010 6
1011 8
1012 9
1013 9
1014 8
1015 6
1016 9
1017 4
1018 9
1019 10
1020 3
1021 9
1022 9
1023 7
1024 9
1025 6
1026 5
1027 9
1028 9
1029 8
1030 7
1031 10
1032 7
1033 9
1034 10
1035 1
1036 46
1037 23
1038 18
1039 13
1040 13
1041 10
1042 11
1043 9
1044 10
1045 8
1046 9
1047 8
1048 9
1049 8
1050 9
1051 9
1052 9
1053 8
1054 9
1055 8
1056 9
1057 8
1058 2
1059 8
1060 9
1061 8
1062 9
1063 8
1064 9
1065 8
1066 9
1067 8
1068 9
1069 8
1070 9
1071 8
1072 9
1073 9
1074 9
1075 8
1076 9
1077 8
1078 9
1079 8
1080 9
1081 1
1082 47
1083 25
1084 18
1085 15
1086 13
1087 12
1088 11
1089 12
1090 11
1091 10
1092 10
1093 10
1094 9
1095 9
1096 10
1097 9
1098 10
1099 9
1100 9
1101 9
1102 9
1103 9
1104 9
1105 9
1106 9
1107 9
1108 9
1109 9
1110 9
1111 9
1112 9
1113 10
1114 9
1115 9
1116 9
1117 9
1118 9
1119 9
1120 9
1121 9
1122 9
1123 9
1124 11
1125 9
1126 9
1127 9
1128 1
1129 48
1130 24
1131 16
1132 12
1133 13
1134 8
1135 11
1136 6
1137 8
1138 9
1139 10
1140 4
1141 10
1142 8
1143 7
1144 3
1145 9
1146 5
1147 9
1148 6
1149 7
1150 7
1151 9
1152 2
1153 9
1154 7
1155 7
1156 6
1157 9
1158 5
1159 9
1160 3
1161 7
1162 8
1163 10
1164 4
1165 10
1166 9
1167 8
1168 5
1169 9
1170 7
1171 9
1172 7
1173 7
1174 8
1175 10
1176 1
1177 49
1178 26
1179 19
1180 16
1181 14
1182 12
1183 7
1184 12
1185 11
1186 10
1187 10
1188 10
1189 10
1190 5
1191 9
1192 10
1193 10
1194 9
1195 9
1196 10
1197 5
1198 9
1199 9
1200 9
1201 9
1202 9
1203 9
1204 5
1205 10
1206 9
1207 9
1208 10
1209 10
1210 9
1211 5
1212 9
1213 9
1214 9
1215 9
1216 9
1217 9
1218 5
1219 10
1220 10
1221 9
1222 9
1223 9
1224 9
1225 1
1226 50
1227 25
1228 19
1229 14
1230 10
1231 11
1232 13
1233 10
1234 11
1235 5
1236 10
1237 8
1238 9
1239 8
1240 6
1241 9
1242 10
1243 8
1244 9
1245 4
1246 9
1247 8
1248 9
1249 8
1250 2
1251 8
1252 9
1253 8
1254 9
1255 4
1256 9
1257 8
1258 9
1259 9
1260 6
1261 8
1262 9
1263 8
1264 9
1265 5
1266 9
1267 8
1268 9
1269 8
1270 6
1271 8
1272 9
1273 8
1274 10
1275 1
1276 51
1277 27
1278 17
1279 16
1280 14
1281 10
1282 12
1283 11
1284 8
1285 10
1286 10
1287 8
1288 10
1289 10
1290 7
1291 9
1292 3
1293 7
1294 9
1295 10
1296 7
1297 10
1298 10
1299 8
1300 9
1301 9
1302 8
1303 10
1304 10
1305 7
1306 10
1307 9
1308 7
1309 3
1310 9
1311 7
1312 10
1313 9
1314 8
1315 10
1316 10
1317 7
1318 9
1319 10
1320 8
1321 10
1322 9
1323 8
1324 10
1325 9
1326 1
1327 52
1328 26
1329 20
1330 13
1331 14
1332 11
1333 12
1334 8
1335 11
1336 9
1337 10
1338 7
1339 4
1340 8
1341 10
1342 7
1343 10
1344 9
1345 9
1346 6
1347 9
1348 8
1349 10
1350 6
1351 11
1352 2
1353 11
1354 6
1355 10
1356 8
1357 9
1358 6
1359 9
1360 9
1361 10
1362 7
1363 9
1364 8
1365 4
1366 7
1367 9
1368 8
1369 10
1370 6
1371 10
1372 8
1373 9
1374 7
1375 11
1376 8
1377 10
1378 1
1379 53
1380 28
1381 20
1382 17
1383 14
1384 13
1385 12
1386 11
1387 12
1388 11
1389 11
1390 10
1391 10
1392 10
1393 10
1394 10
1395 11
1396 10
1397 9
1398 9
1399 9
1400 9
1401 10
1402 11
1403 11
1404 9
1405 9
1406 11
1407 11
1408 9
1409 9
1410 9
1411 9
1412 9
1413 10
1414 11
1415 10
1416 10
1417 9
1418 10
1419 9
1420 10
1421 11
1422 10
1423 9
1424 10
1425 10
1426 9
1427 11
1428 9
1429 9
1430 10
1431 1
1432 54
1433 27
1434 18
1435 15
1436 15
1437 9
1438 12
1439 10
1440 6
1441 9
1442 10
1443 6
1444 11
1445 8
1446 7
1447 8
1448 9
1449 3
1450 9
1451 8
1452 7
1453 8
1454 9
1455 6
1456 11
1457 8
1458 2
1459 8
1460 10
1461 6
1462 9
1463 8
1464 7
1465 8
1466 9
1467 3
1468 9
1469 8
1470 7
1471 8
1472 9
1473 6
1474 9
1475 8
1476 5
1477 8
1478 10
1479 7
1480 9
1481 10
1482 8
1483 8
1484 10
1485 1
1486 55
1487 29
1488 21
1489 17
1490 11
1491 13
1492 12
1493 13
1494 11
1495 7
1496 5
1497 10
1498 11
1499 10
1500 6
1501 10
1502 11
1503 9
1504 11
1505 6
1506 9
1507 4
1508 10
1509 9
1510 6
1511 9
1512 9
1513 9
1514 9
1515 6
1516 9
1517 10
1518 4
1519 9
1520 6
1521 10
1522 9
1523 9
1524 9
1525 6
1526 9
1527 10
1528 9
1529 5
1530 7
1531 9
1532 9
1533 9
1534 9
1535 6
1536 10
1537 10
1538 10
1539 10
1540 1
1541 56
1542 28
1543 21
1544 14
1545 15
1546 12
1547 8
1548 7
1549 12
1550 9
1551 11
1552 7
1553 11
1554 4
1555 10
1556 5
1557 10
1558 8
1559 9
1560 7
1561 5
1562 8
1563 10
1564 5
1565 9
1566 9
1567 9
1568 2
1569 9
1570 8
1571 9
1572 5
1573 10
1574 8
1575 5
1576 7
1577 9
1578 8
1579 10
1580 5
1581 10
1582 4
1583 11
1584 7
1585 10
1586 9
1587 9
1588 5
1589 7
1590 10
1591 10
1592 7
1593 9
1594 8
1595 9
1596 1
1597 57
1598 30
1599 19
1600 18
1601 15
1602 11
1603 14
1604 13
1605 9
1606 11
1607 10
1608 8
1609 10
1610 10
1611 8
1612 10
1613 10
1614 7
1615 3
1616 9
1617 7
1618 10
1619 10
1620 7
1621 10
1622 9
1623 7
1624 10
1625 10
1626 7
1627 9
1628 10
1629 7
1630 9
1631 10
1632 7
1633 9
1634 3
1635 7
1636 10
1637 10
1638 7
1639 10
1640 9
1641 7
1642 9
1643 10
1644 7
1645 10
1646 10
1647 9
1648 9
1649 10
1650 7
1651 10
1652 10
1653 1
1654 58
1655 29
1656 22
1657 16
1658 15
1659 12
1660 13
1661 11
1662 12
1663 10
1664 11
1665 9
1666 10
1667 10
1668 10
1669 8
1670 10
1671 9
1672 11
1673 8
1674 10
1675 8
1676 10
1677 8
1678 11
1679 9
1680 11
1681 8
1682 2
1683 8
1684 10
1685 9
1686 10
1687 8
1688 10
1689 8
1690 10
1691 8
1692 11
1693 9
1694 10
1695 8
1696 10
1697 9
1698 10
1699 9
1700 11
1701 10
1702 10
1703 10
1704 10
1705 8
1706 10
1707 8
1708 10
1709 9
1710 10
1711 1
1712 59
1713 31
1714 22
1715 18
1716 16
1717 14
1718 13
1719 12
1720 12
1721 11
1722 11
1723 11
1724 10
1725 10
1726 10
1727 10
1728 11
1729 10
1730 9
1731 10
1732 11
1733 9
1734 10
1735 9
1736 9
1737 9
1738 9
1739 9
1740 10
1741 10
1742 9
1743 9
1744 9
1745 9
1746 9
1747 10
1748 9
1749 10
1750 9
1751 9
1752 10
1753 9
1754 9
1755 9
1756 10
1757 9
1758 9
1759 10
1760 10
1761 9
1762 9
1763 9
1764 11
1765 10
1766 9
1767 9
1768 10
1769 10
1770 1
1771 60
1772 30
1773 20
1774 15
1775 12
1776 10
1777 13
1778 9
1779 9
1780 6
1781 11
1782 5
1783 10
1784 9
1785 4
1786 7
1787 11
1788 6
1789 10
1790 3
1791 7
1792 8
1793 10
1794 4
1795 6
1796 9
1797 8
1798 8
1799 9
1800 2
1801 9
1802 8
1803 8
1804 9
1805 6
1806 4
1807 10
1808 8
1809 7
1810 3
1811 9
1812 6
1813 11
1814 7
1815 4
1816 9
1817 10
1818 5
1819 10
1820 5
1821 7
1822 8
1823 11
1824 6
1825 7
1826 7
1827 9
1828 9
1829 10
1830 1
1831 61
1832 32
1833 23
1834 19
1835 16
1836 14
1837 13
1838 12
1839 12
1840 11
1841 11
1842 11
1843 11
1844 10
1845 10
1846 11
1847 10
1848 10
1849 11
1850 10
1851 9
1852 10
1853 10
1854 9
1855 10
1856 9
1857 10
1858 9
1859 9
1860 9
1861 9
1862 9
1863 9
1864 10
1865 9
1866 10
1867 9
1868 9
1869 10
1870 9
1871 10
1872 10
1873 9
1874 9
1875 10
1876 10
1877 10
1878 10
1879 11
1880 9
1881 10
1882 10
1883 9
1884 9
1885 10
1886 10
1887 10
1888 10
1889 9
1890 10
1891 1
1892 62
1893 31
1894 23
1895 17
1896 16
1897 13
1898 13
1899 11
1900 13
1901 10
1902 11
1903 9
1904 11
1905 9
1906 11
1907 10
1908 10
1909 9
1910 11
1911 8
1912 10
1913 9
1914 10
1915 8
1916 10
1917 8
1918 10
1919 8
1920 10
1921 8
1922 2
1923 8
1924 10
1925 8
1926 10
1927 8
1928 10
1929 8
1930 10
1931 9
1932 10
1933 8
1934 11
1935 8
1936 10
1937 8
1938 11
1939 8
1940 11
1941 8
1942 10
1943 8
1944 10
1945 10
1946 10
1947 8
1948 10
1949 8
1950 10
1951 8
1952 10
1953 1
1954 63
1955 33
1956 21
1957 19
1958 16
1959 12
1960 9
1961 14
1962 7
1963 12
1964 11
1965 9
1966 10
1967 6
1968 8
1969 10
1970 10
1971 5
1972 10
1973 10
1974 3
1975 10
1976 10
1977 7
1978 10
1979 10
1980 5
1981 6
1982 10
1983 7
1984 10
1985 10
1986 7
1987 10
1988 6
1989 5
1990 10
1991 10
1992 7
1993 10
1994 10
1995 3
1996 10
1997 10
1998 5
1999 10
2000 10
2001 8
2002 6
2003 10
2004 9
2005 10
2006 10
2007 5
2008 10
2009 7
2010 7
2011 10
2012 10
2013 8
2014 10
2015 10
2016 1
2017 64
2018 32
2019 24
2020 16
2021 17
2022 13
2023 15
2024 8
2025 12
2026 10
2027 12
2028 8
2029 11
2030 9
2031 10
2032 4
2033 11
2034 9
2035 10
2036 7
2037 10
2038 8
2039 10
2040 5
2041 10
2042 8
2043 10
2044 7
2045 10
2046 9
2047 10
2048 2
2049 10
2050 9
2051 10
2052 7
2053 10
2054 8
2055 10
2056 5
2057 10
2058 8
2059 10
2060 7
2061 10
2062 9
2063 10
2064 4
2065 10
2066 9
2067 10
2068 8
2069 11
2070 8
2071 11
2072 7
2073 10
2074 8
2075 10
2076 7
2077 10
2078 9
2079 10
2080 1
2081 65
2082 34
2083 24
2084 20
2085 13
2086 15
2087 14
2088 14
2089 13
2090 8
2091 11
2092 11
2093 5
2094 11
2095 7
2096 11
2097 10
2098 10
2099 10
2100 7
2101 10
2102 10
2103 11
2104 10
2105 6
2106 4
2107 10
2108 10
2109 11
2110 6
2111 10
2112 10
2113 10
2114 10
2115 6
2116 11
2117 10
2118 10
2119 4
2120 6
2121 10
2122 10
2123 10
2124 10
2125 7
2126 10
2127 10
2128 10
2129 11
2130 7
2131 10
2132 5
2133 10
2134 10
2135 6
2136 10
2137 10
2138 10
2139 10
2140 7
2141 10
2142 10
2143 10
2144 10
2145 1
2146 66
2147 33
2148 22
2149 18
2150 17
2151 11
2152 14
2153 12
2154 10
2155 10
2156 6
2157 7
2158 11
2159 9
2160 8
2161 10
2162 11
2163 6
2164 10
2165 9
2166 9
2167 3
2168 10
2169 6
2170 10
2171 8
2172 8
2173 8
2174 9
2175 6
2176 9
2177 9
2178 2
2179 9
2180 9
2181 6
2182 9
2183 8
2184 8
2185 8
2186 10
2187 6
2188 10
2189 3
2190 8
2191 9
2192 10
2193 6
2194 9
2195 10
2196 8
2197 8
2198 10
2199 7
2200 5
2201 8
2202 8
2203 9
2204 10
2205 6
2206 10
2207 9
2208 8
2209 9
2210 10
2211 1
2212 67
2213 35
2214 25
2215 20
2216 17
2217 15
2218 14
2219 13
2220 13
2221 12
2222 12
2223 11
2224 12
2225 11
2226 11
2227 10
2228 11
2229 10
2230 10
2231 10
2232 10
2233 10
2234 10
2235 10
2236 11
2237 10
2238 10
2239 10
2240 11
2241 10
2242 11
2243 11
2244 10
2245 10
2246 10
2247 10
2248 10
2249 11
2250 10
2251 10
2252 10
2253 10
2254 10
2255 10
2256 10
2257 10
2258 10
2259 10
2260 10
2261 10
2262 10
2263 10
2264 10
2265 10
2266 11
2267 10
2268 10
2269 10
2270 10
2271 11
2272 10
2273 10
2274 10
2275 10
2276 10
2277 10
2278 1
2279 68
2280 34
2281 25
2282 17
2283 17
2284 14
2285 14
2286 10
2287 13
2288 11
2289 11
2290 8
2291 12
2292 9
2293 11
2294 8
2295 4
2296 9
2297 10
2298 7
2299 10
2300 9
2301 10
2302 7
2303 10
2304 8
2305 10
2306 7
2307 10
2308 8
2309 11
2310 8
2311 10
2312 2
2313 10
2314 8
2315 11
2316 8
2317 10
2318 7
2319 10
2320 8
2321 10
2322 7
2323 10
2324 9
2325 10
2326 7
2327 10
2328 8
2329 4
2330 8
2331 10
2332 9
2333 10
2334 7
2335 10
2336 9
2337 10
2338 8
2339 10
2340 9
2341 10
2342 8
2343 10
2344 9
2345 10
2346 1
2347 69
2348 36
2349 23
2350 21
2351 18
2352 13
2353 14
2354 13
2355 10
2356 12
2357 12
2358 9
2359 12
2360 11
2361 8
2362 11
2363 11
2364 8
2365 10
2366 11
2367 8
2368 10
2369 3
2370 9
2371 10
2372 11
2373 8
2374 10
2375 9
2376 8
2377 10
2378 9
2379 8
2380 9
2381 9
2382 8
2383 9
2384 10
2385 8
2386 9
2387 9
2388 8
2389 10
2390 10
2391 8
2392 3
2393 10
2394 8
2395 11
2396 10
2397 8
2398 11
2399 11
2400 8
2401 11
2402 10
2403 9
2404 10
2405 10
2406 8
2407 9
2408 10
2409 8
2410 11
2411 10
2412 8
2413 10
2414 10
2415 1
2416 70
2417 35
2418 26
2419 19
2420 14
2421 14
2422 10
2423 12
2424 13
2425 7
2426 12
2427 10
2428 11
2429 5
2430 7
2431 9
2432 12
2433 10
2434 10
2435 5
2436 6
2437 8
2438 10
2439 9
2440 7
2441 9
2442 10
2443 4
2444 10
2445 5
2446 10
2447 8
2448 10
2449 9
2450 2
2451 9
2452 10
2453 8
2454 10
2455 5
2456 10
2457 4
2458 10
2459 9
2460 7
2461 9
2462 10
2463 8
2464 6
2465 5
2466 10
2467 8
2468 11
2469 9
2470 7
2471 5
2472 10
2473 9
2474 10
2475 5
2476 10
2477 8
2478 6
2479 10
2480 7
2481 9
2482 10
2483 8
2484 11
2485 1
2486 71
2487 37
2488 26
2489 21
2490 18
2491 16
2492 16
2493 15
2494 14
2495 12
2496 12
2497 12
2498 11
2499 11
2500 11
2501 11
2502 10
2503 11
2504 10
2505 11
2506 10
2507 10
2508 10
2509 10
2510 10
2511 10
2512 10
2513 10
2514 11
2515 10
2516 10
2517 11
2518 10
2519 10
2520 10
2521 10
2522 10
2523 10
2524 11
2525 10
2526 10
2527 10
2528 10
2529 10
2530 10
2531 10
2532 10
2533 10
2534 10
2535 10
2536 10
2537 10
2538 10
2539 10
2540 11
2541 10
2542 10
2543 10
2544 12
2545 10
2546 11
2547 10
2548 10
2549 10
2550 10
2551 10
2552 12
2553 10
2554 10
2555 10
2556 1
2557 72
2558 36
2559 24
2560 18
2561 18
2562 12
2563 15
2564 9
2565 8
2566 11
2567 12
2568 6
2569 11
2570 11
2571 9
2572 6
2573 12
2574 4
2575 10
2576 7
2577 8
2578 9
2579 10
2580 3
2581 10
2582 9
2583 5
2584 7
2585 10
2586 6
2587 10
2588 6
2589 7
2590 10
2591 10
2592 2
2593 10
2594 10
2595 7
2596 6
2597 10
2598 6
2599 10
2600 7
2601 5
2602 9
2603 10
2604 3
2605 10
2606 9
2607 8
2608 7
2609 10
2610 4
2611 10
2612 6
2613 9
2614 10
2615 10
2616 5
2617 10
2618 10
2619 7
2620 7
2621 10
2622 7
2623 10
2624 8
2625 8
2626 9
2627 10
2628 1
2629 73
2630 38
2631 27
2632 22
2633 18
2634 16
2635 15
2636 15
2637 13
2638 13
2639 12
2640 12
2641 11
2642 11
2643 11
2644 11
2645 11
2646 10
2647 10
2648 10
2649 10
2650 11
2651 10
2652 10
2653 10
2654 10
2655 10
2656 10
2657 10
2658 10
2659 11
2660 10
2661 10
2662 10
2663 10
2664 10
2665 10
2666 10
2667 10
2668 10
2669 10
2670 10
2671 10
2672 10
2673 10
2674 10
2675 10
2676 10
2677 10
2678 10
2679 10
2680 10
2681 10
2682 10
2683 10
2684 10
2685 10
2686 10
2687 10
2688 10
2689 10
2690 10
2691 10
2692 10
2693 10
2694 10
2695 10
2696 10
2697 11
2698 10
2699 10
2700 10
2701 1
2702 74
2703 37
2704 27
2705 20
2706 19
2707 15
2708 15
2709 13
2710 14
2711 11
2712 12
2713 10
2714 12
2715 10
2716 11
2717 9
2718 11
2719 9
2720 12
2721 9
2722 10
2723 9
2724 11
2725 9
2726 10
2727 8
2728 10
2729 9
2730 11
2731 9
2732 10
2733 9
2734 10
2735 8
2736 10
2737 8
2738 2
2739 8
2740 10
2741 8
2742 10
2743 9
2744 10
2745 8
2746 11
2747 9
2748 10
2749 8
2750 10
2751 9
2752 10
2753 9
2754 10
2755 9
2756 11
2757 9
2758 10
2759 8
2760 11
2761 9
2762 11
2763 10
2764 10
2765 8
2766 10
2767 9
2768 10
2769 9
2770 10
2771 9
2772 10
2773 9
2774 10
2775 1
2776 75
2777 39
2778 25
2779 22
2780 15
2781 14
2782 15
2783 14
2784 11
2785 9
2786 13
2787 10
2788 12
2789 11
2790 5
2791 11
2792 11
2793 8
2794 10
2795 7
2796 8
2797 10
2798 11
2799 9
2800 3
2801 10
2802 8
2803 10
2804 10
2805 4
2806 10
2807 10
2808 8
2809 10
2810 8
2811 8
2812 10
2813 10
2814 8
2815 8
2816 10
2817 8
2818 10
2819 10
2820 4
2821 10
2822 10
2823 8
2824 10
2825 3
2826 9
2827 11
2828 10
2829 8
2830 7
2831 10
2832 8
2833 10
2834 10
2835 5
2836 10
2837 10
2838 8
2839 10
2840 8
2841 8
2842 10
2843 10
2844 8
2845 7
2846 10
2847 8
2848 11
2849 10
2850 1
2851 76
2852 38
2853 28
2854 19
2855 19
2856 15
2857 15
2858 11
2859 14
2860 11
2861 12
2862 9
2863 11
2864 10
2865 11
2866 8
2867 12
2868 10
2869 4
2870 8
2871 10
2872 9
2873 11
2874 7
2875 10
2876 9
2877 10
2878 7
2879 10
2880 9
2881 10
2882 7
2883 10
2884 10
2885 10
2886 7
2887 10
2888 2
2889 10
2890 7
2891 10
2892 10
2893 10
2894 7
2895 10
2896 9
2897 10
2898 7
2899 10
2900 9
2901 10
2902 7
2903 10
2904 9
2905 10
2906 7
2907 4
2908 10
2909 10
2910 7
2911 10
2912 9
2913 10
2914 7
2915 10
2916 9
2917 10
2918 9
2919 11
2920 9
2921 10
2922 7
2923 10
2924 9
2925 10
2926 1
2927 77
2928 40
2929 28
2930 23
2931 19
2932 17
2933 11
2934 14
2935 14
2936 13
2937 7
2938 12
2939 12
2940 7
2941 12
2942 12
2943 12
2944 11
2945 12
2946 10
2947 6
2948 5
2949 10
2950 12
2951 12
2952 10
2953 10
2954 6
2955 10
2956 10
2957 10
2958 10
2959 5
2960 10
2961 6
2962 12
2963 10
2964 10
2965 10
2966 10
2967 12
2968 6
2969 10
2970 5
2971 10
2972 10
2973 10
2974 10
2975 6
2976 10
2977 10
2978 12
2979 12
2980 10
2981 5
2982 6
2983 10
2984 10
2985 10
2986 12
2987 11
2988 10
2989 7
2990 11
2991 10
2992 5
2993 12
2994 10
2995 10
2996 6
2997 11
2998 10
2999 10
3000 10
3001 10
3002 10
3003 1
3004 78
3005 39
3006 26
3007 21
3008 19
3009 13
3010 17
3011 13
3012 11
3013 12
3014 13
3015 8
3016 6
3017 10
3018 9
3019 11
3020 11
3021 7
3022 10
3023 9
3024 8
3025 9
3026 11
3027 7
3028 12
3029 3
3030 9
3031 9
3032 11
3033 6
3034 10
3035 9
3036 8
3037 9
3038 11
3039 6
3040 10
3041 10
3042 2
3043 9
3044 10
3045 6
3046 11
3047 9
3048 8
3049 9
3050 10
3051 6
3052 11
3053 9
3054 9
3055 3
3056 11
3057 7
3058 11
3059 9
3060 8
3061 9
3062 10
3063 7
3064 11
3065 9
3066 8
3067 10
3068 5
3069 6
3070 10
3071 9
3072 8
3073 9
3074 10
3075 7
3076 10
3077 9
3078 8
3079 9
3080 11
3081 1
3082 79
3083 41
3084 29
3085 23
3086 20
3087 17
3088 16
3089 16
3090 14
3091 13
3092 12
3093 12
3094 12
3095 12
3096 11
3097 11
3098 11
3099 11
3100 11
3101 11
3102 11
3103 11
3104 11
3105 10
3106 12
3107 10
3108 12
3109 11
3110 10
3111 10
3112 10
3113 11
3114 10
3115 10
3116 10
3117 11
3118 10
3119 10
3120 10
3121 10
3122 10
3123 10
3124 11
3125 10
3126 10
3127 10
3128 11
3129 10
3130 10
3131 10
3132 11
3133 11
3134 10
3135 10
3136 10
3137 10
3138 10
3139 10
3140 10
3141 10
3142 11
3143 10
3144 10
3145 10
3146 10
3147 10
3148 10
3149 11
3150 11
3151 10
3152 10
3153 10
3154 10
3155 11
3156 11
3157 10
3158 10
3159 11
3160 1
3161 80
3162 40
3163 29
3164 20
3165 16
3166 16
3167 16
3168 10
3169 15
3170 8
3171 13
3172 9
3173 13
3174 10
3175 8
3176 5
3177 11
3178 10
3179 12
3180 4
3181 12
3182 9
3183 11
3184 6
3185 7
3186 9
3187 10
3188 7
3189 11
3190 5
3191 10
3192 4
3193 10
3194 9
3195 7
3196 8
3197 10
3198 8
3199 10
3200 2
3201 10
3202 8
3203 10
3204 8
3205 7
3206 9
3207 10
3208 4
3209 10
3210 5
3211 11
3212 7
3213 10
3214 9
3215 7
3216 6
3217 10
3218 8
3219 11
3220 4
3221 11
3222 9
3223 10
3224 5
3225 8
3226 9
3227 10
3228 7
3229 12
3230 7
3231 10
3232 6
3233 10
3234 9
3235 7
3236 9
3237 10
3238 9
3239 10
3240 1
3241 81
3242 42
3243 27
3244 24
3245 20
3246 15
3247 16
3248 16
3249 9
3250 13
3251 13
3252 10
3253 13
3254 12
3255 9
3256 12
3257 12
3258 6
3259 12
3260 11
3261 8
3262 10
3263 11
3264 8
3265 10
3266 10
3267 3
3268 12
3269 11
3270 8
3271 10
3272 11
3273 8
3274 10
3275 10
3276 6
3277 10
3278 10
3279 8
3280 10
3281 10
3282 8
3283 10
3284 10
3285 6
3286 10
3287 10
3288 8
3289 11
3290 10
3291 8
3292 11
3293 11
3294 3
3295 10
3296 10
3297 8
3298 10
3299 10
3300 8
3301 10
3302 10
3303 6
3304 10
3305 10
3306 8
3307 12
3308 10
3309 8
3310 10
3311 10
3312 7
3313 10
3314 10
3315 10
3316 11
3317 12
3318 8
3319 10
3320 10
3321 1
3322 82
3323 41
3324 30
3325 22
3326 20
3327 16
3328 16
3329 14
3330 14
3331 12
3332 13
3333 11
3334 13
3335 10
3336 12
3337 11
3338 11
3339 10
3340 11
3341 9
3342 10
3343 9
3344 11
3345 9
3346 11
3347 10
3348 10
3349 9
3350 12
3351 9
3352 11
3353 9
3354 11
3355 9
3356 10
3357 9
3358 10
3359 9
3360 10
3361 9
3362 2
3363 9
3364 10
3365 9
3366 10
3367 9
3368 10
3369 9
3370 11
3371 9
3372 10
3373 9
3374 11
3375 9
3376 10
3377 9
3378 10
3379 9
3380 10
3381 9
3382 10
3383 9
3384 11
3385 9
3386 10
3387 9
3388 10
3389 9
3390 11
3391 9
3392 11
3393 11
3394 10
3395 9
3396 11
3397 9
3398 11
3399 9
3400 11
3401 9
3402 10
3403 1
3404 83
3405 43
3406 30
3407 24
3408 20
3409 18
3410 16
3411 15
3412 15
3413 14
3414 13
3415 13
3416 12
3417 12
3418 12
3419 11
3420 12
3421 11
3422 11
3423 11
3424 11
3425 11
3426 11
3427 10
3428 12
3429 10
3430 10
3431 10
3432 11
3433 10
3434 10
3435 10
3436 10
3437 10
3438 11
3439 10
3440 10
3441 10
3442 10
3443 10
3444 10
3445 10
3446 10
3447 10
3448 10
3449 10
3450 10
3451 11
3452 10
3453 10
3454 10
3455 10
3456 10
3457 10
3458 10
3459 10
3460 10
3461 10
3462 10
3463 10
3464 10
3465 10
3466 10
3467 10
3468 11
3469 10
3470 10
3471 11
3472 10
3473 10
3474 10
3475 10
3476 10
3477 10
3478 10
3479 10
3480 11
3481 10
3482 10
3483 10
3484 10
3485 10
3486 1
3487 84
3488 42
3489 28
3490 21
3491 21
3492 14
3493 12
3494 12
3495 12
3496 12
3497 13
3498 7
3499 12
3500 6
3501 9
3502 9
3503 12
3504 7
3505 11
3506 8
3507 4
3508 10
3509 11
3510 5
3511 10
3512 10
3513 8
3514 3
3515 10
3516 7
3517 10
3518 7
3519 8
3520 10
3521 6
3522 5
3523 10
3524 10
3525 9
3526 7
3527 10
3528 2
3529 10
3530 7
3531 8
3532 10
3533 10
3534 5
3535 6
3536 10
3537 8
3538 7
3539 10
3540 7
3541 10
3542 3
3543 8
3544 10
3545 10
3546 5
3547 11
3548 10
3549 4
3550 8
3551 10
3552 7
3553 10
3554 9
3555 9
3556 5
3557 10
3558 5
3559 10
3560 9
3561 10
3562 7
3563 7
3564 7
3565 10
3566 8
3567 8
3568 9
3569 10
3570 1
3571 85
3572 44
3573 31
3574 25
3575 17
3576 18
3577 18
3578 15
3579 15
3580 10
3581 13
3582 13
3583 12
3584 12
3585 8
3586 12
3587 5
3588 11
3589 11
3590 8
3591 11
3592 11
3593 11
3594 10
3595 7
3596 10
3597 12
3598 11
3599 10
3600 7
3601 10
3602 10
3603 10
3604 4
3605 7
3606 10
3607 11
3608 10
3609 10
3610 8
3611 10
3612 10
3613 10
3614 10
3615 8
3616 10
3617 10
3618 11
3619 10
3620 7
3621 4
3622 10
3623 10
3624 10
3625 7
3626 10
3627 11
3628 11
3629 10
3630 7
3631 10
3632 11
3633 11
3634 10
3635 8
3636 10
3637 10
3638 5
3639 11
3640 7
3641 10
3642 10
3643 12
3644 10
3645 8
3646 10
3647 10
3648 11
3649 12
3650 8
3651 10
3652 11
3653 10
3654 10
3655 1
3656 86
3657 43
3658 31
3659 23
3660 21
3661 17
3662 17
3663 14
3664 15
3665 12
3666 14
3667 11
3668 12
3669 12
3670 12
3671 10
3672 12
3673 10
3674 11
3675 10
3676 11
3677 9
3678 11
3679 9
3680 11
3681 10
3682 10
3683 9
3684 11
3685 9
3686 10
3687 9
3688 10
3689 10
3690 10
3691 9
3692 10
3693 10
3694 10
3695 9
3696 11
3697 9
3698 2
3699 9
3700 11
3701 9
3702 10
3703 9
3704 10
3705 9
3706 10
3707 10
3708 10
3709 9
3710 10
3711 9
3712 10
3713 9
3714 10
3715 9
3716 10
3717 9
3718 10
3719 9
3720 10
3721 9
3722 10
3723 9
3724 10
3725 10
3726 11
3727 10
3728 10
3729 9
3730 10
3731 9
3732 11
3733 9
3734 10
3735 9
3736 10
3737 9
3738 10
3739 9
3740 11
3741 1
3742 87
3743 45
3744 29
3745 25
3746 21
3747 16
3748 17
3749 17
3750 12
3751 14
3752 13
3753 11
3754 13
3755 12
3756 10
3757 12
3758 13
3759 9
3760 11
3761 11
3762 10
3763 11
3764 11
3765 8
3766 11
3767 10
3768 9
3769 10
3770 3
3771 8
3772 10
3773 11
3774 8
3775 10
3776 11
3777 8
3778 10
3779 10
3780 9
3781 10
3782 10
3783 8
3784 10
3785 10
3786 8
3787 10
3788 10
3789 9
3790 10
3791 10
3792 8
3793 11
3794 10
3795 8
3796 10
3797 10
3798 8
3799 3
3800 10
3801 9
3802 10
3803 10
3804 8
3805 10
3806 11
3807 9
3808 10
3809 10
3810 9
3811 10
3812 10
3813 10
3814 10
3815 10
3816 10
3817 10
3818 10
3819 8
3820 10
3821 10
3822 8
3823 10
3824 10
3825 9
3826 10
3827 10
3828 1
3829 88
3830 44
3831 32
3832 22
3833 21
3834 17
3835 17
3836 11
3837 15
3838 13
3839 8
3840 10
3841 13
3842 11
3843 12
3844 7
3845 11
3846 11
3847 11
3848 8
3849 11
3850 4
3851 12
3852 6
3853 11
3854 9
3855 11
3856 9
3857 11
3858 9
3859 10
3860 6
3861 5
3862 9
3863 11
3864 8
3865 11
3866 9
3867 10
3868 6
3869 10
3870 9
3871 10
3872 2
3873 10
3874 9
3875 10
3876 6
3877 10
3878 9
3879 10
3880 8
3881 11
3882 9
3883 5
3884 6
3885 10
3886 9
3887 11
3888 8
3889 11
3890 9
3891 10
3892 6
3893 11
3894 4
3895 11
3896 8
3897 11
3898 9
3899 10
3900 7
3901 10
3902 9
3903 11
3904 8
3905 7
3906 9
3907 11
3908 6
3909 10
3910 9
3911 11
3912 8
3913 11
3914 9
3915 11
3916 1
3917 89
3918 46
3919 32
3920 26
3921 22
3922 19
3923 17
3924 17
3925 16
3926 14
3927 14
3928 13
3929 12
3930 12
3931 12
3932 12
3933 13
3934 12
3935 11
3936 12
3937 11
3938 11
3939 11
3940 11
3941 11
3942 11
3943 11
3944 10
3945 10
3946 11
3947 11
3948 11
3949 11
3950 10
3951 10
3952 12
3953 10
3954 10
3955 10
3956 10
3957 10
3958 10
3959 10
3960 11
3961 11
3962 10
3963 10
3964 10
3965 10
3966 10
3967 10
3968 10
3969 11
3970 10
3971 10
3972 10
3973 11
3974 10
3975 11
3976 10
3977 10
3978 10
3979 11
3980 10
3981 11
3982 10
3983 10
3984 11
3985 10
3986 11
3987 10
3988 10
3989 11
3990 10
3991 11
3992 11
3993 10
3994 10
3995 10
3996 11
3997 10
3998 10
3999 10
4000 11
4001 10
4002 10
4003 10
4004 10
4005 1
4006 90
4007 45
4008 30
4009 24
4010 18
4011 15
4012 17
4013 15
4014 10
4015 9
4016 13
4017 9
4018 13
4019 11
4020 6
4021 10
4022 12
4023 5
4024 11
4025 6
4026 9
4027 10
4028 11
4029 7
4030 7
4031 9
4032 6
4033 9
4034 10
4035 3
4036 10
4037 10
4038 8
4039 9
4040 7
4041 4
4042 11
4043 9
4044 9
4045 6
4046 10
4047 8
4048 12
4049 9
4050 2
4051 9
4052 12
4053 8
4054 10
4055 6
4056 9
4057 9
4058 11
4059 4
4060 7
4061 9
4062 8
4063 10
4064 10
4065 3
4066 10
4067 9
4068 6
4069 9
4070 7
4071 7
4072 11
4073 9
4074 9
4075 6
4076 10
4077 5
4078 11
4079 9
4080 5
4081 9
4082 11
4083 8
4084 10
4085 7
4086 6
4087 10
4088 11
4089 7
4090 8
4091 9
4092 9
4093 10
4094 11
4095 1
4096 91
4097 47
4098 33
4099 26
4100 22
4101 19
4102 13
4103 16
4104 15
4105 14
4106 14
4107 13
4108 7
4109 8
4110 12
4111 12
4112 12
4113 11
4114 11
4115 12
4116 7
4117 11
4118 11
4119 11
4120 11
4121 5
4122 11
4123 7
4124 11
4125 10
4126 10
4127 10
4128 11
4129 10
4130 6
4131 11
4132 10
4133 11
4134 5
4135 11
4136 10
4137 6
4138 10
4139 10
4140 10
4141 10
4142 10
4143 10
4144 6
4145 10
4146 10
4147 5
4148 11
4149 10
4150 11
4151 6
4152 10
4153 10
4154 10
4155 10
4156 10
4157 10
4158 7
4159 10
4160 5
4161 11
4162 10
4163 11
4164 11
4165 7
4166 10
4167 10
4168 10
4169 11
4170 10
4171 10
4172 6
4173 5
4174 11
4175 11
4176 11
4177 11
4178 10
4179 7
4180 10
4181 11
4182 10
4183 11
4184 12
4185 10
4186 1
4187 92
4188 46
4189 33
4190 23
4191 22
4192 18
4193 19
4194 13
4195 16
4196 13
4197 14
4198 10
4199 13
4200 11
4201 13
4202 9
4203 12
4204 10
4205 11
4206 8
4207 11
4208 9
4209 4
4210 8
4211 12
4212 9
4213 11
4214 8
4215 11
4216 9
4217 10
4218 9
4219 10
4220 9
4221 11
4222 8
4223 10
4224 9
4225 10
4226 8
4227 11
4228 9
4229 11
4230 8
4231 10
4232 2
4233 10
4234 8
4235 11
4236 9
4237 11
4238 8
4239 10
4240 9
4241 10
4242 8
4243 10
4244 9
4245 10
4246 8
4247 10
4248 9
4249 11
4250 8
4251 10
4252 9
4253 11
4254 8
4255 4
4256 9
4257 11
4258 8
4259 11
4260 9
4261 10
4262 9
4263 11
4264 9
4265 11
4266 8
4267 12
4268 9
4269 11
4270 8
4271 11
4272 9
4273 10
4274 8
4275 10
4276 9
4277 11
4278 1
4279 93
4280 48
4281 31
4282 27
4283 22
4284 17
4285 18
4286 16
4287 13
4288 15
4289 14
4290 11
4291 14
4292 13
4293 10
4294 13
4295 13
4296 9
4297 13
4298 11
4299 9
4300 11
4301 11
4302 10
4303 11
4304 11
4305 9
4306 11
4307 11
4308 8
4309 3
4310 10
4311 9
4312 10
4313 11
4314 8
4315 10
4316 10
4317 8
4318 11
4319 10
4320 8
4321 10
4322 11
4323 8
4324 10
4325 10
4326 8
4327 11
4328 10
4329 8
4330 10
4331 11
4332 8
4333 10
4334 10
4335 8
4336 10
4337 10
4338 9
4339 10
4340 3
4341 8
4342 11
4343 11
4344 8
4345 11
4346 11
4347 8
4348 11
4349 11
4350 8
4351 10
4352 11
4353 8
4354 11
4355 11
4356 8
4357 10
4358 10
4359 10
4360 11
4361 11
4362 8
4363 10
4364 11
4365 8
4366 10
4367 11
4368 8
4369 10
4370 11
4371 1
4372 94
4373 47
4374 34
4375 25
4376 23
4377 18
4378 18
4379 15
4380 16
4381 13
4382 14
4383 12
4384 14
4385 11
4386 12
4387 12
4388 13
4389 11
4390 11
4391 10
4392 11
4393 10
4394 11
4395 10
4396 11
4397 9
4398 11
4399 9
4400 12
4401 10
4402 11
4403 9
4404 10
4405 10
4406 10
4407 9
4408 10
4409 9
4410 10
4411 9
4412 10
4413 9
4414 10
4415 9
4416 10
4417 9
4418 2
4419 9
4420 10
4421 9
4422 10
4423 9
4424 10
4425 9
4426 10
4427 9
4428 10
4429 9
4430 10
4431 9
4432 10
4433 9
4434 11
4435 10
4436 10
4437 9
4438 10
4439 9
4440 11
4441 9
4442 10
4443 9
4444 10
4445 9
4446 10
4447 9
4448 11
4449 9
4450 11
4451 9
4452 10
4453 9
4454 10
4455 9
4456 10
4457 11
4458 11
4459 9
4460 10
4461 9
4462 11
4463 9
4464 11
4465 1
4466 95
4467 49
4468 34
4469 27
4470 19
4471 20
4472 18
4473 18
4474 16
4475 11
4476 14
4477 14
4478 14
4479 13
4480 9
4481 12
4482 12
4483 12
4484 5
4485 8
4486 11
4487 12
4488 11
4489 11
4490 8
4491 12
4492 11
4493 11
4494 10
4495 7
4496 11
4497 11
4498 11
4499 11
4500 7
4501 11
4502 11
4503 4
4504 11
4505 7
4506 10
4507 11
4508 11
4509 11
4510 7
4511 10
4512 11
4513 11
4514 10
4515 7
4516 11
4517 11
4518 11
4519 10
4520 7
4521 10
4522 4
4523 11
4524 11
4525 7
4526 11
4527 11
4528 11
4529 11
4530 7
4531 10
4532 11
4533 11
4534 11
4535 7
4536 11
4537 11
4538 11
4539 10
4540 7
4541 5
4542 11
4543 11
4544 11
4545 7
4546 10
4547 11
4548 11
4549 11
4550 9
4551 11
4552 11
4553 11
4554 11
4555 7
4556 11
4557 11
4558 11
4559 11
4560 1
4561 96
4562 48
4563 32
4564 24
4565 23
4566 16
4567 18
4568 12
4569 13
4570 13
4571 14
4572 8
4573 13
4574 11
4575 10
4576 6
4577 12
4578 8
4579 13
4580 9
4581 9
4582 10
4583 11
4584 4
4585 11
4586 10
4587 9
4588 8
4589 12
4590 7
4591 11
4592 3
4593 8
4594 9
4595 10
4596 5
4597 10
4598 9
4599 8
4600 6
4601 10
4602 7
4603 12
4604 7
4605 9
4606 9
4607 10
4608 2
4609 10
4610 9
4611 9
4612 7
4613 12
4614 7
4615 10
4616 6
4617 8
4618 9
4619 10
4620 5
4621 10
4622 9
4623 8
4624 3
4625 10
4626 7
4627 12
4628 8
4629 9
4630 10
4631 10
4632 4
4633 10
4634 10
4635 9
4636 9
4637 12
4638 8
4639 10
4640 5
4641 8
4642 9
4643 10
4644 7
4645 10
4646 9
4647 8
4648 7
4649 11
4650 7
4651 12
4652 8
4653 9
4654 10
4655 10
4656 1
4657 97
4658 50
4659 35
4660 28
4661 23
4662 20
4663 18
4664 18
4665 16
4666 15
4667 15
4668 14
4669 13
4670 13
4671 13
4672 13
4673 12
4674 12
4675 11
4676 11
4677 11
4678 11
4679 12
4680 11
4681 11
4682 11
4683 11
4684 11
4685 11
4686 11
4687 10
4688 11
4689 11
4690 11
4691 11
4692 11
4693 11
4694 11
4695 12
4696 11
4697 11
4698 11
4699 10
4700 11
4701 11
4702 11
4703 10
4704 10
4705 10
4706 10
4707 11
4708 11
4709 11
4710 10
4711 11
4712 11
4713 11
4714 11
4715 11
4716 11
4717 11
4718 11
4719 11
4720 10
4721 11
4722 10
4723 11
4724 11
4725 11
4726 10
4727 11
4728 10
4729 11
4730 11
4731 11
4732 11
4733 11
4734 11
4735 10
4736 11
4737 11
4738 11
4739 11
4740 11
4741 11
4742 11
4743 11
4744 10
4745 11
4746 11
4747 11
4748 11
4749 11
4750 10
4751 11
4752 11
4753 1
4754 98
4755 49
4756 35
4757 26
4758 23
4759 19
4760 14
4761 16
4762 17
4763 14
4764 14
4765 12
4766 13
4767 7
4768 13
4769 12
4770 13
4771 11
4772 12
4773 10
4774 7
4775 10
4776 12
4777 10
4778 11
4779 10
4780 11
4781 5
4782 10
4783 9
4784 12
4785 10
4786 11
4787 10
4788 7
4789 9
4790 10
4791 9
4792 10
4793 10
4794 11
4795 5
4796 10
4797 9
4798 10
4799 9
4800 10
4801 9
4802 2
4803 9
4804 10
4805 9
4806 10
4807 9
4808 10
4809 5
4810 11
4811 10
4812 10
4813 9
4814 10
4815 9
4816 7
4817 10
4818 11
4819 10
4820 11
4821 9
4822 10
4823 5
4824 10
4825 9
4826 10
4827 9
4828 10
4829 9
4830 7
4831 9
4832 10
4833 9
4834 10
4835 9
4836 10
4837 5
4838 10
4839 10
4840 10
4841 10
4842 10
4843 9
4844 7
4845 9
4846 10
4847 9
4848 11
4849 9
4850 11
4851 1
4852 99
4853 51
4854 33
4855 28
4856 24
4857 18
4858 20
4859 17
4860 11
4861 15
4862 9
4863 12
4864 13
4865 13
4866 10
4867 12
4868 12
4869 7
4870 13
4871 12
4872 9
4873 6
4874 12
4875 10
4876 11
4877 11
4878 6
4879 11
4880 11
4881 9
4882 12
4883 12
4884 3
4885 11
4886 11
4887 6
4888 11
4889 10
4890 8
4891 10
4892 11
4893 8
4894 12
4895 6
4896 6
4897 11
4898 10
4899 9
4900 11
4901 11
4902 9
4903 10
4904 11
4905 6
4906 6
4907 11
4908 8
4909 11
4910 10
4911 8
4912 10
4913 11
4914 6
4915 11
4916 11
4917 3
4918 11
4919 11
4920 9
4921 11
4922 11
4923 6
4924 10
4925 11
4926 10
4927 10
4928 6
4929 8
4930 10
4931 11
4932 7
4933 11
4934 11
4935 8
4936 10
4937 10
4938 9
4939 7
4940 11
4941 6
4942 11
4943 12
4944 9
4945 11
4946 11
4947 9
4948 11
4949 11
4950 1
4951 100
4952 50
4953 36
4954 25
4955 20
4956 19
4957 19
4958 14
4959 16
4960 10
4961 15
4962 11
4963 14
4964 13
4965 9
4966 10
4967 13
4968 11
4969 13
4970 5
4971 12
4972 10
4973 11
4974 8
4975 4
4976 9
4977 11
4978 8
4979 12
4980 6
4981 11
4982 9
4983 11
4984 10
4985 7
4986 8
4987 11
4988 9
4989 11
4990 4
4991 11
4992 9
4993 11
4994 8
4995 8
4996 9
4997 11
4998 8
4999 11
5000 2
5001 11
5002 8
5003 11
5004 9
5005 8
5006 8
5007 11
5008 9
5009 11
5010 4
5011 11
5012 9
5013 11
5014 8
5015 7
5016 9
5017 11
5018 9
5019 11
5020 6
5021 11
5022 8
5023 11
5024 9
5025 4
5026 8
5027 11
5028 9
5029 12
5030 5
5031 11
5032 9
5033 11
5034 8
5035 7
5036 9
5037 11
5038 8
5039 12
5040 6
5041 11
5042 8
5043 11
5044 9
5045 9
5046 8
5047 11
5048 10
5049 11
5050 1
5051 101
5052 52
5053 36
5054 29
5055 24
5056 21
5057 19
5058 17
5059 17
5060 15
5061 14
5062 14
5063 14
5064 13
5065 13
5066 13
5067 13
5068 12
5069 12
5070 12
5071 13
5072 12
5073 12
5074 13
5075 11
5076 11
5077 11
5078 11
5079 11
5080 11
5081 11
5082 10
5083 11
5084 11
5085 10
5086 12
5087 11
5088 11
5089 11
5090 10
5091 10
5092 10
5093 11
5094 10
5095 11
5096 10
5097 11
5098 10
5099 12
5100 10
5101 10
5102 12
5103 10
5104 11
5105 10
5106 11
5107 10
5108 11
5109 10
5110 10
5111 10
5112 10
5113 11
5114 11
5115 12
5116 10
5117 11
5118 11
5119 10
5120 11
5121 11
5122 10
5123 10
5124 10
5125 10
5126 11
5127 11
5128 11
5129 12
5130 11
5131 12
5132 11
5133 10
5134 11
5135 11
5136 10
5137 12
5138 12
5139 10
5140 10
5141 11
5142 11
5143 10
5144 10
5145 11
5146 12
5147 11
5148 10
5149 11
5150 11
5151 1
5152 102
5153 51
5154 34
5155 27
5156 24
5157 17
5158 19
5159 16
5160 14
5161 14
5162 15
5163 10
5164 13
5165 12
5166 11
5167 11
5168 6
5169 8
5170 12
5171 10
5172 9
5173 10
5174 12
5175 8
5176 13
5177 10
5178 9
5179 10
5180 11
5181 7
5182 11
5183 9
5184 9
5185 3
5186 11
5187 7
5188 11
5189 9
5190 8
5191 10
5192 11
5193 7
5194 10
5195 10
5196 8
5197 10
5198 10
5199 8
5200 12
5201 9
5202 2
5203 9
5204 11
5205 8
5206 10
5207 10
5208 8
5209 10
5210 10
5211 7
5212 11
5213 10
5214 8
5215 9
5216 11
5217 7
5218 10
5219 3
5220 9
5221 9
5222 11
5223 7
5224 11
5225 10
5226 8
5227 9
5228 12
5229 8
5230 11
5231 10
5232 9
5233 10
5234 11
5235 7
5236 5
5237 9
5238 9
5239 10
5240 10
5241 8
5242 11
5243 10
5244 9
5245 9
5246 11
5247 8
5248 11
5249 10
5250 9
5251 9
5252 11
5253 1
5254 103
5255 53
5256 37
5257 29
5258 24
5259 21
5260 19
5261 19
5262 17
5263 16
5264 15
5265 14
5266 14
5267 13
5268 13
5269 13
5270 13
5271 12
5272 12
5273 12
5274 11
5275 11
5276 12
5277 11
5278 13
5279 11
5280 11
5281 11
5282 12
5283 11
5284 11
5285 12
5286 11
5287 10
5288 11
5289 11
5290 10
5291 11
5292 11
5293 11
5294 11
5295 11
5296 12
5297 10
5298 11
5299 10
5300 10
5301 10
5302 10
5303 10
5304 11
5305 11
5306 10
5307 10
5308 10
5309 10
5310 10
5311 10
5312 10
5313 11
5314 10
5315 11
5316 11
5317 11
5318 11
5319 10
5320 10
5321 11
5322 10
5323 10
5324 10
5325 11
5326 11
5327 11
5328 11
5329 10
5330 11
5331 11
5332 11
5333 11
5334 11
5335 10
5336 11
5337 10
5338 11
5339 11
5340 11
5341 10
5342 11
5343 11
5344 10
5345 11
5346 11
5347 11
5348 11
5349 10
5350 11
5351 11
5352 11
5353 11
5354 11
5355 11
5356 1
5357 104
5358 52
5359 37
5360 26
5361 25
5362 20
5363 19
5364 13
5365 17
5366 14
5367 15
5368 11
5369 8
5370 12
5371 13
5372 8
5373 14
5374 11
5375 12
5376 9
5377 12
5378 10
5379 12
5380 7
5381 13
5382 4
5383 11
5384 8
5385 11
5386 10
5387 12
5388 7
5389 11
5390 10
5391 10
5392 9
5393 11
5394 9
5395 5
5396 6
5397 11
5398 9
5399 10
5400 8
5401 11
5402 10
5403 11
5404 6
5405 10
5406 11
5407 10
5408 2
5409 10
5410 11
5411 10
5412 6
5413 11
5414 10
5415 11
5416 8
5417 10
5418 9
5419 11
5420 6
5421 5
5422 9
5423 11
5424 9
5425 10
5426 10
5427 11
5428 7
5429 11
5430 9
5431 10
5432 8
5433 10
5434 4
5435 10
5436 7
5437 10
5438 9
5439 11
5440 8
5441 11
5442 10
5443 10
5444 6
5445 11
5446 10
5447 7
5448 8
5449 11
5450 9
5451 10
5452 7
5453 11
5454 11
5455 11
5456 8
5457 10
5458 10
5459 11
5460 1
5461 105
5462 54
5463 35
5464 30
5465 21
5466 19
5467 15
5468 19
5469 14
5470 12
5471 15
5472 12
5473 14
5474 9
5475 7
5476 13
5477 12
5478 10
5479 12
5480 9
5481 5
5482 12
5483 12
5484 9
5485 8
5486 11
5487 10
5488 7
5489 11
5490 5
5491 11
5492 11
5493 8
5494 11
5495 3
5496 9
5497 12
5498 12
5499 9
5500 7
5501 11
5502 4
5503 12
5504 10
5505 5
5506 10
5507 12
5508 8
5509 8
5510 7
5511 9
5512 11
5513 11
5514 9
5515 7
5516 8
5517 8
5518 12
5519 10
5520 5
5521 10
5522 12
5523 4
5524 11
5525 7
5526 9
5527 12
5528 11
5529 9
5530 3
5531 11
5532 8
5533 11
5534 11
5535 5
5536 11
5537 7
5538 8
5539 11
5540 8
5541 9
5542 11
5543 11
5544 5
5545 9
5546 11
5547 9
5548 12
5549 10
5550 5
5551 8
5552 11
5553 8
5554 10
5555 7
5556 10
5557 11
5558 7
5559 9
5560 8
5561 11
5562 8
5563 11
5564 10
5565 1
5566 106
5567 53
5568 38
5569 28
5570 25
5571 20
5572 21
5573 17
5574 17
5575 14
5576 15
5577 13
5578 15
5579 12
5580 13
5581 11
5582 14
5583 12
5584 12
5585 11
5586 12
5587 11
5588 12
5589 10
5590 11
5591 10
5592 13
5593 10
5594 11
5595 10
5596 11
5597 10
5598 11
5599 11
5600 11
5601 10
5602 10
5603 9
5604 11
5605 9
5606 11
5607 9
5608 11
5609 9
5610 11
5611 10
5612 10
5613 11
5614 11
5615 11
5616 11
5617 9
5618 2
5619 9
5620 11
5621 11
5622 11
5623 11
5624 10
5625 9
5626 11
5627 9
5628 10
5629 9
5630 11
5631 9
5632 11
5633 9
5634 10
5635 10
5636 11
5637 11
5638 11
5639 10
5640 11
5641 10
5642 11
5643 9
5644 11
5645 10
5646 11
5647 9
5648 12
5649 10
5650 11
5651 11
5652 12
5653 10
5654 11
5655 9
5656 11
5657 10
5658 10
5659 10
5660 11
5661 9
5662 11
5663 11
5664 11
5665 9
5666 11
5667 9
5668 11
5669 10
5670 11
5671 1
5672 107
5673 55
5674 38
5675 30
5676 25
5677 22
5678 20
5679 18
5680 18
5681 16
5682 15
5683 15
5684 15
5685 14
5686 14
5687 13
5688 13
5689 13
5690 12
5691 12
5692 12
5693 12
5694 12
5695 11
5696 12
5697 11
5698 11
5699 12
5700 12
5701 11
5702 11
5703 11
5704 11
5705 11
5706 11
5707 11
5708 11
5709 11
5710 11
5711 11
5712 11
5713 11
5714 11
5715 11
5716 11
5717 11
5718 11
5719 11
5720 11
5721 11
5722 11
5723 11
5724 11
5725 11
5726 11
5727 11
5728 11
5729 11
5730 11
5731 11
5732 11
5733 11
5734 11
5735 11
5736 11
5737 11
5738 11
5739 11
5740 11
5741 11
5742 11
5743 11
5744 11
5745 11
5746 11
5747 11
5748 11
5749 11
5750 11
5751 11
5752 11
5753 11
5754 11
5755 11
5756 11
5757 11
5758 11
5759 11
5760 11
5761 11
5762 11
5763 11
5764 11
5765 11
5766 11
5767 11
5768 11
5769 11
5770 11
5771 11
5772 11
5773 11
5774 11
5775 11
5776 11
5777 11
5778 1
5779 108
5780 54
5781 36
5782 27
5783 25
5784 18
5785 20
5786 15
5787 12
5788 15
5789 16
5790 9
5791 15
5792 12
5793 11
5794 10
5795 13
5796 6
5797 12
5798 9
5799 11
5800 10
5801 12
5802 6
5803 13
5804 11
5805 4
5806 8
5807 11
5808 7
5809 11
5810 8
5811 9
5812 9
5813 11
5814 3
5815 11
5816 9
5817 9
5818 8
5819 11
5820 7
5821 11
5822 8
5823 6
5824 9
5825 11
5826 6
5827 11
5828 11
5829 10
5830 8
5831 11
5832 2
5833 11
5834 8
5835 10
5836 10
5837 11
5838 6
5839 11
5840 9
5841 6
5842 8
5843 11
5844 7
5845 11
5846 8
5847 9
5848 9
5849 11
5850 3
5851 11
5852 9
5853 9
5854 8
5855 11
5856 7
5857 11
5858 8
5859 4
5860 9
5861 11
5862 6
5863 11
5864 9
5865 10
5866 8
5867 11
5868 5
5869 11
5870 8
5871 10
5872 10
5873 11
5874 7
5875 11
5876 9
5877 7
5878 10
5879 11
5880 8
5881 11
5882 8
5883 9
5884 10
5885 11
5886 1
5887 109
5888 56
5889 39
5890 31
5891 26
5892 22
5893 20
5894 18
5895 17
5896 16
5897 15
5898 15
5899 14
5900 14
5901 13
5902 14
5903 13
5904 12
5905 12
5906 13
5907 12
5908 12
5909 12
5910 11
5911 11
5912 11
5913 11
5914 13
5915 12
5916 11
5917 11
5918 11
5919 11
5920 11
5921 11
5922 11
5923 11
5924 11
5925 11
5926 10
5927 11
5928 11
5929 11
5930 11
5931 11
5932 11
5933 12
5934 11
5935 11
5936 10
5937 11
5938 10
5939 10
5940 11
5941 11
5942 10
5943 10
5944 10
5945 10
5946 11
5947 11
5948 11
5949 11
5950 11
5951 10
5952 11
5953 11
5954 11
5955 10
5956 10
5957 11
5958 11
5959 11
5960 11
5961 11
5962 11
5963 11
5964 11
5965 11
5966 11
5967 11
5968 11
5969 11
5970 11
5971 10
5972 11
5973 11
5974 11
5975 11
5976 11
5977 11
5978 11
5979 11
5980 11
5981 11
5982 10
5983 11
5984 11
5985 11
5986 11
5987 11
5988 11
5989 11
5990 11
5991 11
5992 11
5993 11
5994 11
5995 1
5996 110
5997 55
5998 39
5999 29
6000 22
6001 21
6002 20
6003 17
6004 18
6005 11
6006 10
6007 13
6008 14
6009 12
6010 10
6011 13
6012 14
6013 11
6014 12
6015 7
6016 12
6017 5
6018 12
6019 10
6020 8
6021 11
6022 11
6023 10
6024 12
6025 6
6026 11
6027 10
6028 6
6029 11
6030 9
6031 9
6032 11
6033 11
6034 12
6035 6
6036 10
6037 9
6038 11
6039 4
6040 8
6041 10
6042 11
6043 9
6044 12
6045 6
6046 10
6047 9
6048 11
6049 9
6050 2
6051 9
6052 11
6053 9
6054 10
6055 6
6056 12
6057 9
6058 11
6059 10
6060 8
6061 4
6062 11
6063 9
6064 10
6065 6
6066 11
6067 10
6068 11
6069 9
6070 8
6071 9
6072 6
6073 9
6074 11
6075 6
6076 10
6077 9
6078 11
6079 10
6080 8
6081 9
6082 11
6083 5
6084 10
6085 7
6086 11
6087 9
6088 11
6089 9
6090 8
6091 9
6092 11
6093 9
6094 6
6095 6
6096 11
6097 10
6098 11
6099 10
6100 8
6101 10
6102 11
6103 10
6104 11
6105 1
6106 111
6107 57
6108 37
6109 31
6110 26
6111 20
6112 20
6113 20
6114 15
6115 16
6116 16
6117 13
6118 14
6119 14
6120 11
6121 13
6122 14
6123 10
6124 12
6125 13
6126 10
6127 12
6128 13
6129 9
6130 12
6131 11
6132 9
6133 11
6134 13
6135 9
6136 11
6137 12
6138 9
6139 11
6140 11
6141 9
6142 3
6143 11
6144 8
6145 11
6146 11
6147 9
6148 11
6149 11
6150 9
6151 11
6152 11
6153 9
6154 12
6155 10
6156 8
6157 10
6158 11
6159 8
6160 10
6161 10
6162 8
6163 11
6164 10
6165 8
6166 10
6167 11
6168 9
6169 11
6170 11
6171 8
6172 11
6173 11
6174 9
6175 11
6176 11
6177 8
6178 11
6179 3
6180 9
6181 10
6182 11
6183 9
6184 10
6185 11
6186 9
6187 11
6188 11
6189 9
6190 11
6191 11
6192 8
6193 10
6194 11
6195 9
6196 11
6197 11
6198 10
6199 10
6200 11
6201 8
6202 11
6203 10
6204 9
6205 11
6206 11
6207 9
6208 11
6209 11
6210 9
6211 11
6212 11
6213 9
6214 11
6215 11
6216 1
6217 112
6218 56
6219 40
6220 28
6221 26
6222 21
6223 16
6224 14
6225 18
6226 15
6227 15
6228 12
6229 14
6230 8
6231 14
6232 7
6233 13
6234 12
6235 14
6236 9
6237 8
6238 11
6239 12
6240 7
6241 12
6242 11
6243 13
6244 4
6245 12
6246 10
6247 11
6248 5
6249 11
6250 10
6251 7
6252 8
6253 11
6254 9
6255 11
6256 7
6257 11
6258 5
6259 11
6260 8
6261 11
6262 10
6263 11
6264 5
6265 7
6266 9
6267 11
6268 9
6269 11
6270 9
6271 11
6272 2
6273 11
6274 9
6275 12
6276 8
6277 11
6278 9
6279 7
6280 5
6281 11
6282 10
6283 11
6284 8
6285 11
6286 5
6287 11
6288 7
6289 11
6290 9
6291 11
6292 8
6293 7
6294 10
6295 11
6296 5
6297 11
6298 10
6299 12
6300 4
6301 12
6302 11
6303 11
6304 7
6305 11
6306 10
6307 8
6308 9
6309 11
6310 9
6311 11
6312 5
6313 11
6314 7
6315 11
6316 10
6317 11
6318 10
6319 11
6320 7
6321 7
6322 9
6323 11
6324 8
6325 12
6326 9
6327 11
6328 1
6329 113
6330 58
6331 40
6332 32
6333 26
6334 23
6335 22
6336 20
6337 18
6338 17
6339 16
6340 15
6341 15
6342 14
6343 14
6344 14
6345 13
6346 13
6347 12
6348 12
6349 12
6350 12
6351 12
6352 12
6353 12
6354 11
6355 11
6356 12
6357 11
6358 11
6359 12
6360 12
6361 11
6362 11
6363 12
6364 13
6365 11
6366 11
6367 11
6368 11
6369 11
6370 11
6371 11
6372 11
6373 11
6374 11
6375 11
6376 11
6377 11
6378 11
6379 11
6380 11
6381 12
6382 11
6383 11
6384 11
6385 11
6386 11
6387 11
6388 12
6389 11
6390 11
6391 11
6392 11
6393 11
6394 11
6395 11
6396 11
6397 11
6398 11
6399 11
6400 11
6401 11
6402 11
6403 11
6404 11
6405 11
6406 11
6407 11
6408 11
6409 12
6410 11
6411 11
6412 11
6413 11
6414 11
6415 11
6416 11
6417 11
6418 11
6419 11
6420 11
6421 11
6422 11
6423 11
6424 11
6425 11
6426 11
6427 12
6428 11
6429 11
6430 11
6431 11
6432 11
6433 11
6434 11
6435 11
6436 11
6437 11
6438 11
6439 11
6440 11
6441 1
6442 114
6443 57
6444 38
6445 30
6446 27
6447 19
6448 21
6449 18
6450 15
6451 15
6452 16
6453 11
6454 15
6455 14
6456 11
6457 13
6458 13
6459 9
6460 6
6461 11
6462 10
6463 10
6464 12
6465 8
6466 12
6467 10
6468 10
6469 10
6470 11
6471 8
6472 11
6473 10
6474 9
6475 10
6476 11
6477 7
6478 11
6479 3
6480 9
6481 9
6482 11
6483 7
6484 11
6485 10
6486 9
6487 10
6488 11
6489 7
6490 12
6491 10
6492 10
6493 9
6494 10
6495 7
6496 10
6497 10
6498 2
6499 10
6500 10
6501 7
6502 10
6503 9
6504 10
6505 10
6506 11
6507 7
6508 11
6509 9
6510 9
6511 10
6512 10
6513 7
6514 11
6515 9
6516 9
6517 3
6518 11
6519 7
6520 11
6521 10
6522 9
6523 10
6524 11
6525 7
6526 10
6527 10
6528 10
6529 9
6530 12
6531 7
6532 11
6533 9
6534 9
6535 10
6536 5
6537 7
6538 11
6539 10
6540 9
6541 10
6542 11
6543 9
6544 11
6545 9
6546 9
6547 10
6548 11
6549 7
6550 11
6551 10
6552 9
6553 10
6554 12
6555 1
6556 115
6557 59
6558 41
6559 32
6560 23
6561 23
6562 21
6563 19
6564 18
6565 13
6566 16
6567 15
6568 14
6569 14
6570 10
6571 13
6572 14
6573 13
6574 14
6575 9
6576 12
6577 12
6578 5
6579 12
6580 8
6581 12
6582 12
6583 11
6584 12
6585 8
6586 11
6587 11
6588 12
6589 11
6590 8
6591 12
6592 11
6593 11
6594 11
6595 9
6596 11
6597 11
6598 11
6599 11
6600 8
6601 4
6602 11
6603 11
6604 10
6605 8
6606 11
6607 11
6608 11
6609 10
6610 8
6611 10
6612 11
6613 11
6614 10
6615 8
6616 10
6617 11
6618 11
6619 11
6620 8
6621 10
6622 11
6623 11
6624 4
6625 8
6626 11
6627 11
6628 11
6629 11
6630 8
6631 10
6632 11
6633 11
6634 10
6635 8
6636 11
6637 11
6638 11
6639 10
6640 8
6641 11
6642 11
6643 11
6644 11
6645 8
6646 11
6647 5
6648 11
6649 10
6650 9
6651 12
6652 11
6653 11
6654 12
6655 8
6656 11
6657 11
6658 11
6659 11
6660 8
6661 11
6662 11
6663 11
6664 11
6665 8
6666 11
6667 11
6668 11
6669 11
6670 1
6671 116
6672 58
6673 41
6674 29
6675 27
6676 22
6677 21
6678 16
6679 19
6680 15
6681 16
6682 12
6683 15
6684 13
6685 14
6686 11
6687 13
6688 12
6689 12
6690 10
6691 12
6692 11
6693 12
6694 9
6695 12
6696 10
6697 12
6698 10
6699 4
6700 10
6701 11
6702 8
6703 11
6704 10
6705 11
6706 9
6707 11
6708 11
6709 11
6710 8
6711 11
6712 10
6713 11
6714 8
6715 11
6716 10
6717 11
6718 8
6719 11
6720 11
6721 11
6722 9
6723 11
6724 11
6725 11
6726 8
6727 11
6728 2
6729 11
6730 8
6731 11
6732 10
6733 11
6734 9
6735 11
6736 10
6737 11
6738 8
6739 11
6740 10
6741 11
6742 8
6743 11
6744 10
6745 11
6746 8
6747 11
6748 11
6749 11
6750 9
6751 11
6752 10
6753 11
6754 8
6755 11
6756 10
6757 4
6758 9
6759 11
6760 10
6761 11
6762 9
6763 11
6764 11
6765 11
6766 10
6767 11
6768 10
6769 11
6770 10
6771 11
6772 10
6773 11
6774 8
6775 11
6776 10
6777 11
6778 8
6779 11
6780 10
6781 11
6782 9
6783 11
6784 10
6785 11
6786 1
6787 117
6788 60
6789 39
6790 33
6791 27
6792 21
6793 21
6794 19
6795 13
6796 17
6797 16
6798 13
6799 9
6800 14
6801 12
6802 14
6803 14
6804 8
6805 13
6806 12
6807 10
6808 13
6809 12
6810 11
6811 13
6812 6
6813 7
6814 11
6815 12
6816 9
6817 11
6818 11
6819 9
6820 11
6821 11
6822 7
6823 11
6824 11
6825 3
6826 11
6827 11
6828 9
6829 11
6830 11
6831 6
6832 11
6833 11
6834 9
6835 11
6836 11
6837 9
6838 6
6839 12
6840 6
6841 11
6842 11
6843 10
6844 11
6845 11
6846 9
6847 11
6848 11
6849 6
6850 12
6851 6
6852 9
6853 11
6854 11
6855 9
6856 11
6857 11
6858 6
6859 11
6860 11
6861 9
6862 11
6863 11
6864 3
6865 11
6866 11
6867 7
6868 11
6869 11
6870 9
6871 11
6872 11
6873 9
6874 11
6875 11
6876 7
6877 6
6878 11
6879 9
6880 11
6881 11
6882 10
6883 11
6884 11
6885 6
6886 11
6887 12
6888 9
6889 11
6890 7
6891 9
6892 11
6893 11
6894 7
6895 11
6896 11
6897 9
6898 11
6899 11
6900 9
6901 11
6902 11
6903 1
6904 118
6905 59
6906 42
6907 31
6908 27
6909 22
6910 21
6911 18
6912 18
6913 16
6914 16
6915 14
6916 15
6917 13
6918 14
6919 12
6920 14
6921 12
6922 14
6923 11
6924 12
6925 11
6926 12
6927 11
6928 12
6929 10
6930 12
6931 10
6932 11
6933 10
6934 11
6935 10
6936 11
6937 11
6938 12
6939 10
6940 11
6941 9
6942 11
6943 10
6944 13
6945 11
6946 11
6947 9
6948 11
6949 10
6950 11
6951 9
6952 12
6953 9
6954 11
6955 9
6956 11
6957 9
6958 11
6959 9
6960 11
6961 10
6962 2
6963 10
6964 11
6965 9
6966 11
6967 9
6968 11
6969 9
6970 11
6971 9
6972 11
6973 9
6974 11
6975 10
6976 11
6977 9
6978 11
6979 10
6980 12
6981 9
6982 11
6983 9
6984 11
6985 10
6986 11
6987 9
6988 11
6989 9
6990 11
6991 9
6992 11
6993 10
6994 11
6995 9
6996 11
6997 9
6998 11
6999 10
7000 11
7001 10
7002 11
7003 9
7004 11
7005 9
7006 11
7007 9
7008 11
7009 11
7010 11
7011 10
7012 11
7013 9
7014 11
7015 9
7016 11
7017 10
7018 11
7019 10
7020 11
7021 1
7022 119
7023 61
7024 42
7025 33
7026 28
7027 24
7028 17
7029 21
7030 19
7031 17
7032 17
7033 16
7034 16
7035 10
7036 14
7037 14
7038 7
7039 13
7040 14
7041 13
7042 8
7043 12
7044 12
7045 12
7046 12
7047 12
7048 12
7049 8
7050 11
7051 12
7052 11
7053 12
7054 11
7055 5
7056 7
7057 11
7058 11
7059 11
7060 11
7061 11
7062 11
7063 7
7064 11
7065 11
7066 12
7067 11
7068 11
7069 11
7070 7
7071 11
7072 5
7073 11
7074 11
7075 11
7076 12
7077 8
7078 11
7079 11
7080 11
7081 11
7082 11
7083 11
7084 8
7085 12
7086 11
7087 11
7088 11
7089 5
7090 11
7091 7
7092 11
7093 11
7094 11
7095 11
7096 11
7097 11
7098 7
7099 11
7100 11
7101 11
7102 11
7103 11
7104 11
7105 7
7106 5
7107 11
7108 11
7109 11
7110 11
7111 11
7112 8
7113 11
7114 11
7115 11
7116 11
7117 11
7118 11
7119 7
7120 11
7121 11
7122 11
7123 5
7124 11
7125 11
7126 8
7127 11
7128 12
7129 11
7130 11
7131 12
7132 11
7133 8
7134 11
7135 11
7136 12
7137 11
7138 11
7139 11
7140 1
7141 120
7142 60
7143 40
7144 30
7145 24
7146 20
7147 23
7148 15
7149 16
7150 12
7151 16
7152 10
7153 16
7154 13
7155 8
7156 9
7157 14
7158 9
7159 13
7160 6
7161 10
7162 11
7163 13
7164 5
7165 9
7166 10
7167 10
7168 9
7169 12
7170 4
7171 12
7172 7
7173 9
7174 11
7175 8
7176 6
7177 11
7178 10
7179 9
7180 3
7181 11
7182 7
7183 11
7184 8
7185 5
7186 10
7187 11
7188 4
7189 11
7190 6
7191 9
7192 9
7193 11
7194 8
7195 7
7196 8
7197 8
7198 9
7199 10
7200 2
7201 10
7202 9
7203 8
7204 8
7205 7
7206 8
7207 11
7208 9
7209 9
7210 6
7211 11
7212 4
7213 11
7214 10
7215 5
7216 8
7217 11
7218 7
7219 11
7220 3
7221 9
7222 9
7223 11
7224 6
7225 8
7226 11
7227 8
7228 7
7229 11
7230 4
7231 11
7232 9
7233 9
7234 10
7235 9
7236 5
7237 11
7238 10
7239 9
7240 5
7241 11
7242 7
7243 11
7244 8
7245 7
7246 11
7247 11
7248 6
7249 11
7250 7
7251 9
7252 7
7253 11
7254 9
7255 8
7256 9
7257 9
7258 10
7259 11
7260 1
7261 121
7262 62
7263 43
7264 34
7265 28
7266 24
7267 22
7268 21
7269 19
7270 17
7271 11
7272 16
7273 16
7274 15
7275 14
7276 14
7277 15
7278 13
7279 13
7280 13
7281 13
7282 7
7283 13
7284 12
7285 12
7286 13
7287 12
7288 12
7289 12
7290 11
7291 11
7292 12
7293 6
7294 11
7295 11
7296 11
7297 11
7298 11
7299 11
7300 11
7301 11
7302 11
7303 12
7304 6
7305 11
7306 11
7307 11
7308 11
7309 11
7310 11
7311 11
7312 12
7313 11
7314 11
7315 6
7316 11
7317 11
7318 11
7319 11
7320 11
7321 11
7322 11
7323 11
7324 11
7325 11
7326 6
7327 11
7328 11
7329 11
7330 11
7331 11
7332 11
7333 11
7334 11
7335 11
7336 11
7337 6
7338 11
7339 11
7340 11
7341 11
7342 11
7343 11
7344 11
7345 11
7346 11
7347 11
7348 6
7349 11
7350 11
7351 11
7352 11
7353 11
7354 11
7355 11
7356 11
7357 11
7358 11
7359 7
7360 11
7361 11
7362 11
7363 11
7364 11
7365 11
7366 11
7367 11
7368 11
7369 11
7370 6
7371 11
7372 11
7373 11
7374 11
7375 11
7376 11
7377 11
7378 11
7379 11
7380 11
7381 1
7382 122
7383 61
7384 43
7385 32
7386 28
7387 23
7388 22
7389 19
7390 19
7391 16
7392 17
7393 14
7394 15
7395 13
7396 15
7397 12
7398 13
7399 12
7400 13
7401 11
7402 14
7403 11
7404 13
7405 11
7406 12
7407 11
7408 12
7409 10
7410 12
7411 10
7412 11
7413 11
7414 12
7415 10
7416 12
7417 10
7418 12
7419 11
7420 11
7421 10
7422 11
7423 9
7424 12
7425 10
7426 11
7427 10
7428 11
7429 9
7430 11
7431 10
7432 11
7433 9
7434 12
7435 10
7436 12
7437 9
7438 11
7439 9
7440 11
7441 9
7442 2
7443 9
7444 11
7445 9
7446 11
7447 9
7448 12
7449 10
7450 12
7451 9
7452 11
7453 10
7454 11
7455 9
7456 11
7457 9
7458 11
7459 10
7460 12
7461 9
7462 11
7463 10
7464 11
7465 10
7466 11
7467 9
7468 11
7469 9
7470 11
7471 10
7472 11
7473 10
7474 11
7475 10
7476 11
7477 10
7478 11
7479 11
7480 12
7481 9
7482 11
7483 10
7484 11
7485 10
7486 12
7487 9
7488 11
7489 9
7490 11
7491 10
7492 11
7493 10
7494 11
7495 10
7496 11
7497 10
7498 11
7499 9
7500 11
7501 10
7502 11
7503 1
7504 123
7505 63
7506 41
7507 34
7508 28
7509 22
7510 22
7511 20
7512 16
7513 18
7514 16
7515 14
7516 15
7517 15
7518 12
7519 14
7520 15
7521 11
7522 13
7523 13
7524 10
7525 13
7526 12
7527 11
7528 12
7529 12
7530 10
7531 12
7532 13
7533 9
7534 11
7535 11
7536 9
7537 11
7538 12
7539 9
7540 11
7541 11
7542 10
7543 11
7544 3
7545 9
7546 11
7547 11
7548 9
7549 11
7550 11
7551 9
7552 11
7553 11
7554 9
7555 11
7556 12
7557 9
7558 11
7559 11
7560 9
7561 11
7562 11
7563 9
7564 11
7565 11
7566 9
7567 11
7568 11
7569 9
7570 11
7571 11
7572 9
7573 11
7574 11
7575 9
7576 11
7577 11
7578 9
7579 11
7580 11
7581 9
7582 11
7583 11
7584 9
7585 3
7586 11
7587 9
7588 11
7589 11
7590 9
7591 11
7592 11
7593 9
7594 11
7595 11
7596 9
7597 11
7598 12
7599 9
7600 11
7601 11
7602 9
7603 11
7604 11
7605 9
7606 11
7607 11
7608 9
7609 11
7610 11
7611 11
7612 11
7613 11
7614 9
7615 12
7616 11
7617 9
7618 11
7619 11
7620 9
7621 11
7622 11
7623 9
7624 11
7625 11
7626 1
7627 124
7628 62
7629 44
7630 31
7631 29
7632 23
7633 22
7634 17
7635 19
7636 16
7637 17
7638 13
7639 15
7640 13
7641 14
7642 11
7643 14
7644 13
7645 13
7646 10
7647 12
7648 11
7649 13
7650 9
7651 12
7652 11
7653 12
7654 9
7655 11
7656 11
7657 4
7658 10
7659 12
7660 10
7661 11
7662 9
7663 11
7664 11
7665 11
7666 8
7667 11
7668 10
7669 11
7670 9
7671 11
7672 10
7673 11
7674 8
7675 11
7676 10
7677 11
7678 8
7679 11
7680 10
7681 12
7682 8
7683 11
7684 10
7685 11
7686 8
7687 11
7688 2
7689 11
7690 8
7691 11
7692 10
7693 11
7694 8
7695 11
7696 10
7697 11
7698 8
7699 11
7700 10
7701 11
7702 8
7703 11
7704 10
7705 11
7706 9
7707 11
7708 10
7709 11
7710 8
7711 11
7712 11
7713 11
7714 8
7715 11
7716 10
7717 11
7718 8
7719 4
7720 11
7721 11
7722 8
7723 11
7724 11
7725 11
7726 8
7727 11
7728 10
7729 11
7730 8
7731 11
7732 10
7733 11
7734 10
7735 11
7736 10
7737 11
7738 8
7739 11
7740 10
7741 11
7742 8
7743 11
7744 10
7745 11
7746 8
7747 11
7748 10
7749 11
7750 1
7751 125
7752 64
7753 44
7754 35
7755 25
7756 25
7757 22
7758 20
7759 20
7760 14
7761 17
7762 16
7763 15
7764 15
7765 11
7766 15
7767 14
7768 14
7769 13
7770 10
7771 13
7772 12
7773 13
7774 14
7775 5
7776 12
7777 12
7778 12
7779 13
7780 8
7781 12
7782 11
7783 11
7784 11
7785 8
7786 13
7787 12
7788 11
7789 11
7790 9
7791 11
7792 11
7793 11
7794 11
7795 8
7796 11
7797 11
7798 11
7799 11
7800 4
7801 11
7802 11
7803 11
7804 11
7805 8
7806 11
7807 11
7808 11
7809 11
7810 8
7811 11
7812 11
7813 11
7814 11
7815 8
7816 11
7817 11
7818 11
7819 11
7820 8
7821 11
7822 11
7823 11
7824 11
7825 4
7826 11
7827 11
7828 11
7829 11
7830 8
7831 11
7832 11
7833 11
7834 11
7835 9
7836 11
7837 11
7838 11
7839 12
7840 8
7841 11
7842 11
7843 11
7844 11
7845 8
7846 12
7847 11
7848 11
7849 12
7850 5
7851 11
7852 11
7853 11
7854 11
7855 8
7856 11
7857 11
7858 11
7859 11
7860 8
7861 11
7862 11
7863 11
7864 11
7865 8
7866 11
7867 11
7868 11
7869 11
7870 8
7871 11
7872 11
7873 11
7874 11
7875 1
7876 126
7877 63
7878 42
7879 33
7880 29
7881 21
7882 18
7883 19
7884 14
7885 16
7886 17
7887 12
7888 16
7889 9
7890 12
7891 14
7892 14
7893 7
7894 13
7895 12
7896 6
7897 11
7898 13
7899 9
7900 12
7901 10
7902 7
7903 6
7904 12
7905 8
7906 12
7907 10
7908 10
7909 10
7910 7
7911 5
7912 11
7913 10
7914 10
7915 10
7916 11
7917 3
7918 11
7919 10
7920 7
7921 10
7922 12
7923 7
7924 7
7925 10
7926 10
7927 10
7928 11
7929 5
7930 12
7931 6
7932 10
7933 10
7934 11
7935 7
7936 11
7937 10
7938 2
7939 10
7940 11
7941 7
7942 11
7943 10
7944 10
7945 6
7946 12
7947 5
7948 11
7949 10
7950 10
7951 10
7952 7
7953 7
7954 11
7955 10
7956 7
7957 10
7958 11
7959 3
7960 11
7961 10
7962 10
7963 10
7964 11
7965 5
7966 7
7967 10
7968 10
7969 10
7970 11
7971 8
7972 11
7973 6
7974 7
7975 10
7976 11
7977 9
7978 12
7979 10
7980 5
7981 10
7982 11
7983 5
7984 11
7985 10
7986 9
7987 7
7988 11
7989 7
7990 12
7991 10
7992 7
7993 10
7994 8
7995 8
7996 11
7997 10
7998 9
7999 10
8000 11
8001 1
8002 127
8003 65
8004 45
8005 35
8006 29
8007 25
8008 24
8009 22
8010 19
8011 18
8012 17
8013 16
8014 16
8015 15
8016 15
8017 14
8018 15
8019 13
8020 13
8021 13
8022 13
8023 13
8024 13
8025 12
8026 14
8027 12
8028 12
8029 12
8030 11
8031 12
8032 12
8033 12
8034 11
8035 11
8036 12
8037 12
8038 12
8039 11
8040 11
8041 11
8042 12
8043 11
8044 11
8045 11
8046 11
8047 11
8048 11
8049 11
8050 12
8051 11
8052 11
8053 12
8054 11
8055 11
8056 11
8057 11
8058 11
8059 11
8060 11
8061 12
8062 11
8063 11
8064 11
8065 11
8066 11
8067 11
8068 12
8069 11
8070 11
8071 11
8072 11
8073 11
8074 11
8075 11
8076 11
8077 11
8078 11
8079 11
8080 11
8081 11
8082 11
8083 11
8084 11
8085 11
8086 11
8087 11
8088 11
8089 11
8090 11
8091 11
8092 11
8093 11
8094 11
8095 11
8096 11
8097 11
8098 11
8099 11
8100 11
8101 11
8102 11
8103 11
8104 11
8105 11
8106 11
8107 11
8108 11
8109 11
8110 12
8111 11
8112 11
8113 11
8114 11
8115 11
8116 11
8117 11
8118 11
8119 11
8120 11
8121 11
8122 11
8123 11
8124 11
8125 11
8126 11
8127 12
8128 1
8129 128
8130 64
8131 45
8132 32
8133 29
8134 24
8135 23
8136 16
8137 20
8138 17
8139 17
8140 13
8141 15
8142 15
8143 15
8144 8
8145 15
8146 12
8147 13
8148 10
8149 13
8150 12
8151 13
8152 8
8153 14
8154 11
8155 12
8156 9
8157 12
8158 10
8159 11
8160 4
8161 12
8162 11
8163 12
8164 9
8165 11
8166 10
8167 11
8168 7
8169 11
8170 10
8171 11
8172 8
8173 11
8174 10
8175 11
8176 5
8177 11
8178 10
8179 11
8180 8
8181 11
8182 10
8183 11
8184 7
8185 11
8186 10
8187 11
8188 9
8189 11
8190 10
8191 11
8192 2
8193 11
8194 10
8195 11
8196 9
8197 11
8198 10
8199 11
8200 7
8201 11
8202 10
8203 11
8204 8
8205 11
8206 10
8207 11
8208 5
8209 11
8210 10
8211 11
8212 8
8213 11
8214 10
8215 11
8216 7
8217 11
8218 10
8219 11
8220 9
8221 11
8222 10
8223 11
8224 4
8225 11
8226 10
8227 11
8228 9
8229 11
8230 10
8231 11
8232 8
8233 11
8234 11
8235 11
8236 8
8237 11
8238 11
8239 11
8240 7
8241 11
8242 10
8243 11
8244 8
8245 11
8246 10
8247 11
8248 7
8249 11
8250 10
8251 11
8252 9
8253 11
8254 10
8255 11
8256 1
8257 129
8258 66
8259 43
8260 36
8261 30
8262 23
8263 23
8264 22
8265 17
8266 18
8267 17
8268 14
8269 16
8270 15
8271 12
8272 15
8273 14
8274 11
8275 13
8276 14
8277 12
8278 13
8279 13
8280 10
8281 14
8282 12
8283 10
8284 12
8285 13
8286 10
8287 13
8288 12
8289 9
8290 12
8291 11
8292 9
8293 11
8294 12
8295 10
8296 11
8297 11
8298 9
8299 3
8300 11
8301 9
8302 11
8303 11
8304 9
8305 11
8306 11
8307 10
8308 13
8309 11
8310 9
8311 12
8312 11
8313 10
8314 11
8315 11
8316 9
8317 11
8318 11
8319 9
8320 11
8321 11
8322 9
8323 11
8324 11
8325 9
8326 11
8327 11
8328 9
8329 11
8330 11
8331 9
8332 11
8333 12
8334 10
8335 11
8336 11
8337 9
8338 11
8339 11
8340 9
8341 11
8342 3
8343 9
8344 11
8345 11
8346 9
8347 11
8348 11
8349 9
8350 11
8351 12
8352 9
8353 12
8354 11
8355 9
8356 11
8357 11
8358 9
8359 11
8360 11
8361 10
8362 11
8363 11
8364 10
8365 11
8366 11
8367 9
8368 11
8369 11
8370 9
8371 11
8372 11
8373 9
8374 11
8375 11
8376 9
8377 11
8378 11
8379 9
8380 12
8381 11
8382 9
8383 11
8384 11
8385 1
8386 130
8387 65
8388 46
8389 34
8390 26
8391 24
8392 23
8393 20
8394 20
8395 13
8396 18
8397 15
8398 10
8399 14
8400 11
8401 14
8402 14
8403 13
8404 13
8405 8
8406 13
8407 11
8408 13
8409 11
8410 9
8411 5
8412 12
8413 11
8414 12
8415 7
8416 13
8417 11
8418 12
8419 10
8420 8
8421 10
8422 11
8423 10
8424 6
8425 7
8426 11
8427 10
8428 11
8429 10
8430 9
8431 11
8432 11
8433 10
8434 12
8435 6
8436 12
8437 4
8438 13
8439 10
8440 8
8441 10
8442 11
8443 11
8444 13
8445 6
8446 10
8447 10
8448 11
8449 10
8450 2
8451 10
8452 11
8453 10
8454 10
8455 6
8456 11
8457 11
8458 11
8459 10
8460 8
8461 10
8462 13
8463 4
8464 10
8465 6
8466 12
8467 10
8468 11
8469 10
8470 9
8471 10
8472 11
8473 10
8474 11
8475 7
8476 6
8477 10
8478 11
8479 10
8480 8
8481 10
8482 11
8483 11
8484 12
8485 7
8486 12
8487 10
8488 11
8489 5
8490 8
8491 10
8492 11
8493 10
8494 11
8495 6
8496 13
8497 10
8498 11
8499 10
8500 8
8501 10
8502 6
8503 10
8504 12
8505 7
8506 12
8507 10
8508 11
8509 10
8510 8
8511 10
8512 12
8513 10
8514 12
8515 1
8516 131
8517 67
8518 46
8519 36
8520 30
8521 26
8522 23
8523 21
8524 20
8525 18
8526 17
8527 17
8528 16
8529 15
8530 15
8531 14
8532 14
8533 14
8534 15
8535 14
8536 13
8537 13
8538 13
8539 12
8540 12
8541 12
8542 12
8543 12
8544 12
8545 12
8546 12
8547 13
8548 12
8549 12
8550 11
8551 12
8552 11
8553 11
8554 11
8555 12
8556 11
8557 11
8558 11
8559 11
8560 12
8561 11
8562 11
8563 12
8564 12
8565 11
8566 12
8567 12
8568 12
8569 11
8570 11
8571 11
8572 11
8573 11
8574 11
8575 11
8576 11
8577 11
8578 11
8579 11
8580 11
8581 11
8582 11
8583 11
8584 11
8585 11
8586 11
8587 11
8588 11
8589 11
8590 11
8591 11
8592 11
8593 11
8594 12
8595 12
8596 11
8597 11
8598 12
8599 11
8600 11
8601 11
8602 11
8603 11
8604 11
8605 11
8606 11
8607 11
8608 11
8609 11
8610 12
8611 11
8612 11
8613 11
8614 11
8615 12
8616 12
8617 11
8618 11
8619 11
8620 11
8621 11
8622 11
8623 11
8624 11
8625 11
8626 11
8627 11
8628 11
8629 11
8630 11
8631 11
8632 11
8633 11
8634 11
8635 11
8636 12
8637 11
8638 11
8639 11
8640 12
8641 12
8642 11
8643 11
8644 11
8645 12
8646 1
8647 132
8648 66
8649 44
8650 33
8651 30
8652 22
8653 23
8654 18
8655 17
8656 17
8657 12
8658 11
8659 17
8660 14
8661 13
8662 12
8663 15
8664 10
8665 13
8666 10
8667 11
8668 6
8669 13
8670 7
8671 13
8672 11
8673 11
8674 9
8675 13
8676 8
8677 12
8678 10
8679 4
8680 11
8681 12
8682 6
8683 12
8684 10
8685 9
8686 9
8687 11
8688 9
8689 11
8690 3
8691 9
8692 10
8693 11
8694 6
8695 11
8696 10
8697 9
8698 8
8699 11
8700 8
8701 6
8702 8
8703 9
8704 9
8705 11
8706 6
8707 12
8708 9
8709 9
8710 9
8711 11
8712 2
8713 11
8714 9
8715 9
8716 9
8717 11
8718 6
8719 11
8720 9
8721 9
8722 8
8723 6
8724 8
8725 11
8726 8
8727 9
8728 10
8729 11
8730 6
8731 11
8732 10
8733 9
8734 3
8735 11
8736 8
8737 11
8738 9
8739 9
8740 10
8741 11
8742 6
8743 11
8744 9
8745 4
8746 10
8747 11
8748 8
8749 12
8750 8
8751 9
8752 10
8753 11
8754 7
8755 11
8756 5
8757 9
8758 8
8759 11
8760 8
8761 11
8762 9
8763 9
8764 10
8765 12
8766 6
8767 7
8768 10
8769 9
8770 9
8771 11
8772 8
8773 11
8774 9
8775 9
8776 10
8777 11
8778 1
8779 133
8780 68
8781 47
8782 37
8783 30
8784 26
8785 19
8786 21
8787 20
8788 19
8789 18
8790 17
8791 17
8792 11
8793 15
8794 15
8795 14
8796 14
8797 7
8798 13
8799 9
8800 13
8801 13
8802 12
8803 14
8804 12
8805 14
8806 8
8807 12
8808 12
8809 12
8810 11
8811 12
8812 12
8813 8
8814 12
8815 11
8816 5
8817 11
8818 12
8819 12
8820 7
8821 13
8822 12
8823 11
8824 11
8825 11
8826 12
8827 7
8828 11
8829 11
8830 12
8831 11
8832 11
8833 12
8834 7
8835 5
8836 11
8837 12
8838 11
8839 11
8840 11
8841 7
8842 12
8843 11
8844 11
8845 11
8846 11
8847 12
8848 7
8849 11
8850 11
8851 11
8852 11
8853 11
8854 5
8855 7
8856 11
8857 11
8858 11
8859 12
8860 11
8861 11
8862 7
8863 12
8864 11
8865 11
8866 11
8867 12
8868 12
8869 7
8870 12
8871 11
8872 11
8873 5
8874 11
8875 12
8876 7
8877 12
8878 12
8879 11
8880 12
8881 12
8882 11
8883 7
8884 12
8885 11
8886 12
8887 11
8888 11
8889 11
8890 7
8891 11
8892 5
8893 11
8894 11
8895 11
8896 11
8897 9
8898 12
8899 12
8900 12
8901 12
8902 11
8903 11
8904 7
8905 11
8906 11
8907 11
8908 12
8909 11
8910 11
8911 1
8912 134
8913 67
8914 47
8915 35
8916 31
8917 25
8918 25
8919 20
8920 21
8921 17
8922 17
8923 15
8924 17
8925 14
8926 15
8927 13
8928 15
8929 13
8930 15
8931 12
8932 13
8933 12
8934 14
8935 11
8936 12
8937 12
8938 12
8939 11
8940 12
8941 11
8942 12
8943 10
8944 12
8945 11
8946 12
8947 10
8948 12
8949 10
8950 12
8951 10
8952 11
8953 10
8954 11
8955 10
8956 12
8957 10
8958 11
8959 10
8960 11
8961 11
8962 11
8963 10
8964 12
8965 10
8966 11
8967 10
8968 11
8969 11
8970 11
8971 10
8972 11
8973 11
8974 11
8975 11
8976 11
8977 10
8978 2
8979 10
8980 11
8981 10
8982 11
8983 10
8984 11
8985 10
8986 11
8987 11
8988 11
8989 10
8990 11
8991 10
8992 12
8993 10
8994 11
8995 10
8996 11
8997 10
8998 11
8999 10
9000 11
9001 10
9002 11
9003 10
9004 11
9005 10
9006 11
9007 10
9008 11
9009 10
9010 11
9011 10
9012 12
9013 10
9014 11
9015 10
9016 11
9017 10
9018 11
9019 10
9020 11
9021 11
9022 11
9023 10
9024 11
9025 10
9026 11
9027 10
9028 12
9029 10
9030 12
9031 11
9032 11
9033 10
9034 11
9035 10
9036 11
9037 10
9038 11
9039 10
9040 11
9041 10
9042 11
9043 10
9044 12
9045 1
9046 135
9047 69
9048 45
9049 37
9050 27
9051 24
9052 24
9053 23
9054 15
9055 15
9056 18
9057 15
9058 16
9059 16
9060 9
9061 15
9062 15
9063 9
9064 13
9065 10
9066 11
9067 13
9068 13
9069 10
9070 9
9071 12
9072 5
9073 13
9074 12
9075 6
9076 13
9077 13
9078 10
9079 12
9080 8
9081 7
9082 11
9083 12
9084 9
9085 8
9086 11
9087 9
9088 12
9089 11
9090 3
9091 11
9092 11
9093 10
9094 11
9095 8
9096 9
9097 11
9098 12
9099 4
9100 8
9101 11
9102 9
9103 11
9104 11
9105 6
9106 12
9107 11
9108 8
9109 11
9110 8
9111 9
9112 11
9113 11
9114 9
9115 8
9116 11
9117 8
9118 11
9119 11
9120 6
9121 11
9122 11
9123 9
9124 11
9125 8
9126 4
9127 11
9128 11
9129 9
9130 8
9131 11
9132 10
9133 11
9134 11
9135 3
9136 11
9137 12
9138 9
9139 11
9140 8
9141 9
9142 11
9143 11
9144 7
9145 8
9146 11
9147 9
9148 11
9149 11
9150 6
9151 11
9152 11
9153 5
9154 11
9155 8
9156 9
9157 11
9158 11
9159 9
9160 8
9161 11
9162 8
9163 11
9164 11
9165 7
9166 11
9167 11
9168 10
9169 11
9170 10
9171 7
9172 11
9173 11
9174 9
9175 8
9176 12
9177 10
9178 12
9179 11
9180 1
9181 136
9182 68
9183 48
9184 34
9185 31
9186 25
9187 24
9188 17
9189 20
9190 17
9191 18
9192 14
9193 16
9194 14
9195 15
9196 10
9197 8
9198 13
9199 14
9200 11
9201 13
9202 11
9203 13
9204 8
9205 13
9206 12
9207 12
9208 9
9209 13
9210 11
9211 12
9212 8
9213 12
9214 4
9215 11
9216 9
9217 12
9218 10
9219 13
9220 7
9221 11
9222 10
9223 11
9224 9
9225 11
9226 10
9227 11
9228 7
9229 11
9230 10
9231 5
9232 8
9233 11
9234 10
9235 11
9236 7
9237 11
9238 10
9239 11
9240 8
9241 11
9242 11
9243 11
9244 8
9245 11
9246 10
9247 11
9248 2
9249 11
9250 10
9251 11
9252 8
9253 11
9254 11
9255 11
9256 8
9257 11
9258 10
9259 11
9260 7
9261 11
9262 10
9263 11
9264 8
9265 5
9266 10
9267 11
9268 7
9269 11
9270 10
9271 11
9272 9
9273 11
9274 10
9275 11
9276 7
9277 11
9278 10
9279 11
9280 8
9281 11
9282 4
9283 11
9284 8
9285 11
9286 10
9287 11
9288 9
9289 11
9290 10
9291 11
9292 7
9293 11
9294 10
9295 11
9296 9
9297 11
9298 10
9299 7
9300 8
9301 11
9302 10
9303 11
9304 9
9305 12
9306 10
9307 11
9308 8
9309 11
9310 10
9311 11
9312 9
9313 11
9314 10
9315 11
9316 1
9317 137
9318 70
9319 48
9320 38
9321 31
9322 27
9323 24
9324 23
9325 21
9326 19
9327 18
9328 17
9329 16
9330 16
9331 16
9332 15
9333 15
9334 14
9335 15
9336 13
9337 13
9338 13
9339 13
9340 13
9341 13
9342 12
9343 12
9344 14
9345 12
9346 12
9347 12
9348 12
9349 12
9350 11
9351 12
9352 13
9353 12
9354 11
9355 11
9356 12
9357 11
9358 12
9359 11
9360 12
9361 11
9362 11
9363 13
9364 11
9365 11
9366 11
9367 11
9368 11
9369 11
9370 11
9371 11
9372 11
9373 11
9374 11
9375 11
9376 12
9377 11
9378 11
9379 11
9380 11
9381 11
9382 11
9383 11
9384 11
9385 11
9386 11
9387 11
9388 11
9389 11
9390 11
9391 11
9392 11
9393 12
9394 11
9395 11
9396 11
9397 11
9398 11
9399 11
9400 11
9401 11
9402 11
9403 11
9404 11
9405 11
9406 11
9407 11
9408 11
9409 11
9410 11
9411 11
9412 11
9413 11
9414 11
9415 11
9416 11
9417 11
9418 11
9419 11
9420 12
9421 11
9422 11
9423 11
9424 11
9425 11
9426 11
9427 11
9428 11
9429 11
9430 11
9431 11
9432 11
9433 11
9434 11
9435 11
9436 11
9437 11
9438 11
9439 11
9440 11
9441 11
9442 11
9443 11
9444 11
9445 11
9446 11
9447 11
9448 11
9449 12
9450 11
9451 11
9452 11
9453 1
9454 138
9455 69
9456 46
9457 36
9458 31
9459 23
9460 24
9461 21
9462 18
9463 18
9464 18
9465 13
9466 16
9467 14
9468 13
9469 13
9470 16
9471 10
9472 15
9473 12
9474 11
9475 12
9476 6
9477 9
9478 13
9479 12
9480 10
9481 11
9482 13
9483 8
9484 12
9485 11
9486 9
9487 11
9488 12
9489 8
9490 12
9491 10
9492 9
9493 11
9494 12
9495 8
9496 12
9497 10
9498 9
9499 3
9500 11
9501 9
9502 11
9503 10
9504 9
9505 11
9506 11
9507 8
9508 11
9509 10
9510 9
9511 9
9512 11
9513 8
9514 12
9515 10
9516 9
9517 9
9518 11
9519 8
9520 12
9521 9
9522 2
9523 9
9524 13
9525 8
9526 11
9527 9
9528 9
9529 10
9530 12
9531 8
9532 11
9533 9
9534 9
9535 9
9536 11
9537 8
9538 11
9539 10
9540 9
9541 10
9542 11
9543 8
9544 11
9545 3
9546 9
9547 10
9548 12
9549 8
9550 12
9551 11
9552 9
9553 10
9554 12
9555 8
9556 12
9557 11
9558 9
9559 11
9560 11
9561 8
9562 11
9563 11
9564 9
9565 10
9566 11
9567 9
9568 5
9569 10
9570 9
9571 10
9572 12
9573 8
9574 11
9575 9
9576 9
9577 10
9578 11
9579 8
9580 11
9581 11
9582 9
9583 10
9584 12
9585 8
9586 11
9587 10
9588 9
9589 10
9590 11
9591 1
9592 139
9593 71
9594 49
9595 38
9596 32
9597 27
9598 24
9599 22
9600 21
9601 19
9602 18
9603 17
9604 17
9605 16
9606 15
9607 15
9608 14
9609 14
9610 14
9611 14
9612 13
9613 14
9614 13
9615 13
9616 13
9617 12
9618 14
9619 12
9620 13
9621 12
9622 12
9623 12
9624 12
9625 12
9626 11
9627 12
9628 12
9629 12
9630 12
9631 11
9632 12
9633 12
9634 13
9635 12
9636 11
9637 11
9638 11
9639 11
9640 11
9641 11
9642 11
9643 12
9644 11
9645 11
9646 11
9647 11
9648 11
9649 11
9650 12
9651 11
9652 12
9653 11
9654 11
9655 11
9656 11
9657 11
9658 11
9659 11
9660 11
9661 12
9662 11
9663 11
9664 11
9665 11
9666 11
9667 11
9668 11
9669 11
9670 11
9671 12
9672 11
9673 11
9674 11
9675 11
9676 11
9677 11
9678 11
9679 11
9680 11
9681 11
9682 11
9683 11
9684 11
9685 11
9686 11
9687 12
9688 11
9689 11
9690 11
9691 11
9692 11
9693 11
9694 11
9695 11
9696 11
9697 11
9698 11
9699 11
9700 11
9701 11
9702 11
9703 11
9704 11
9705 11
9706 11
9707 11
9708 12
9709 11
9710 11
9711 11
9712 11
9713 11
9714 11
9715 11
9716 11
9717 12
9718 12
9719 11
9720 12
9721 12
9722 11
9723 11
9724 11
9725 12
9726 11
9727 11
9728 11
9729 11
9730 1
9731 140
9732 70
9733 49
9734 35
9735 28
9736 26
9737 20
9738 19
9739 21
9740 14
9741 18
9742 14
9743 17
9744 10
9745 12
9746 12
9747 16
9748 13
9749 14
9750 7
9751 9
9752 12
9753 13
9754 10
9755 9
9756 11
9757 12
9758 5
9759 14
9760 7
9761 12
9762 9
9763 12
9764 12
9765 4
9766 10
9767 11
9768 10
9769 12
9770 5
9771 12
9772 6
9773 11
9774 8
9775 8
9776 10
9777 11
9778 9
9779 7
9780 7
9781 11
9782 9
9783 11
9784 10
9785 8
9786 4
9787 11
9788 10
9789 11
9790 5
9791 12
9792 10
9793 8
9794 8
9795 9
9796 10
9797 11
9798 9
9799 11
9800 2
9801 11
9802 9
9803 11
9804 10
9805 8
9806 8
9807 8
9808 10
9809 11
9810 5
9811 11
9812 10
9813 11
9814 4
9815 8
9816 10
9817 11
9818 9
9819 11
9820 7
9821 7
9822 9
9823 11
9824 10
9825 8
9826 8
9827 11
9828 6
9829 11
9830 5
9831 12
9832 10
9833 11
9834 8
9835 4
9836 11
9837 12
9838 9
9839 11
9840 7
9841 11
9842 5
9843 11
9844 10
9845 9
9846 9
9847 11
9848 10
9849 7
9850 5
9851 11
9852 10
9853 12
9854 8
9855 10
9856 6
9857 11
9858 10
9859 11
9860 7
9861 11
9862 9
9863 9
9864 10
9865 8
9866 8
9867 11
9868 11
9869 11
9870 1
9871 141
9872 72
9873 47
9874 39
9875 32
9876 25
9877 26
9878 22
9879 18
9880 19
9881 19
9882 15
9883 16
9884 16
9885 13
9886 16
9887 15
9888 12
9889 14
9890 14
9891 11
9892 13
9893 13
9894 12
9895 13
9896 13
9897 11
9898 13
9899 13
9900 10
9901 12
9902 12
9903 10
9904 12
9905 12
9906 10
9907 12
9908 12
9909 9
9910 11
9911 12
9912 9
9913 11
9914 12
9915 10
9916 11
9917 3
9918 9
9919 12
9920 11
9921 10
9922 11
9923 12
9924 9
9925 11
9926 11
9927 9
9928 11
9929 11
9930 9
9931 12
9932 11
9933 9
9934 12
9935 11
9936 9
9937 11
9938 11
9939 9
9940 11
9941 11
9942 9
9943 11
9944 11
9945 9
9946 11
9947 12
9948 9
9949 11
9950 12
9951 9
9952 11
9953 11
9954 9
9955 11
9956 11
9957 9
9958 11
9959 11
9960 9
9961 11
9962 12
9963 9
9964 3
9965 11
9966 10
9967 12
9968 11
9969 9
9970 11
9971 11
9972 9
9973 11
9974 11
9975 9
9976 11
9977 12
9978 9
9979 11
9980 11
9981 9
9982 12
9983 12
9984 9
9985 13
9986 11
9987 9
9988 11
9989 11
9990 9
9991 11
9992 11
9993 9
9994 11
9995 12
9996 9
9997 11
9998 11
9999 11
10000 11
10001 11
10002 9
10003 11
10004 12
10005 9
10006 12
10007 11
10008 9
10009 11
10010 11
10011 1
10012 142
10013 71
10014 50
10015 37
10016 32
10017 26
10018 25
10019 21
10020 21
10021 18
10022 18
10023 16
10024 17
10025 16
10026 16
10027 15
10028 15
10029 14
10030 14
10031 12
10032 14
10033 12
10034 13
10035 12
10036 14
10037 11
10038 13
10039 11
10040 12
10041 11
10042 12
10043 11
10044 12
10045 10
10046 12
10047 11
10048 13
10049 10
10050 12
10051 11
10052 11
10053 10
10054 13
10055 10
10056 12
10057 10
10058 12
10059 10
10060 12
10061 10
10062 11
10063 10
10064 12
10065 10
10066 11
10067 10
10068 12
10069 11
10070 11
10071 10
10072 11
10073 10
10074 11
10075 11
10076 11
10077 10
10078 11
10079 10
10080 12
10081 10
10082 2
10083 10
10084 12
10085 10
10086 11
10087 10
10088 11
10089 11
10090 11
10091 10
10092 11
10093 10
10094 11
10095 10
10096 12
10097 10
10098 11
10099 10
10100 12
10101 10
10102 11
10103 10
10104 12
10105 10
10106 12
10107 10
10108 11
10109 10
10110 12
10111 10
10112 11
10113 10
10114 12
10115 10
10116 11
10117 10
10118 11
10119 10
10120 12
10121 11
10122 12
10123 10
10124 12
10125 10
10126 11
10127 10
10128 12
10129 12
10130 11
10131 10
10132 11
10133 11
10134 12
10135 10
10136 11
10137 10
10138 11
10139 10
10140 11
10141 10
10142 11
10143 10
10144 12
10145 12
10146 11
10147 10
10148 11
10149 10
10150 12
10151 10
10152 12
10153 1
10154 143
10155 73
10156 50
10157 39
10158 32
10159 28
10160 25
10161 24
10162 22
10163 20
10164 13
10165 18
10166 11
10167 16
10168 16
10169 15
10170 15
10171 15
10172 14
10173 14
10174 15
10175 8
10176 14
10177 13
10178 13
10179 7
10180 13
10181 12
10182 12
10183 12
10184 12
10185 13
10186 7
10187 12
10188 12
10189 12
10190 11
10191 13
10192 6
10193 12
10194 12
10195 11
10196 12
10197 7
10198 11
10199 12
10200 11
10201 12
10202 11
10203 11
10204 12
10205 6
10206 12
10207 11
10208 6
10209 11
10210 11
10211 12
10212 11
10213 11
10214 11
10215 11
10216 11
10217 11
10218 6
10219 6
10220 11
10221 11
10222 11
10223 11
10224 11
10225 11
10226 11
10227 11
10228 11
10229 11
10230 6
10231 6
10232 11
10233 11
10234 11
10235 11
10236 11
10237 11
10238 11
10239 11
10240 11
10241 6
10242 11
10243 11
10244 6
10245 12
10246 11
10247 11
10248 11
10249 11
10250 11
10251 11
10252 7
10253 11
10254 11
10255 11
10256 11
10257 6
10258 12
10259 11
10260 11
10261 11
10262 11
10263 7
10264 11
10265 12
10266 12
10267 11
10268 11
10269 11
10270 7
10271 11
10272 11
10273 11
10274 6
10275 12
10276 11
10277 11
10278 11
10279 11
10280 11
10281 11
10282 12
10283 6
10284 11
10285 7
10286 11
10287 11
10288 11
10289 11
10290 11
10291 11
10292 11
10293 11
10294 11
10295 11
10296 1
10297 144
10298 72
10299 48
10300 36
10301 33
10302 24
10303 25
10304 18
10305 16
10306 18
10307 19
10308 12
10309 17
10310 15
10311 13
10312 9
10313 16
10314 8
10315 14
10316 11
10317 11
10318 12
10319 14
10320 6
10321 13
10322 11
10323 8
10324 11
10325 13
10326 9
10327 13
10328 6
10329 10
10330 12
10331 12
10332 4
10333 12
10334 10
10335 10
10336 7
10337 12
10338 8
10339 12
10340 9
10341 7
10342 10
10343 11
10344 3
10345 11
10346 10
10347 9
10348 9
10349 12
10350 5
10351 11
10352 7
10353 9
10354 10
10355 11
10356 6
10357 11
10358 10
10359 7
10360 6
10361 11
10362 7
10363 13
10364 10
10365 9
10366 10
10367 11
10368 2
10369 11
10370 10
10371 9
10372 10
10373 12
10374 7
10375 11
10376 6
10377 7
10378 10
10379 11
10380 6
10381 11
10382 10
10383 9
10384 7
10385 11
10386 5
10387 12
10388 9
10389 9
10390 10
10391 11
10392 3
10393 11
10394 10
10395 7
10396 9
10397 12
10398 8
10399 11
10400 7
10401 10
10402 10
10403 11
10404 4
10405 12
10406 10
10407 10
10408 6
10409 11
10410 9
10411 12
10412 10
10413 8
10414 10
10415 12
10416 5
10417 11
10418 10
10419 9
10420 10
10421 12
10422 7
10423 11
10424 7
10425 9
10426 10
10427 11
10428 7
10429 12
10430 10
10431 7
10432 8
10433 11
10434 8
10435 12
10436 9
10437 10
10438 10
10439 12
10440 1
10441 145
10442 74
10443 51
10444 40
10445 29
10446 28
10447 25
10448 24
10449 21
10450 16
10451 18
10452 18
10453 18
10454 16
10455 12
10456 16
10457 16
10458 14
10459 14
10460 11
10461 13
10462 14
10463 14
10464 13
10465 10
10466 13
10467 13
10468 12
10469 5
10470 9
10471 12
10472 13
10473 12
10474 12
10475 10
10476 12
10477 12
10478 12
10479 12
10480 8
10481 12
10482 12
10483 11
10484 11
10485 9
10486 12
10487 11
10488 11
10489 11
10490 8
10491 11
10492 11
10493 11
10494 11
10495 8
10496 11
10497 11
10498 4
10499 11
10500 8
10501 12
10502 11
10503 12
10504 11
10505 9
10506 11
10507 11
10508 11
10509 12
10510 8
10511 11
10512 11
10513 11
10514 11
10515 8
10516 11
10517 11
10518 11
10519 11
10520 9
10521 11
10522 11
10523 11
10524 12
10525 8
10526 11
10527 4
10528 11
10529 11
10530 8
10531 11
10532 11
10533 11
10534 11
10535 8
10536 11
10537 11
10538 11
10539 12
10540 9
10541 11
10542 11
10543 11
10544 12
10545 8
10546 12
10547 11
10548 11
10549 11
10550 9
10551 11
10552 11
10553 11
10554 11
10555 9
10556 5
10557 11
10558 11
10559 12
10560 10
10561 11
10562 11
10563 11
10564 12
10565 10
10566 11
10567 11
10568 11
10569 11
10570 8
10571 12
10572 11
10573 11
10574 11
10575 8
10576 11
10577 11
10578 11
10579 11
10580 9
10581 12
10582 11
10583 11
10584 11
10585 1
10586 146
10587 73
10588 51
10589 38
10590 33
10591 27
10592 25
10593 22
10594 22
10595 18
10596 19
10597 16
10598 18
10599 15
10600 16
10601 15
10602 15
10603 13
10604 14
10605 13
10606 14
10607 12
10608 13
10609 12
10610 13
10611 11
10612 13
10613 11
10614 13
10615 11
10616 12
10617 11
10618 12
10619 11
10620 12
10621 10
10622 12
10623 10
10624 12
10625 10
10626 12
10627 10
10628 13
10629 11
10630 12
10631 10
10632 11
10633 10
10634 11
10635 10
10636 12
10637 10
10638 12
10639 10
10640 12
10641 10
10642 12
10643 10
10644 11
10645 10
10646 11
10647 11
10648 11
10649 10
10650 11
10651 10
10652 11
10653 10
10654 11
10655 10
10656 11
10657 10
10658 2
10659 10
10660 11
10661 10
10662 11
10663 10
10664 11
10665 10
10666 11
10667 10
10668 11
10669 10
10670 11
10671 10
10672 11
10673 10
10674 12
10675 10
10676 11
10677 10
10678 11
10679 10
10680 12
10681 10
10682 11
10683 10
10684 11
10685 10
10686 12
10687 10
10688 12
10689 10
10690 11
10691 10
10692 11
10693 10
10694 11
10695 10
10696 11
10697 10
10698 11
10699 10
10700 11
10701 10
10702 11
10703 10
10704 11
10705 10
10706 11
10707 10
10708 12
10709 10
10710 11
10711 10
10712 11
10713 10
10714 11
10715 10
10716 12
10717 10
10718 12
10719 10
10720 12
10721 10
10722 11
10723 11
10724 11
10725 10
10726 11
10727 10
10728 12
10729 10
10730 11
10731 1
10732 147
10733 75
10734 49
10735 40
10736 33
10737 26
10738 21
10739 23
10740 19
10741 20
10742 19
10743 16
10744 18
10745 12
10746 14
10747 15
10748 15
10749 12
10750 14
10751 14
10752 7
10753 13
10754 14
10755 12
10756 13
10757 14
10758 11
10759 9
10760 12
10761 10
10762 12
10763 12
10764 10
10765 12
10766 8
10767 10
10768 12
10769 12
10770 10
10771 12
10772 12
10773 5
10774 11
10775 11
10776 9
10777 11
10778 12
10779 10
10780 3
10781 11
10782 10
10783 12
10784 11
10785 9
10786 11
10787 7
10788 9
10789 11
10790 12
10791 10
10792 11
10793 12
10794 5
10795 11
10796 11
10797 9
10798 11
10799 12
10800 9
10801 7
10802 11
10803 9
10804 11
10805 11
10806 9
10807 11
10808 7
10809 9
10810 11
10811 11
10812 9
10813 11
10814 11
10815 5
10816 12
10817 11
10818 10
10819 12
10820 11
10821 9
10822 7
10823 11
10824 9
10825 11
10826 11
10827 10
10828 11
10829 3
10830 10
10831 12
10832 11
10833 9
10834 11
10835 11
10836 5
10837 12
10838 11
10839 9
10840 12
10841 11
10842 9
10843 8
10844 11
10845 9
10846 11
10847 11
10848 9
10849 11
10850 9
10851 9
10852 12
10853 11
10854 9
10855 11
10856 11
10857 5
10858 12
10859 11
10860 10
10861 12
10862 11
10863 10
10864 7
10865 12
10866 9
10867 11
10868 11
10869 9
10870 11
10871 8
10872 9
10873 12
10874 11
10875 9
10876 12
10877 12
10878 1
10879 148
10880 74
10881 52
10882 37
10883 33
10884 27
10885 27
10886 20
10887 22
10888 19
10889 19
10890 15
10891 17
10892 15
10893 16
10894 13
10895 15
10896 14
10897 14
10898 11
10899 14
10900 12
10901 14
10902 10
10903 13
10904 12
10905 13
10906 10
10907 12
10908 11
10909 12
10910 9
10911 13
10912 11
10913 13
10914 9
10915 4
10916 12
10917 12
10918 9
10919 12
10920 10
10921 13
10922 9
10923 12
10924 11
10925 12
10926 9
10927 12
10928 10
10929 12
10930 8
10931 12
10932 10
10933 11
10934 9
10935 11
10936 11
10937 12
10938 9
10939 11
10940 10
10941 12
10942 9
10943 12
10944 10
10945 12
10946 8
10947 12
10948 10
10949 12
10950 8
10951 12
10952 2
10953 12
10954 8
10955 12
10956 10
10957 11
10958 8
10959 13
10960 10
10961 12
10962 9
10963 12
10964 10
10965 11
10966 8
10967 11
10968 11
10969 11
10970 9
10971 11
10972 10
10973 12
10974 8
10975 11
10976 10
10977 12
10978 9
10979 12
10980 10
10981 11
10982 9
10983 11
10984 10
10985 12
10986 9
10987 11
10988 11
10989 4
10990 9
10991 11
10992 10
10993 12
10994 8
10995 11
10996 11
10997 11
10998 9
10999 12
11000 11
11001 12
11002 10
11003 11
11004 10
11005 12
11006 8
11007 11
11008 10
11009 11
11010 9
11011 12
11012 10
11013 11
11014 9
11015 12
11016 10
11017 12
11018 9
11019 12
11020 10
11021 11
11022 9
11023 12
11024 10
11025 12
11026 1
11027 149
11028 76
11029 52
11030 41
11031 34
11032 29
11033 26
11034 23
11035 22
11036 20
11037 19
11038 18
11039 17
11040 17
11041 16
11042 16
11043 16
11044 15
11045 14
11046 15
11047 14
11048 14
11049 14
11050 15
11051 13
11052 13
11053 13
11054 13
11055 13
11056 13
11057 12
11058 12
11059 12
11060 12
11061 12
11062 14
11063 12
11064 12
11065 13
11066 11
11067 12
11068 12
11069 12
11070 11
11071 12
11072 11
11073 11
11074 11
11075 12
11076 12
11077 11
11078 12
11079 13
11080 11
11081 11
11082 11
11083 11
11084 11
11085 11
11086 11
11087 12
11088 11
11089 11
11090 11
11091 11
11092 11
11093 11
11094 11
11095 13
11096 11
11097 11
11098 11
11099 11
11100 11
11101 11
11102 11
11103 11
11104 11
11105 11
11106 13
11107 11
11108 11
11109 11
11110 11
11111 11
11112 11
11113 11
11114 11
11115 11
11116 11
11117 11
11118 11
11119 11
11120 11
11121 11
11122 12
11123 11
11124 11
11125 11
11126 11
11127 11
11128 11
11129 11
11130 11
11131 11
11132 11
11133 12
11134 11
11135 11
11136 11
11137 11
11138 12
11139 12
11140 11
11141 12
11142 11
11143 11
11144 11
11145 12
11146 12
11147 12
11148 11
11149 13
11150 11
11151 12
11152 11
11153 11
11154 11
11155 12
11156 11
11157 11
11158 11
11159 12
11160 11
11161 11
11162 11
11163 11
11164 11
11165 11
11166 12
11167 11
11168 12
11169 12
11170 12
11171 11
11172 11
11173 11
11174 12
11175 1
11176 150
11177 75
11178 50
11179 39
11180 30
11181 25
11182 26
11183 22
11184 19
11185 15
11186 19
11187 14
11188 17
11189 15
11190 10
11191 14
11192 15
11193 11
11194 16
11195 9
11196 13
11197 13
11198 14
11199 10
11200 6
11201 12
11202 11
11203 11
11204 13
11205 5
11206 12
11207 11
11208 10
11209 11
11210 9
11211 8
11212 12
11213 10
11214 9
11215 7
11216 12
11217 8
11218 12
11219 10
11220 6
11221 11
11222 11
11223 9
11224 13
11225 3
11226 10
11227 10
11228 12
11229 8
11230 8
11231 10
11232 9
11233 10
11234 11
11235 4
11236 11
11237 10
11238 9
11239 10
11240 9
11241 8
11242 11
11243 10
11244 9
11245 8
11246 11
11247 8
11248 11
11249 10
11250 2
11251 10
11252 11
11253 8
11254 11
11255 8
11256 9
11257 10
11258 11
11259 8
11260 9
11261 10
11262 9
11263 10
11264 11
11265 4
11266 11
11267 10
11268 9
11269 10
11270 8
11271 8
11272 11
11273 10
11274 9
11275 3
11276 11
11277 9
11278 11
11279 11
11280 6
11281 10
11282 12
11283 8
11284 11
11285 7
11286 9
11287 10
11288 11
11289 8
11290 9
11291 10
11292 9
11293 10
11294 11
11295 5
11296 11
11297 10
11298 9
11299 10
11300 5
11301 8
11302 11
11303 10
11304 9
11305 8
11306 12
11307 8
11308 11
11309 10
11310 6
11311 10
11312 11
11313 8
11314 11
11315 7
11316 9
11317 10
11318 11
11319 8
11320 9
11321 11
11322 10
11323 10
11324 12
11325 1
11326 151
11327 77
11328 53
11329 41
11330 34
11331 29
11332 26
11333 25
11334 22
11335 20
11336 19
11337 18
11338 17
11339 17
11340 16
11341 16
11342 16
11343 15
11344 14
11345 15
11346 14
11347 14
11348 14
11349 13
11350 13
11351 13
11352 13
11353 13
11354 13
11355 12
11356 13
11357 13
11358 12
11359 12
11360 12
11361 13
11362 12
11363 12
11364 12
11365 12
11366 11
11367 12
11368 12
11369 12
11370 12
11371 11
11372 12
11373 11
11374 13
11375 11
11376 12
11377 11
11378 11
11379 11
11380 11
11381 11
11382 11
11383 11
11384 11
11385 11
11386 11
11387 11
11388 11
11389 11
11390 11
11391 11
11392 11
11393 12
11394 12
11395 11
11396 11
11397 11
11398 11
11399 11
11400 11
11401 11
11402 11
11403 11
11404 11
11405 11
11406 11
11407 11
11408 12
11409 11
11410 11
11411 11
11412 11
11413 11
11414 11
11415 11
11416 11
11417 11
11418 11
11419 11
11420 11
11421 11
11422 11
11423 11
11424 11
11425 11
11426 11
11427 11
11428 11
11429 11
11430 11
11431 11
11432 11
11433 11
11434 11
11435 11
11436 11
11437 11
11438 11
11439 12
11440 11
11441 11
11442 11
11443 11
11444 11
11445 11
11446 11
11447 12
11448 11
11449 11
11450 11
11451 11
11452 11
11453 11
11454 11
11455 12
11456 11
11457 11
11458 12
11459 11
11460 11
11461 11
11462 11
11463 11
11464 11
11465 11
11466 11
11467 12
11468 11
11469 11
11470 11
11471 12
11472 12
11473 12
11474 11
11475 11
11476 1
11477 152
11478 76
11479 53
11480 38
11481 34
11482 28
11483 26
11484 19
11485 23
11486 19
11487 20
11488 15
11489 18
11490 15
11491 17
11492 11
11493 16
11494 14
11495 8
11496 11
11497 14
11498 12
11499 14
11500 9
11501 15
11502 11
11503 13
11504 10
11505 14
11506 11
11507 12
11508 8
11509 12
11510 12
11511 12
11512 10
11513 12
11514 4
11515 12
11516 8
11517 12
11518 10
11519 12
11520 9
11521 12
11522 11
11523 13
11524 7
11525 11
11526 10
11527 11
11528 9
11529 12
11530 10
11531 12
11532 7
11533 5
11534 10
11535 11
11536 9
11537 11
11538 10
11539 12
11540 7
11541 12
11542 10
11543 11
11544 10
11545 11
11546 10
11547 11
11548 7
11549 11
11550 10
11551 11
11552 2
11553 11
11554 10
11555 11
11556 7
11557 11
11558 10
11559 11
11560 10
11561 11
11562 10
11563 12
11564 7
11565 12
11566 10
11567 11
11568 9
11569 11
11570 10
11571 5
11572 7
11573 12
11574 10
11575 12
11576 9
11577 11
11578 10
11579 11
11580 7
11581 12
11582 10
11583 11
11584 9
11585 11
11586 10
11587 12
11588 7
11589 12
11590 4
11591 12
11592 10
11593 12
11594 10
11595 12
11596 7
11597 11
11598 10
11599 11
11600 9
11601 11
11602 10
11603 11
11604 7
11605 12
11606 10
11607 11
11608 9
11609 7
11610 10
11611 11
11612 9
11613 11
11614 11
11615 11
11616 9
11617 12
11618 10
11619 12
11620 7
11621 12
11622 10
11623 11
11624 9
11625 11
11626 10
11627 11
11628 1
11629 153
11630 78
11631 51
11632 42
11633 34
11634 27
11635 26
11636 25
11637 17
11638 21
11639 19
11640 16
11641 18
11642 17
11643 14
11644 16
11645 9
11646 10
11647 16
11648 14
11649 12
11650 14
11651 14
11652 11
11653 15
11654 13
11655 8
11656 13
11657 12
11658 10
11659 12
11660 13
11661 10
11662 6
11663 13
11664 8
11665 12
11666 12
11667 10
11668 12
11669 12
11670 10
11671 12
11672 12
11673 7
11674 12
11675 11
11676 9
11677 11
11678 11
11679 3
11680 13
11681 12
11682 7
11683 11
11684 12
11685 9
11686 12
11687 11
11688 10
11689 11
11690 11
11691 7
11692 11
11693 12
11694 10
11695 11
11696 6
11697 10
11698 11
11699 12
11700 8
11701 11
11702 12
11703 9
11704 11
11705 11
11706 9
11707 12
11708 11
11709 8
11710 12
11711 11
11712 10
11713 6
11714 11
11715 10
11716 12
11717 11
11718 7
11719 11
11720 11
11721 10
11722 11
11723 12
11724 9
11725 11
11726 11
11727 7
11728 11
11729 11
11730 3
11731 11
11732 11
11733 9
11734 11
11735 12
11736 7
11737 11
11738 11
11739 10
11740 11
11741 12
11742 9
11743 12
11744 12
11745 8
11746 11
11747 6
11748 10
11749 11
11750 12
11751 10
11752 11
11753 11
11754 7
11755 11
11756 11
11757 9
11758 12
11759 12
11760 10
11761 12
11762 11
11763 8
11764 7
11765 11
11766 10
11767 12
11768 11
11769 9
11770 12
11771 12
11772 8
11773 11
11774 11
11775 10
11776 12
11777 11
11778 9
11779 11
11780 11
11781 1
11782 154
11783 77
11784 54
11785 40
11786 35
11787 28
11788 22
11789 23
11790 22
11791 19
11792 14
11793 17
11794 17
11795 11
11796 16
11797 14
11798 16
11799 14
11800 14
11801 13
11802 10
11803 7
11804 14
11805 12
11806 15
11807 12
11808 13
11809 7
11810 14
11811 12
11812 12
11813 12
11814 7
11815 12
11816 8
11817 11
11818 12
11819 12
11820 12
11821 10
11822 12
11823 6
11824 12
11825 5
11826 12
11827 10
11828 12
11829 12
11830 9
11831 12
11832 12
11833 10
11834 11
11835 10
11836 7
11837 6
11838 12
11839 10
11840 12
11841 10
11842 11
11843 10
11844 8
11845 10
11846 12
11847 5
11848 11
11849 10
11850 12
11851 6
11852 11
11853 12
11854 11
11855 10
11856 12
11857 10
11858 2
11859 10
11860 12
11861 10
11862 11
11863 12
11864 11
11865 6
11866 12
11867 10
11868 11
11869 5
11870 12
11871 10
11872 8
11873 10
11874 11
11875 10
11876 12
11877 10
11878 12
11879 6
11880 7
11881 10
11882 11
11883 10
11884 12
11885 12
11886 8
11887 12
11888 12
11889 10
11890 12
11891 5
11892 12
11893 6
11894 11
11895 10
11896 12
11897 10
11898 11
11899 10
11900 8
11901 12
11902 7
11903 11
11904 12
11905 10
11906 12
11907 7
11908 12
11909 11
11910 11
11911 10
11912 11
11913 5
11914 8
11915 12
11916 11
11917 10
11918 11
11919 10
11920 12
11921 6
11922 11
11923 11
11924 7
11925 10
11926 11
11927 10
11928 8
11929 10
11930 12
11931 10
11932 12
11933 10
11934 11
11935 1
11936 155
11937 79
11938 54
11939 42
11940 31
11941 30
11942 28
11943 24
11944 23
11945 17
11946 20
11947 19
11948 18
11949 17
11950 13
11951 16
11952 17
11953 15
11954 15
11955 11
11956 14
11957 14
11958 14
11959 13
11960 10
11961 13
11962 13
11963 13
11964 13
11965 9
11966 5
11967 12
11968 13
11969 12
11970 9
11971 12
11972 12
11973 12
11974 12
11975 10
11976 12
11977 12
11978 12
11979 12
11980 9
11981 12
11982 12
11983 12
11984 12
11985 8
11986 11
11987 12
11988 12
11989 12
11990 9
11991 12
11992 12
11993 12
11994 11
11995 8
11996 11
11997 4
11998 12
11999 11
12000 8
12001 11
12002 12
12003 11
12004 11
12005 8
12006 11
12007 11
12008 11
12009 11
12010 8
12011 11
12012 12
12013 12
12014 11
12015 8
12016 11
12017 11
12018 11
12019 11
12020 8
12021 11
12022 11
12023 12
12024 11
12025 8
12026 11
12027 12
12028 4
12029 11
12030 8
12031 11
12032 11
12033 12
12034 12
12035 9
12036 12
12037 12
12038 11
12039 11
12040 8
12041 11
12042 12
12043 12
12044 11
12045 8
12046 11
12047 12
12048 11
12049 11
12050 8
12051 11
12052 12
12053 12
12054 11
12055 8
12056 11
12057 12
12058 12
12059 5
12060 8
12061 11
12062 12
12063 12
12064 12
12065 8
12066 11
12067 12
12068 12
12069 11
12070 10
12071 11
12072 12
12073 12
12074 11
12075 8
12076 11
12077 12
12078 12
12079 11
12080 8
12081 11
12082 12
12083 12
12084 12
12085 8
12086 11
12087 12
12088 11
12089 11
12090 1
12091 156
12092 78
12093 52
12094 39
12095 35
12096 26
12097 27
12098 21
12099 20
12100 19
12101 19
12102 13
12103 12
12104 17
12105 14
12106 13
12107 15
12108 11
12109 16
12110 12
12111 12
12112 13
12113 14
12114 8
12115 13
12116 6
12117 11
12118 10
12119 12
12120 9
12121 13
12122 11
12123 10
12124 11
12125 12
12126 7
12127 12
12128 10
12129 4
12130 9
12131 12
12132 8
12133 12
12134 9
12135 10
12136 11
12137 13
12138 7
12139 12
12140 12
12141 10
12142 3
12143 11
12144 9
12145 11
12146 9
12147 9
12148 11
12149 12
12150 6
12151 12
12152 10
12153 9
12154 9
12155 6
12156 8
12157 11
12158 9
12159 10
12160 11
12161 11
12162 6
12163 11
12164 10
12165 11
12166 10
12167 11
12168 2
12169 11
12170 9
12171 11
12172 10
12173 11
12174 6
12175 11
12176 11
12177 10
12178 9
12179 11
12180 8
12181 6
12182 9
12183 9
12184 10
12185 12
12186 6
12187 11
12188 11
12189 9
12190 9
12191 11
12192 9
12193 11
12194 3
12195 10
12196 11
12197 12
12198 7
12199 11
12200 11
12201 9
12202 9
12203 12
12204 8
12205 11
12206 9
12207 4
12208 10
12209 11
12210 7
12211 12
12212 11
12213 9
12214 9
12215 11
12216 8
12217 11
12218 10
12219 10
12220 5
12221 12
12222 6
12223 12
12224 10
12225 10
12226 9
12227 11
12228 8
12229 11
12230 9
12231 9
12232 10
12233 7
12234 7
12235 11
12236 10
12237 11
12238 9
12239 11
12240 8
12241 11
12242 9
12243 10
12244 11
12245 12
12246 1
12247 157
12248 80
12249 55
12250 43
12251 35
12252 30
12253 27
12254 24
12255 23
12256 21
12257 20
12258 19
12259 18
12260 17
12261 17
12262 17
12263 17
12264 15
12265 16
12266 14
12267 14
12268 14
12269 15
12270 13
12271 14
12272 13
12273 13
12274 13
12275 13
12276 13
12277 13
12278 12
12279 13
12280 12
12281 13
12282 12
12283 12
12284 12
12285 12
12286 12
12287 12
12288 12
12289 12
12290 12
12291 12
12292 12
12293 12
12294 12
12295 12
12296 12
12297 12
12298 12
12299 11
12300 11
12301 11
12302 12
12303 12
12304 12
12305 11
12306 12
12307 11
12308 12
12309 12
12310 12
12311 11
12312 12
12313 12
12314 12
12315 12
12316 11
12317 12
12318 11
12319 11
12320 11
12321 12
12322 12
12323 11
12324 11
12325 12
12326 11
12327 12
12328 12
12329 11
12330 11
12331 11
12332 12
12333 11
12334 11
12335 12
12336 12
12337 11
12338 11
12339 12
12340 11
12341 12
12342 11
12343 11
12344 11
12345 12
12346 12
12347 12
12348 11
12349 11
12350 11
12351 12
12352 12
12353 11
12354 12
12355 12
12356 12
12357 12
12358 12
12359 12
12360 11
12361 12
12362 11
12363 12
12364 12
12365 12
12366 12
12367 12
12368 12
12369 12
12370 12
12371 11
12372 12
12373 12
12374 11
12375 11
12376 12
12377 11
12378 12
12379 11
12380 11
12381 12
12382 12
12383 11
12384 12
12385 11
12386 12
12387 12
12388 11
12389 12
12390 12
12391 12
12392 12
12393 12
12394 12
12395 11
12396 12
12397 12
12398 11
12399 12
12400 12
12401 12
12402 12
12403 1
12404 158
12405 79
12406 55
12407 41
12408 35
12409 29
12410 27
12411 23
12412 23
12413 20
12414 20
12415 17
12416 19
12417 16
12418 17
12419 16
12420 16
12421 14
12422 15
12423 13
12424 14
12425 12
12426 14
12427 12
12428 15
12429 12
12430 13
12431 12
12432 14
12433 11
12434 13
12435 11
12436 12
12437 11
12438 13
12439 11
12440 12
12441 11
12442 12
12443 11
12444 12
12445 11
12446 12
12447 11
12448 12
12449 11
12450 12
12451 10
12452 12
12453 12
12454 12
12455 10
12456 12
12457 12
12458 11
12459 11
12460 11
12461 10
12462 11
12463 10
12464 12
12465 10
12466 12
12467 11
12468 12
12469 10
12470 11
12471 10
12472 11
12473 10
12474 11
12475 11
12476 13
12477 10
12478 11
12479 10
12480 13
12481 10
12482 2
12483 10
12484 13
12485 10
12486 11
12487 10
12488 13
12489 11
12490 11
12491 10
12492 11
12493 10
12494 11
12495 10
12496 12
12497 11
12498 12
12499 10
12500 12
12501 10
12502 11
12503 10
12504 11
12505 11
12506 11
12507 11
12508 11
12509 10
12510 12
12511 10
12512 11
12513 10
12514 12
12515 10
12516 11
12517 10
12518 11
12519 10
12520 11
12521 10
12522 12
12523 10
12524 12
12525 11
12526 11
12527 10
12528 11
12529 10
12530 11
12531 10
12532 11
12533 10
12534 11
12535 10
12536 12
12537 10
12538 11
12539 11
12540 11
12541 11
12542 12
12543 10
12544 11
12545 10
12546 12
12547 10
12548 11
12549 10
12550 12
12551 11
12552 12
12553 11
12554 11
12555 10
12556 12
12557 10
12558 11
12559 11
12560 12
12561 1
12562 159
12563 81
12564 53
12565 43
12566 36
12567 28
12568 27
12569 26
12570 20
12571 21
12572 20
12573 17
12574 19
12575 17
12576 14
12577 16
12578 16
12579 13
12580 15
12581 15
12582 12
12583 14
12584 14
12585 11
12586 13
12587 13
12588 12
12589 13
12590 13
12591 11
12592 12
12593 13
12594 11
12595 12
12596 12
12597 10
12598 13
12599 12
12600 10
12601 12
12602 14
12603 10
12604 12
12605 12
12606 10
12607 12
12608 12
12609 10
12610 13
12611 11
12612 11
12613 12
12614 3
12615 10
12616 11
12617 11
12618 9
12619 12
12620 12
12621 9
12622 11
12623 12
12624 9
12625 12
12626 11
12627 9
12628 12
12629 12
12630 10
12631 12
12632 11
12633 11
12634 11
12635 11
12636 11
12637 11
12638 12
12639 9
12640 11
12641 11
12642 9
12643 12
12644 11
12645 11
12646 11
12647 11
12648 11
12649 11
12650 12
12651 9
12652 12
12653 12
12654 9
12655 11
12656 12
12657 9
12658 12
12659 11
12660 9
12661 12
12662 11
12663 9
12664 11
12665 11
12666 10
12667 3
12668 12
12669 11
12670 11
12671 12
12672 10
12673 12
12674 12
12675 10
12676 12
12677 12
12678 9
12679 11
12680 12
12681 10
12682 12
12683 12
12684 9
12685 11
12686 11
12687 10
12688 11
12689 12
12690 11
12691 12
12692 12
12693 10
12694 11
12695 12
12696 9
12697 11
12698 11
12699 10
12700 11
12701 11
12702 10
12703 12
12704 12
12705 9
12706 11
12707 12
12708 11
12709 12
12710 12
12711 9
12712 11
12713 12
12714 9
12715 12
12716 12
12717 10
12718 11
12719 12
12720 1
12721 160
12722 80
12723 56
12724 40
12725 32
12726 29
12727 27
12728 20
12729 23
12730 16
12731 20
12732 16
12733 19
12734 16
12735 13
12736 10
12737 16
12738 15
12739 15
12740 8
12741 14
12742 13
12743 14
12744 9
12745 10
12746 13
12747 15
12748 10
12749 13
12750 8
12751 14
12752 5
12753 12
12754 11
12755 9
12756 10
12757 12
12758 12
12759 12
12760 4
12761 12
12762 12
12763 12
12764 9
12765 9
12766 11
12767 12
12768 6
12769 13
12770 7
12771 12
12772 9
12773 12
12774 10
12775 8
12776 7
12777 11
12778 11
12779 11
12780 5
12781 11
12782 10
12783 12
12784 4
12785 8
12786 10
12787 12
12788 9
12789 12
12790 7
12791 11
12792 8
12793 11
12794 10
12795 9
12796 8
12797 12
12798 10
12799 11
12800 2
12801 11
12802 10
12803 12
12804 8
12805 9
12806 10
12807 11
12808 8
12809 11
12810 7
12811 11
12812 9
12813 12
12814 10
12815 8
12816 4
12817 11
12818 10
12819 11
12820 5
12821 11
12822 11
12823 11
12824 7
12825 8
12826 10
12827 12
12828 9
12829 11
12830 7
12831 11
12832 6
12833 12
12834 10
12835 9
12836 8
12837 12
12838 11
12839 11
12840 4
12841 11
12842 11
12843 12
12844 9
12845 9
12846 10
12847 12
12848 5
12849 11
12850 8
12851 11
12852 9
12853 12
12854 10
12855 8
12856 7
12857 12
12858 12
12859 11
12860 7
12861 11
12862 10
12863 11
12864 6
12865 8
12866 10
12867 12
12868 9
12869 11
12870 7
12871 12
12872 9
12873 12
12874 10
12875 9
12876 9
12877 12
12878 10
12879 12
12880 1
12881 161
12882 82
12883 56
12884 44
12885 36
12886 31
12887 23
12888 26
12889 24
12890 21
12891 20
12892 19
12893 18
12894 13
12895 17
12896 17
12897 17
12898 16
12899 15
12900 15
12901 10
12902 15
12903 7
12904 14
12905 14
12906 13
12907 13
12908 9
12909 14
12910 13
12911 14
12912 13
12913 13
12914 12
12915 8
12916 14
12917 12
12918 12
12919 12
12920 12
12921 12
12922 8
12923 12
12924 12
12925 12
12926 5
12927 12
12928 12
12929 8
12930 11
12931 11
12932 11
12933 12
12934 12
12935 12
12936 9
12937 12
12938 11
12939 11
12940 11
12941 12
12942 12
12943 8
12944 11
12945 11
12946 11
12947 11
12948 12
12949 5
12950 8
12951 11
12952 11
12953 11
12954 11
12955 11
12956 11
12957 8
12958 11
12959 12
12960 11
12961 11
12962 11
12963 11
12964 8
12965 11
12966 11
12967 11
12968 11
12969 11
12970 11
12971 8
12972 5
12973 12
12974 11
12975 11
12976 11
12977 11
12978 8
12979 12
12980 11
12981 11
12982 11
12983 11
12984 12
12985 8
12986 11
12987 12
12988 12
12989 11
12990 11
12991 11
12992 8
12993 12
12994 11
12995 5
12996 12
12997 12
12998 11
12999 8
13000 12
13001 12
13002 11
13003 12
13004 11
13005 11
13006 8
13007 11
13008 12
13009 11
13010 12
13011 11
13012 11
13013 9
13014 12
13015 12
13016 11
13017 11
13018 5
13019 11
13020 8
13021 12
13022 11
13023 12
13024 13
13025 11
13026 11
13027 8
13028 11
13029 11
13030 12
13031 12
13032 11
13033 11
13034 8
13035 11
13036 12
13037 12
13038 12
13039 11
13040 11
13041 1
13042 162
13043 81
13044 54
13045 42
13046 36
13047 27
13048 29
13049 24
13050 18
13051 20
13052 20
13053 15
13054 18
13055 16
13056 15
13057 16
13058 17
13059 9
13060 15
13061 13
13062 12
13063 13
13064 14
13065 10
13066 14
13067 13
13068 6
13069 12
13070 13
13071 9
13072 13
13073 12
13074 10
13075 12
13076 13
13077 6
13078 13
13079 12
13080 11
13081 11
13082 12
13083 8
13084 12
13085 10
13086 7
13087 11
13088 12
13089 8
13090 12
13091 10
13092 9
13093 10
13094 11
13095 3
13096 12
13097 12
13098 9
13099 11
13100 11
13101 8
13102 11
13103 10
13104 7
13105 11
13106 12
13107 8
13108 12
13109 10
13110 9
13111 10
13112 11
13113 6
13114 12
13115 10
13116 11
13117 10
13118 11
13119 8
13120 11
13121 10
13122 2
13123 10
13124 11
13125 8
13126 11
13127 10
13128 10
13129 10
13130 12
13131 6
13132 11
13133 10
13134 9
13135 10
13136 11
13137 8
13138 12
13139 11
13140 7
13141 10
13142 11
13143 8
13144 11
13145 11
13146 9
13147 11
13148 12
13149 3
13150 11
13151 10
13152 9
13153 10
13154 12
13155 8
13156 11
13157 10
13158 7
13159 10
13160 11
13161 8
13162 11
13163 10
13164 9
13165 10
13166 11
13167 6
13168 11
13169 10
13170 9
13171 10
13172 12
13173 8
13174 12
13175 12
13176 5
13177 10
13178 12
13179 8
13180 11
13181 10
13182 10
13183 10
13184 11
13185 7
13186 12
13187 10
13188 9
13189 10
13190 12
13191 10
13192 11
13193 11
13194 8
13195 12
13196 12
13197 8
13198 12
13199 10
13200 10
13201 10
13202 12
13203 1
13204 163
13205 83
13206 57
13207 44
13208 36
13209 31
13210 28
13211 25
13212 23
13213 22
13214 21
13215 19
13216 18
13217 18
13218 17
13219 16
13220 16
13221 15
13222 15
13223 15
13224 15
13225 14
13226 14
13227 14
13228 14
13229 13
13230 13
13231 14
13232 13
13233 13
13234 13
13235 14
13236 13
13237 13
13238 13
13239 13
13240 12
13241 12
13242 12
13243 12
13244 12
13245 12
13246 12
13247 12
13248 12
13249 12
13250 12
13251 12
13252 13
13253 12
13254 12
13255 11
13256 12
13257 12
13258 12
13259 12
13260 12
13261 13
13262 12
13263 12
13264 12
13265 11
13266 12
13267 12
13268 12
13269 11
13270 13
13271 12
13272 12
13273 12
13274 12
13275 11
13276 12
13277 11
13278 12
13279 11
13280 12
13281 12
13282 11
13283 11
13284 11
13285 11
13286 11
13287 11
13288 12
13289 12
13290 11
13291 12
13292 11
13293 12
13294 11
13295 12
13296 12
13297 12
13298 12
13299 12
13300 11
13301 12
13302 12
13303 12
13304 11
13305 12
13306 11
13307 12
13308 11
13309 12
13310 12
13311 11
13312 11
13313 12
13314 11
13315 12
13316 11
13317 12
13318 12
13319 11
13320 12
13321 11
13322 12
13323 11
13324 11
13325 12
13326 12
13327 12
13328 12
13329 12
13330 11
13331 12
13332 11
13333 12
13334 12
13335 12
13336 12
13337 11
13338 13
13339 12
13340 12
13341 11
13342 12
13343 12
13344 12
13345 12
13346 12
13347 12
13348 11
13349 12
13350 12
13351 12
13352 12
13353 11
13354 12
13355 11
13356 12
13357 12
13358 12
13359 12
13360 12
13361 11
13362 12
13363 12
13364 12
13365 12
13366 1
13367 164
13368 82
13369 57
13370 41
13371 37
13372 30
13373 28
13374 22
13375 24
13376 20
13377 20
13378 16
13379 18
13380 16
13381 17
13382 14
13383 16
13384 14
13385 15
13386 12
13387 16
13388 13
13389 14
13390 11
13391 14
13392 13
13393 13
13394 10
13395 13
13396 12
13397 13
13398 11
13399 13
13400 11
13401 12
13402 10
13403 13
13404 11
13405 12
13406 9
13407 4
13408 10
13409 13
13410 9
13411 13
13412 11
13413 12
13414 9
13415 11
13416 11
13417 12
13418 10
13419 12
13420 10
13421 12
13422 9
13423 12
13424 12
13425 11
13426 9
13427 11
13428 11
13429 12
13430 9
13431 12
13432 11
13433 12
13434 9
13435 12
13436 10
13437 12
13438 9
13439 11
13440 10
13441 12
13442 9
13443 11
13444 10
13445 12
13446 9
13447 11
13448 2
13449 11
13450 9
13451 12
13452 10
13453 11
13454 9
13455 12
13456 10
13457 11
13458 9
13459 12
13460 10
13461 12
13462 9
13463 12
13464 11
13465 12
13466 9
13467 12
13468 10
13469 11
13470 9
13471 11
13472 11
13473 12
13474 9
13475 12
13476 10
13477 12
13478 9
13479 12
13480 10
13481 11
13482 9
13483 12
13484 10
13485 11
13486 9
13487 13
13488 10
13489 4
13490 9
13491 12
13492 11
13493 13
13494 9
13495 12
13496 10
13497 11
13498 9
13499 11
13500 10
13501 12
13502 9
13503 12
13504 11
13505 11
13506 9
13507 12
13508 11
13509 12
13510 11
13511 12
13512 10
13513 12
13514 9
13515 12
13516 11
13517 12
13518 9
13519 12
13520 11
13521 12
13522 9
13523 12
13524 11
13525 11
13526 9
13527 12
13528 10
13529 12
13530 1
13531 165
13532 84
13533 55
13534 45
13535 33
13536 29
13537 28
13538 25
13539 21
13540 18
13541 15
13542 17
13543 19
13544 18
13545 11
13546 17
13547 16
13548 13
13549 15
13550 12
13551 12
13552 9
13553 14
13554 13
13555 10
13556 13
13557 11
13558 15
13559 14
13560 7
13561 13
13562 12
13563 5
13564 13
13565 9
13566 10
13567 12
13568 12
13569 11
13570 10
13571 12
13572 10
13573 13
13574 7
13575 6
13576 12
13577 12
13578 10
13579 12
13580 9
13581 11
13582 12
13583 12
13584 9
13585 3
13586 11
13587 11
13588 12
13589 11
13590 6
13591 11
13592 12
13593 9
13594 12
13595 8
13596 4
13597 12
13598 12
13599 10
13600 8
13601 11
13602 9
13603 12
13604 12
13605 6
13606 12
13607 8
13608 9
13609 11
13610 9
13611 9
13612 11
13613 11
13614 9
13615 9
13616 11
13617 9
13618 8
13619 11
13620 6
13621 12
13622 12
13623 9
13624 11
13625 8
13626 10
13627 11
13628 12
13629 4
13630 8
13631 12
13632 9
13633 12
13634 11
13635 6
13636 11
13637 12
13638 10
13639 11
13640 3
13641 9
13642 12
13643 12
13644 9
13645 9
13646 12
13647 9
13648 12
13649 12
13650 6
13651 7
13652 12
13653 9
13654 12
13655 10
13656 10
13657 12
13658 12
13659 9
13660 8
13661 12
13662 5
13663 12
13664 12
13665 7
13666 12
13667 12
13668 9
13669 12
13670 8
13671 9
13672 12
13673 8
13674 9
13675 9
13676 12
13677 9
13678 12
13679 12
13680 6
13681 11
13682 12
13683 10
13684 7
13685 9
13686 10
13687 12
13688 12
13689 10
13690 9
13691 12
13692 10
13693 12
13694 12
13695 1
13696 166
13697 83
13698 58
13699 43
13700 37
13701 30
13702 28
13703 24
13704 24
13705 20
13706 21
13707 18
13708 19
13709 16
13710 17
13711 15
13712 17
13713 15
13714 15
13715 14
13716 14
13717 13
13718 15
13719 13
13720 14
13721 12
13722 15
13723 12
13724 13
13725 12
13726 14
13727 11
13728 13
13729 12
13730 12
13731 11
13732 12
13733 11
13734 12
13735 11
13736 12
13737 11
13738 12
13739 11
13740 12
13741 11
13742 12
13743 10
13744 12
13745 12
13746 12
13747 10
13748 13
13749 10
13750 11
13751 10
13752 11
13753 11
13754 12
13755 10
13756 11
13757 10
13758 12
13759 10
13760 13
13761 10
13762 12
13763 10
13764 12
13765 11
13766 12
13767 10
13768 11
13769 10
13770 11
13771 10
13772 11
13773 10
13774 11
13775 10
13776 11
13777 10
13778 2
13779 10
13780 11
13781 10
13782 11
13783 10
13784 11
13785 10
13786 11
13787 10
13788 11
13789 10
13790 12
13791 11
13792 11
13793 10
13794 11
13795 10
13796 12
13797 10
13798 11
13799 10
13800 11
13801 10
13802 12
13803 10
13804 11
13805 10
13806 11
13807 10
13808 11
13809 10
13810 12
13811 10
13812 12
13813 10
13814 12
13815 10
13816 12
13817 10
13818 11
13819 10
13820 12
13821 10
13822 12
13823 10
13824 11
13825 11
13826 11
13827 10
13828 11
13829 10
13830 12
13831 11
13832 12
13833 10
13834 12
13835 10
13836 12
13837 10
13838 12
13839 10
13840 12
13841 10
13842 11
13843 10
13844 12
13845 10
13846 12
13847 10
13848 12
13849 11
13850 12
13851 10
13852 12
13853 10
13854 12
13855 10
13856 12
13857 10
13858 12
13859 10
13860 12
13861 1
13862 167
13863 85
13864 58
13865 45
13866 37
13867 32
13868 28
13869 27
13870 24
13871 22
13872 20
13873 20
13874 18
13875 18
13876 18
13877 17
13878 16
13879 16
13880 15
13881 15
13882 15
13883 15
13884 15
13885 14
13886 15
13887 14
13888 13
13889 13
13890 14
13891 13
13892 13
13893 14
13894 13
13895 13
13896 13
13897 13
13898 12
13899 13
13900 12
13901 12
13902 12
13903 12
13904 12
13905 12
13906 12
13907 12
13908 12
13909 12
13910 13
13911 12
13912 12
13913 12
13914 11
13915 12
13916 12
13917 11
13918 12
13919 11
13920 12
13921 12
13922 12
13923 13
13924 12
13925 12
13926 12
13927 11
13928 12
13929 12
13930 11
13931 11
13932 11
13933 12
13934 11
13935 12
13936 11
13937 11
13938 12
13939 11
13940 12
13941 11
13942 11
13943 12
13944 11
13945 11
13946 12
13947 11
13948 11
13949 12
13950 11
13951 12
13952 11
13953 11
13954 11
13955 11
13956 12
13957 11
13958 11
13959 11
13960 11
13961 12
13962 11
13963 12
13964 12
13965 11
13966 12
13967 12
13968 12
13969 12
13970 11
13971 11
13972 11
13973 12
13974 12
13975 11
13976 12
13977 12
13978 12
13979 12
13980 11
13981 11
13982 11
13983 11
13984 11
13985 11
13986 12
13987 11
13988 11
13989 12
13990 12
13991 11
13992 11
13993 11
13994 12
13995 11
13996 11
13997 11
13998 13
13999 12
14000 13
14001 12
14002 11
14003 11
14004 12
14005 12
14006 12
14007 12
14008 11
14009 11
14010 11
14011 12
14012 11
14013 12
14014 12
14015 12
14016 12
14017 11
14018 12
14019 12
14020 11
14021 12
14022 11
14023 11
14024 12
14025 12
14026 12
14027 12
14028 1
14029 168
14030 84
14031 56
14032 42
14033 37
14034 28
14035 24
14036 21
14037 21
14038 21
14039 21
14040 14
14041 19
14042 12
14043 15
14044 12
14045 17
14046 12
14047 15
14048 12
14049 8
14050 13
14051 15
14052 7
14053 14
14054 12
14055 12
14056 6
14057 14
14058 9
14059 13
14060 9
14061 11
14062 12
14063 9
14064 7
14065 12
14066 11
14067 11
14068 8
14069 13
14070 4
14071 12
14072 10
14073 10
14074 11
14075 12
14076 5
14077 8
14078 10
14079 10
14080 10
14081 12
14082 8
14083 12
14084 3
14085 9
14086 10
14087 11
14088 7
14089 12
14090 10
14091 5
14092 7
14093 12
14094 8
14095 12
14096 10
14097 10
14098 6
14099 12
14100 5
14101 12
14102 10
14103 9
14104 10
14105 7
14106 9
14107 11
14108 7
14109 9
14110 10
14111 11
14112 2
14113 11
14114 10
14115 9
14116 7
14117 11
14118 8
14119 7
14120 10
14121 9
14122 10
14123 12
14124 5
14125 12
14126 6
14127 10
14128 10
14129 12
14130 8
14131 12
14132 7
14133 5
14134 10
14135 12
14136 7
14137 11
14138 10
14139 9
14140 3
14141 12
14142 8
14143 12
14144 10
14145 10
14146 10
14147 8
14148 5
14149 11
14150 11
14151 10
14152 10
14153 12
14154 4
14155 11
14156 8
14157 11
14158 10
14159 11
14160 7
14161 9
14162 10
14163 10
14164 9
14165 12
14166 9
14167 12
14168 5
14169 9
14170 10
14171 12
14172 5
14173 12
14174 10
14175 7
14176 9
14177 12
14178 10
14179 11
14180 7
14181 10
14182 7
14183 12
14184 7
14185 12
14186 10
14187 9
14188 8
14189 8
14190 8
14191 12
14192 9
14193 9
14194 10
14195 11
14196 1
14197 169
14198 86
14199 59
14200 46
14201 38
14202 32
14203 30
14204 27
14205 24
14206 22
14207 21
14208 20
14209 13
14210 18
14211 17
14212 17
14213 17
14214 16
14215 17
14216 16
14217 15
14218 14
14219 14
14220 14
14221 14
14222 8
14223 14
14224 14
14225 15
14226 13
14227 13
14228 13
14229 13
14230 13
14231 13
14232 13
14233 13
14234 12
14235 7
14236 12
14237 12
14238 12
14239 12
14240 12
14241 12
14242 12
14243 12
14244 12
14245 12
14246 12
14247 12
14248 7
14249 12
14250 11
14251 11
14252 12
14253 12
14254 12
14255 11
14256 12
14257 12
14258 12
14259 11
14260 12
14261 6
14262 11
14263 11
14264 12
14265 12
14266 12
14267 11
14268 11
14269 11
14270 11
14271 11
14272 12
14273 12
14274 6
14275 11
14276 12
14277 11
14278 11
14279 11
14280 11
14281 11
14282 11
14283 11
14284 11
14285 12
14286 11
14287 6
14288 12
14289 12
14290 11
14291 11
14292 11
14293 11
14294 11
14295 12
14296 11
14297 12
14298 11
14299 11
14300 6
14301 12
14302 11
14303 12
14304 12
14305 12
14306 11
14307 12
14308 11
14309 12
14310 11
14311 11
14312 11
14313 7
14314 11
14315 11
14316 11
14317 11
14318 11
14319 12
14320 11
14321 11
14322 11
14323 12
14324 11
14325 12
14326 7
14327 12
14328 12
14329 12
14330 12
14331 11
14332 11
14333 12
14334 11
14335 11
14336 12
14337 12
14338 12
14339 6
14340 11
14341 12
14342 12
14343 12
14344 12
14345 12
14346 12
14347 11
14348 11
14349 12
14350 12
14351 12
14352 7
14353 12
14354 12
14355 12
14356 11
14357 12
14358 12
14359 12
14360 12
14361 12
14362 12
14363 12
14364 12
14365 1
14366 170
14367 85
14368 59
14369 44
14370 34
14371 31
14372 29
14373 25
14374 25
14375 17
14376 21
14377 18
14378 19
14379 18
14380 14
14381 15
14382 10
14383 15
14384 15
14385 10
14386 15
14387 13
14388 15
14389 13
14390 11
14391 12
14392 14
14393 12
14394 14
14395 8
14396 13
14397 12
14398 13
14399 5
14400 9
14401 11
14402 12
14403 11
14404 12
14405 8
14406 12
14407 11
14408 12
14409 11
14410 9
14411 11
14412 12
14413 10
14414 12
14415 7
14416 6
14417 10
14418 13
14419 12
14420 9
14421 11
14422 12
14423 10
14424 11
14425 7
14426 12
14427 10
14428 12
14429 10
14430 8
14431 10
14432 11
14433 4
14434 11
14435 7
14436 12
14437 10
14438 12
14439 11
14440 8
14441 10
14442 12
14443 10
14444 12
14445 8
14446 11
14447 10
14448 11
14449 10
14450 2
14451 10
14452 11
14453 10
14454 11
14455 8
14456 12
14457 10
14458 12
14459 10
14460 8
14461 11
14462 12
14463 10
14464 12
14465 7
14466 11
14467 4
14468 11
14469 10
14470 8
14471 10
14472 12
14473 10
14474 12
14475 7
14476 11
14477 10
14478 12
14479 11
14480 9
14481 11
14482 11
14483 10
14484 6
14485 7
14486 11
14487 10
14488 11
14489 11
14490 8
14491 11
14492 12
14493 10
14494 12
14495 8
14496 12
14497 10
14498 12
14499 10
14500 9
14501 5
14502 11
14503 11
14504 12
14505 7
14506 12
14507 10
14508 12
14509 10
14510 9
14511 12
14512 12
14513 10
14514 11
14515 8
14516 11
14517 10
14518 6
14519 10
14520 9
14521 11
14522 12
14523 12
14524 12
14525 8
14526 12
14527 10
14528 12
14529 11
14530 9
14531 10
14532 12
14533 10
14534 12
14535 1
14536 171
14537 87
14538 57
14539 46
14540 38
14541 30
14542 29
14543 26
14544 19
14545 22
14546 21
14547 18
14548 20
14549 18
14550 15
14551 17
14552 17
14553 11
14554 9
14555 16
14556 14
14557 15
14558 15
14559 13
14560 14
14561 14
14562 9
14563 13
14564 13
14565 11
14566 13
14567 13
14568 10
14569 12
14570 12
14571 8
14572 13
14573 6
14574 10
14575 13
14576 12
14577 10
14578 12
14579 12
14580 8
14581 12
14582 12
14583 10
14584 12
14585 12
14586 10
14587 12
14588 12
14589 7
14590 12
14591 11
14592 3
14593 12
14594 13
14595 9
14596 13
14597 12
14598 7
14599 12
14600 12
14601 10
14602 12
14603 12
14604 10
14605 12
14606 12
14607 7
14608 11
14609 12
14610 10
14611 6
14612 12
14613 9
14614 12
14615 12
14616 7
14617 11
14618 12
14619 10
14620 12
14621 12
14622 10
14623 12
14624 11
14625 7
14626 12
14627 12
14628 9
14629 12
14630 6
14631 10
14632 12
14633 11
14634 7
14635 12
14636 12
14637 9
14638 12
14639 12
14640 10
14641 12
14642 12
14643 7
14644 12
14645 12
14646 9
14647 12
14648 11
14649 3
14650 11
14651 11
14652 7
14653 11
14654 12
14655 10
14656 12
14657 12
14658 10
14659 12
14660 12
14661 7
14662 12
14663 12
14664 10
14665 12
14666 12
14667 9
14668 6
14669 12
14670 7
14671 12
14672 12
14673 9
14674 12
14675 12
14676 10
14677 11
14678 12
14679 7
14680 12
14681 12
14682 10
14683 12
14684 12
14685 10
14686 12
14687 7
14688 9
14689 12
14690 12
14691 9
14692 12
14693 12
14694 10
14695 12
14696 12
14697 7
14698 12
14699 12
14700 10
14701 12
14702 12
14703 10
14704 12
14705 12
14706 1
14707 172
14708 86
14709 60
14710 43
14711 38
14712 31
14713 29
14714 23
14715 24
14716 21
14717 21
14718 17
14719 20
14720 17
14721 18
14722 14
14723 18
14724 15
14725 17
14726 12
14727 15
14728 14
14729 15
14730 11
14731 14
14732 12
14733 14
14734 12
14735 13
14736 12
14737 13
14738 10
14739 13
14740 12
14741 13
14742 10
14743 12
14744 11
14745 12
14746 10
14747 12
14748 11
14749 4
14750 9
14751 12
14752 11
14753 12
14754 9
14755 12
14756 11
14757 12
14758 10
14759 12
14760 10
14761 12
14762 9
14763 12
14764 11
14765 12
14766 9
14767 11
14768 10
14769 12
14770 9
14771 12
14772 10
14773 13
14774 10
14775 11
14776 10
14777 12
14778 9
14779 11
14780 10
14781 12
14782 10
14783 12
14784 10
14785 11
14786 9
14787 12
14788 11
14789 11
14790 9
14791 11
14792 2
14793 11
14794 9
14795 11
14796 11
14797 12
14798 9
14799 11
14800 10
14801 12
14802 9
14803 12
14804 10
14805 11
14806 9
14807 12
14808 10
14809 11
14810 10
14811 11
14812 10
14813 11
14814 9
14815 12
14816 10
14817 11
14818 9
14819 11
14820 10
14821 12
14822 9
14823 12
14824 10
14825 12
14826 9
14827 12
14828 10
14829 12
14830 9
14831 12
14832 10
14833 11
14834 9
14835 4
14836 10
14837 12
14838 9
14839 12
14840 10
14841 12
14842 9
14843 11
14844 10
14845 12
14846 10
14847 12
14848 11
14849 11
14850 10
14851 12
14852 10
14853 12
14854 9
14855 12
14856 10
14857 12
14858 9
14859 12
14860 11
14861 12
14862 9
14863 12
14864 10
14865 12
14866 9
14867 12
14868 10
14869 12
14870 9
14871 12
14872 10
14873 11
14874 9
14875 12
14876 11
14877 12
14878 1
14879 173
14880 88
14881 60
14882 47
14883 38
14884 33
14885 29
14886 26
14887 25
14888 23
14889 21
14890 20
14891 20
14892 18
14893 18
14894 18
14895 16
14896 16
14897 15
14898 15
14899 15
14900 15
14901 15
14902 16
14903 14
14904 15
14905 14
14906 13
14907 14
14908 13
14909 13
14910 13
14911 13
14912 13
14913 13
14914 14
14915 13
14916 13
14917 13
14918 13
14919 12
14920 12
14921 12
14922 12
14923 12
14924 12
14925 13
14926 12
14927 12
14928 12
14929 12
14930 13
14931 12
14932 12
14933 12
14934 12
14935 12
14936 12
14937 11
14938 13
14939 12
14940 12
14941 12
14942 12
14943 12
14944 12
14945 12
14946 12
14947 11
14948 11
14949 12
14950 11
14951 12
14952 12
14953 11
14954 12
14955 13
14956 12
14957 12
14958 11
14959 13
14960 12
14961 12
14962 12
14963 12
14964 11
14965 11
14966 12
14967 12
14968 12
14969 12
14970 12
14971 11
14972 12
14973 12
14974 13
14975 11
14976 11
14977 12
14978 12
14979 11
14980 11
14981 11
14982 11
14983 12
14984 12
14985 12
14986 12
14987 12
14988 11
14989 12
14990 12
14991 13
14992 11
14993 12
14994 12
14995 12
14996 12
14997 12
14998 12
14999 13
15000 12
15001 11
15002 12
15003 11
15004 12
15005 12
15006 11
15007 11
15008 12
15009 12
15010 12
15011 12
15012 12
15013 12
15014 12
15015 12
15016 12
15017 12
15018 12
15019 11
15020 12
15021 11
15022 13
15023 11
15024 12
15025 12
15026 12
15027 12
15028 12
15029 12
15030 12
15031 11
15032 12
15033 12
15034 12
15035 12
15036 12
15037 12
15038 13
15039 11
15040 11
15041 12
15042 12
15043 11
15044 12
15045 12
15046 12
15047 12
15048 12
15049 12
15050 12
15051 1
15052 174
15053 87
15054 58
15055 45
15056 39
15057 29
15058 29
15059 25
15060 22
15061 21
15062 22
15063 16
15064 19
15065 17
15066 15
15067 17
15068 18
15069 12
15070 16
15071 14
15072 13
15073 13
15074 15
15075 11
15076 14
15077 13
15078 12
15079 12
15080 6
15081 10
15082 13
15083 12
15084 11
15085 13
15086 12
15087 9
15088 13
15089 11
15090 10
15091 11
15092 13
15093 10
15094 12
15095 11
15096 10
15097 11
15098 12
15099 8
15100 12
15101 11
15102 10
15103 10
15104 12
15105 9
15106 13
15107 10
15108 11
15109 3
15110 11
15111 8
15112 12
15113 10
15114 10
15115 11
15116 11
15117 8
15118 12
15119 10
15120 10
15121 11
15122 11
15123 8
15124 11
15125 10
15126 11
15127 10
15128 12
15129 9
15130 12
15131 10
15132 11
15133 10
15134 11
15135 8
15136 11
15137 10
15138 2
15139 10
15140 11
15141 8
15142 11
15143 10
15144 10
15145 10
15146 12
15147 9
15148 11
15149 10
15150 10
15151 10
15152 11
15153 8
15154 11
15155 11
15156 10
15157 10
15158 12
15159 8
15160 11
15161 10
15162 10
15163 10
15164 12
15165 8
15166 11
15167 3
15168 11
15169 10
15170 12
15171 9
15172 11
15173 10
15174 10
15175 10
15176 12
15177 8
15178 12
15179 10
15180 10
15181 11
15182 11
15183 9
15184 12
15185 10
15186 10
15187 10
15188 12
15189 9
15190 11
15191 10
15192 11
15193 10
15194 12
15195 10
15196 5
15197 10
15198 10
15199 10
15200 12
15201 10
15202 12
15203 10
15204 10
15205 10
15206 11
15207 8
15208 12
15209 10
15210 10
15211 10
15212 12
15213 8
15214 12
15215 10
15216 10
15217 10
15218 12
15219 9
15220 12
15221 10
15222 10
15223 10
15224 12
15225 1
15226 175
15227 89
15228 61
15229 47
15230 35
15231 33
15232 25
15233 28
15234 25
15235 19
15236 21
15237 20
15238 19
15239 14
15240 14
15241 17
15242 17
15243 16
15244 17
15245 12
15246 11
15247 15
15248 15
15249 14
15250 7
15251 14
15252 14
15253 10
15254 14
15255 10
15256 14
15257 14
15258 13
15259 13
15260 5
15261 13
15262 13
15263 12
15264 14
15265 9
15266 12
15267 8
15268 12
15269 12
15270 10
15271 12
15272 12
15273 12
15274 8
15275 5
15276 12
15277 12
15278 13
15279 12
15280 8
15281 9
15282 12
15283 12
15284 12
15285 9
15286 11
15287 12
15288 8
15289 12
15290 9
15291 12
15292 12
15293 12
15294 11
15295 4
15296 12
15297 12
15298 12
15299 11
15300 5
15301 11
15302 8
15303 12
15304 11
15305 8
15306 11
15307 12
15308 12
15309 8
15310 9
15311 11
15312 12
15313 12
15314 11
15315 9
15316 8
15317 12
15318 12
15319 11
15320 8
15321 11
15322 12
15323 8
15324 11
15325 5
15326 11
15327 12
15328 12
15329 11
15330 4
15331 11
15332 12
15333 12
15334 11
15335 9
15336 11
15337 8
15338 12
15339 11
15340 9
15341 12
15342 12
15343 12
15344 9
15345 8
15346 11
15347 12
15348 12
15349 12
15350 5
15351 8
15352 12
15353 12
15354 11
15355 8
15356 12
15357 12
15358 8
15359 12
15360 9
15361 12
15362 12
15363 12
15364 12
15365 5
15366 12
15367 12
15368 12
15369 12
15370 9
15371 12
15372 8
15373 12
15374 11
15375 5
15376 11
15377 12
15378 12
15379 8
15380 8
15381 12
15382 12
15383 12
15384 12
15385 10
15386 8
15387 12
15388 12
15389 12
15390 9
15391 12
15392 12
15393 8
15394 11
15395 8
15396 12
15397 12
15398 12
15399 12
15400 1
15401 176
15402 88
15403 61
15404 44
15405 39
15406 32
15407 31
15408 22
15409 25
15410 21
15411 16
15412 17
15413 19
15414 17
15415 18
15416 11
15417 17
15418 15
15419 17
15420 13
15421 15
15422 8
15423 15
15424 10
15425 14
15426 13
15427 14
15428 11
15429 13
15430 12
15431 13
15432 7
15433 8
15434 11
15435 13
15436 11
15437 13
15438 11
15439 12
15440 8
15441 12
15442 11
15443 14
15444 4
15445 13
15446 12
15447 12
15448 6
15449 13
15450 11
15451 12
15452 9
15453 13
15454 11
15455 7
15456 9
15457 12
15458 11
15459 12
15460 9
15461 11
15462 10
15463 12
15464 6
15465 12
15466 5
15467 12
15468 9
15469 12
15470 11
15471 12
15472 8
15473 12
15474 11
15475 11
15476 9
15477 7
15478 10
15479 11
15480 6
15481 11
15482 10
15483 12
15484 9
15485 11
15486 10
15487 11
15488 2
15489 11
15490 10
15491 11
15492 9
15493 12
15494 10
15495 11
15496 6
15497 11
15498 10
15499 7
15500 9
15501 11
15502 10
15503 12
15504 8
15505 12
15506 11
15507 12
15508 9
15509 11
15510 5
15511 12
15512 6
15513 12
15514 10
15515 11
15516 9
15517 12
15518 11
15519 12
15520 8
15521 7
15522 11
15523 13
15524 9
15525 12
15526 10
15527 11
15528 6
15529 12
15530 11
15531 12
15532 4
15533 12
15534 11
15535 12
15536 8
15537 11
15538 11
15539 13
15540 9
15541 13
15542 10
15543 8
15544 7
15545 12
15546 10
15547 11
15548 9
15549 12
15550 11
15551 12
15552 8
15553 12
15554 7
15555 12
15556 9
15557 12
15558 11
15559 12
15560 6
15561 12
15562 10
15563 12
15564 9
15565 7
15566 11
15567 12
15568 8
15569 12
15570 11
15571 12
15572 9
15573 12
15574 11
15575 12
15576 1
15577 177
15578 90
15579 59
15580 48
15581 39
15582 31
15583 30
15584 28
15585 22
15586 23
15587 22
15588 18
15589 19
15590 19
15591 16
15592 18
15593 17
15594 14
15595 16
15596 15
15597 13
15598 15
15599 15
15600 12
15601 16
15602 14
15603 12
15604 14
15605 13
15606 11
15607 13
15608 14
15609 11
15610 13
15611 13
15612 11
15613 12
15614 13
15615 10
15616 13
15617 12
15618 10
15619 12
15620 13
15621 10
15622 12
15623 12
15624 10
15625 12
15626 12
15627 11
15628 12
15629 12
15630 10
15631 13
15632 12
15633 9
15634 12
15635 3
15636 10
15637 12
15638 12
15639 11
15640 12
15641 12
15642 9
15643 12
15644 12
15645 10
15646 12
15647 12
15648 9
15649 12
15650 12
15651 9
15652 12
15653 12
15654 9
15655 11
15656 12
15657 9
15658 12
15659 11
15660 9
15661 12
15662 12
15663 10
15664 11
15665 11
15666 10
15667 12
15668 12
15669 9
15670 11
15671 12
15672 9
15673 12
15674 11
15675 9
15676 12
15677 12
15678 9
15679 12
15680 12
15681 9
15682 12
15683 12
15684 10
15685 12
15686 12
15687 9
15688 12
15689 12
15690 10
15691 12
15692 12
15693 9
15694 3
15695 12
15696 9
15697 12
15698 12
15699 10
15700 12
15701 12
15702 9
15703 11
15704 11
15705 9
15706 11
15707 11
15708 9
15709 12
15710 12
15711 10
15712 12
15713 12
15714 9
15715 12
15716 12
15717 9
15718 12
15719 12
15720 10
15721 12
15722 12
15723 10
15724 12
15725 12
15726 9
15727 12
15728 11
15729 9
15730 12
15731 12
15732 9
15733 12
15734 11
15735 11
15736 12
15737 12
15738 10
15739 12
15740 12
15741 9
15742 12
15743 12
15744 9
15745 12
15746 12
15747 10
15748 12
15749 12
15750 10
15751 12
15752 11
15753 1
15754 178
15755 89
15756 62
15757 46
15758 39
15759 32
15760 30
15761 26
15762 25
15763 22
15764 21
15765 19
15766 20
15767 17
15768 18
15769 17
15770 18
15771 16
15772 16
15773 14
15774 15
15775 14
15776 15
15777 13
15778 16
15779 12
15780 14
15781 12
15782 14
15783 12
15784 13
15785 12
15786 13
15787 13
15788 13
15789 12
15790 13
15791 11
15792 13
15793 12
15794 12
15795 11
15796 13
15797 11
15798 12
15799 11
15800 12
15801 11
15802 12
15803 11
15804 12
15805 11
15806 12
15807 11
15808 12
15809 10
15810 12
15811 10
15812 12
15813 11
15814 12
15815 11
15816 12
15817 11
15818 12
15819 11
15820 12
15821 10
15822 11
15823 10
15824 12
15825 12
15826 12
15827 10
15828 12
15829 10
15830 12
15831 10
15832 11
15833 10
15834 12
15835 10
15836 12
15837 10
15838 11
15839 10
15840 11
15841 11
15842 2
15843 11
15844 11
15845 10
15846 11
15847 10
15848 12
15849 10
15850 12
15851 10
15852 11
15853 10
15854 12
15855 10
15856 12
15857 10
15858 12
15859 11
15860 12
15861 10
15862 11
15863 10
15864 11
15865 10
15866 12
15867 11
15868 12
15869 10
15870 12
15871 11
15872 12
15873 10
15874 11
15875 10
15876 12
15877 10
15878 12
15879 11
15880 12
15881 10
15882 12
15883 11
15884 11
15885 10
15886 12
15887 10
15888 12
15889 11
15890 12
15891 10
15892 12
15893 11
15894 12
15895 10
15896 12
15897 10
15898 12
15899 11
15900 12
15901 10
15902 12
15903 11
15904 12
15905 11
15906 12
15907 10
15908 12
15909 10
15910 11
15911 10
15912 12
15913 11
15914 11
15915 10
15916 12
15917 10
15918 12
15919 10
15920 12
15921 11
15922 12
15923 10
15924 12
15925 10
15926 12
15927 10
15928 12
15929 10
15930 12
15931 1
15932 179
15933 91
15934 62
15935 48
15936 40
15937 34
15938 30
15939 27
15940 26
15941 23
15942 22
15943 21
15944 20
15945 19
15946 18
15947 17
15948 18
15949 17
15950 16
15951 16
15952 15
15953 15
15954 15
15955 14
15956 16
15957 14
15958 14
15959 14
15960 14
15961 14
15962 13
15963 13
15964 13
15965 13
15966 13
15967 13
15968 14
15969 13
15970 13
15971 12
15972 13
15973 13
15974 12
15975 12
15976 13
15977 12
15978 12
15979 13
15980 13
15981 12
15982 12
15983 13
15984 12
15985 12
15986 13
15987 12
15988 12
15989 12
15990 11
15991 12
15992 12
15993 12
15994 12
15995 12
15996 12
15997 12
15998 12
15999 12
16000 11
16001 11
16002 12
16003 12
16004 12
16005 12
16006 11
16007 11
16008 13
16009 12
16010 13
16011 12
16012 11
16013 11
16014 11
16015 12
16016 11
16017 12
16018 11
16019 12
16020 12
16021 12
16022 12
16023 11
16024 12
16025 11
16026 12
16027 11
16028 12
16029 11
16030 12
16031 12
16032 12
16033 12
16034 11
16035 11
16036 12
16037 12
16038 12
16039 12
16040 11
16041 11
16042 12
16043 12
16044 12
16045 12
16046 11
16047 12
16048 12
16049 12
16050 11
16051 11
16052 12
16053 11
16054 11
16055 12
16056 12
16057 12
16058 11
16059 12
16060 12
16061 12
16062 11
16063 12
16064 12
16065 12
16066 12
16067 12
16068 11
16069 12
16070 11
16071 12
16072 12
16073 12
16074 12
16075 12
16076 12
16077 12
16078 12
16079 12
16080 12
16081 12
16082 12
16083 12
16084 12
16085 12
16086 11
16087 12
16088 12
16089 12
16090 11
16091 11
16092 12
16093 12
16094 12
16095 12
16096 12
16097 12
16098 12
16099 12
16100 12
16101 12
16102 12
16103 12
16104 12
16105 12
16106 11
16107 12
16108 12
16109 12
16110 1
16111 180
16112 90
16113 60
16114 45
16115 36
16116 30
16117 30
16118 24
16119 20
16120 18
16121 22
16122 15
16123 19
16124 17
16125 12
16126 15
16127 17
16128 10
16129 16
16130 9
16131 13
16132 13
16133 16
16134 9
16135 11
16136 13
16137 9
16138 11
16139 14
16140 6
16141 13
16142 10
16143 11
16144 12
16145 11
16146 5
16147 12
16148 11
16149 10
16150 6
16151 13
16152 9
16153 12
16154 10
16155 4
16156 11
16157 12
16158 7
16159 13
16160 7
16161 11
16162 9
16163 12
16164 6
16165 9
16166 9
16167 10
16168 10
16169 12
16170 3
16171 12
16172 10
16173 7
16174 10
16175 9
16176 8
16177 12
16178 9
16179 10
16180 7
16181 12
16182 4
16183 12
16184 11
16185 6
16186 9
16187 12
16188 9
16189 13
16190 6
16191 8
16192 10
16193 12
16194 8
16195 10
16196 12
16197 9
16198 9
16199 13
16200 2
16201 13
16202 9
16203 9
16204 12
16205 10
16206 8
16207 12
16208 10
16209 8
16210 6
16211 13
16212 9
16213 12
16214 9
16215 6
16216 11
16217 12
16218 4
16219 12
16220 7
16221 10
16222 9
16223 12
16224 8
16225 9
16226 10
16227 7
16228 10
16229 12
16230 3
16231 12
16232 10
16233 9
16234 9
16235 9
16236 6
16237 12
16238 9
16239 11
16240 7
16241 12
16242 7
16243 12
16244 11
16245 4
16246 9
16247 12
16248 9
16249 13
16250 6
16251 10
16252 10
16253 12
16254 5
16255 10
16256 11
16257 10
16258 9
16259 12
16260 5
16261 13
16262 9
16263 7
16264 11
16265 10
16266 8
16267 12
16268 10
16269 11
16270 7
16271 13
16272 6
16273 12
16274 10
16275 7
16276 11
16277 12
16278 7
16279 12
16280 8
16281 9
16282 9
16283 12
16284 9
16285 9
16286 10
16287 10
16288 11
16289 13
16290 1
16291 181
16292 92
16293 63
16294 49
16295 40
16296 34
16297 30
16298 27
16299 25
16300 23
16301 22
16302 21
16303 20
16304 19
16305 18
16306 18
16307 17
16308 16
16309 16
16310 16
16311 15
16312 15
16313 15
16314 14
16315 14
16316 14
16317 14
16318 14
16319 15
16320 13
16321 13
16322 13
16323 14
16324 13
16325 13
16326 13
16327 13
16328 14
16329 13
16330 12
16331 13
16332 13
16333 13
16334 13
16335 12
16336 12
16337 12
16338 13
16339 12
16340 12
16341 13
16342 14
16343 12
16344 12
16345 13
16346 12
16347 12
16348 12
16349 12
16350 12
16351 11
16352 12
16353 12
16354 13
16355 12
16356 11
16357 12
16358 12
16359 12
16360 12
16361 12
16362 12
16363 12
16364 12
16365 12
16366 12
16367 11
16368 12
16369 12
16370 12
16371 12
16372 12
16373 11
16374 12
16375 11
16376 12
16377 12
16378 11
16379 11
16380 11
16381 11
16382 11
16383 11
16384 12
16385 12
16386 11
16387 11
16388 11
16389 12
16390 12
16391 12
16392 12
16393 12
16394 11
16395 11
16396 12
16397 12
16398 12
16399 11
16400 12
16401 12
16402 12
16403 11
16404 12
16405 11
16406 12
16407 13
16408 11
16409 12
16410 11
16411 12
16412 12
16413 12
16414 12
16415 12
16416 12
16417 12
16418 11
16419 12
16420 12
16421 12
16422 12
16423 12
16424 12
16425 12
16426 12
16427 12
16428 12
16429 13
16430 12
16431 12
16432 13
16433 12
16434 12
16435 12
16436 12
16437 12
16438 12
16439 11
16440 12
16441 12
16442 12
16443 12
16444 12
16445 12
16446 12
16447 11
16448 11
16449 12
16450 12
16451 12
16452 12
16453 12
16454 12
16455 12
16456 12
16457 12
16458 13
16459 12
16460 12
16461 12
16462 12
16463 11
16464 12
16465 12
16466 12
16467 12
16468 12
16469 12
16470 12
16471 1
16472 182
16473 91
16474 63
16475 47
16476 40
16477 33
16478 26
16479 26
16480 26
16481 22
16482 22
16483 19
16484 14
16485 13
16486 19
16487 16
16488 17
16489 15
16490 16
16491 14
16492 11
16493 14
16494 15
16495 13
16496 15
16497 7
16498 14
16499 8
16500 13
16501 12
16502 14
16503 12
16504 13
16505 12
16506 9
16507 11
16508 13
16509 11
16510 7
16511 12
16512 13
16513 7
16514 14
16515 11
16516 12
16517 11
16518 12
16519 11
16520 8
16521 11
16522 13
16523 5
16524 12
16525 11
16526 12
16527 7
16528 12
16529 11
16530 12
16531 10
16532 12
16533 10
16534 9
16535 10
16536 7
16537 11
16538 12
16539 10
16540 12
16541 6
16542 12
16543 11
16544 12
16545 10
16546 12
16547 11
16548 8
16549 5
16550 12
16551 11
16552 13
16553 10
16554 12
16555 6
16556 12
16557 10
16558 12
16559 10
16560 12
16561 10
16562 2
16563 10
16564 12
16565 10
16566 12
16567 10
16568 12
16569 6
16570 12
16571 10
16572 13
16573 10
16574 12
16575 5
16576 8
16577 11
16578 12
16579 10
16580 12
16581 11
16582 12
16583 6
16584 12
16585 10
16586 12
16587 10
16588 7
16589 10
16590 9
16591 10
16592 12
16593 10
16594 12
16595 10
16596 12
16597 7
16598 12
16599 10
16600 12
16601 5
16602 12
16603 11
16604 8
16605 10
16606 12
16607 11
16608 12
16609 11
16610 12
16611 7
16612 12
16613 10
16614 7
16615 10
16616 12
16617 10
16618 8
16619 11
16620 12
16621 10
16622 12
16623 10
16624 12
16625 6
16626 12
16627 5
16628 12
16629 11
16630 12
16631 11
16632 8
16633 11
16634 12
16635 11
16636 12
16637 10
16638 12
16639 7
16640 7
16641 10
16642 12
16643 11
16644 12
16645 10
16646 8
16647 11
16648 12
16649 12
16650 12
16651 10
16652 12
16653 1
16654 183
16655 93
16656 61
16657 49
16658 40
16659 32
16660 32
16661 29
16662 23
16663 24
16664 22
16665 19
16666 20
16667 19
16668 16
16669 18
16670 18
16671 14
16672 16
16673 16
16674 13
16675 16
16676 15
16677 12
16678 16
16679 14
16680 12
16681 14
16682 15
16683 11
16684 13
16685 14
16686 11
16687 13
16688 14
16689 11
16690 13
16691 13
16692 11
16693 13
16694 12
16695 10
16696 12
16697 13
16698 10
16699 12
16700 12
16701 11
16702 12
16703 12
16704 10
16705 13
16706 14
16707 10
16708 12
16709 12
16710 11
16711 12
16712 12
16713 10
16714 3
16715 12
16716 9
16717 13
16718 12
16719 10
16720 12
16721 12
16722 10
16723 12
16724 12
16725 9
16726 12
16727 12
16728 10
16729 12
16730 12
16731 9
16732 11
16733 12
16734 10
16735 12
16736 12
16737 9
16738 11
16739 12
16740 9
16741 12
16742 11
16743 9
16744 12
16745 12
16746 9
16747 11
16748 12
16749 9
16750 12
16751 11
16752 9
16753 12
16754 12
16755 10
16756 12
16757 11
16758 9
16759 12
16760 12
16761 10
16762 12
16763 12
16764 9
16765 11
16766 12
16767 9
16768 12
16769 12
16770 10
16771 12
16772 12
16773 9
16774 12
16775 3
16776 10
16777 11
16778 12
16779 10
16780 12
16781 12
16782 9
16783 12
16784 12
16785 9
16786 12
16787 12
16788 10
16789 12
16790 12
16791 10
16792 12
16793 12
16794 10
16795 12
16796 11
16797 10
16798 11
16799 11
16800 11
16801 12
16802 12
16803 9
16804 11
16805 12
16806 10
16807 12
16808 12
16809 10
16810 12
16811 12
16812 9
16813 12
16814 12
16815 9
16816 12
16817 12
16818 10
16819 12
16820 12
16821 10
16822 12
16823 12
16824 10
16825 12
16826 12
16827 10
16828 12
16829 12
16830 9
16831 12
16832 12
16833 10
16834 12
16835 12
16836 1
16837 184
16838 92
16839 64
16840 46
16841 41
16842 33
16843 31
16844 23
16845 26
16846 22
16847 22
16848 18
16849 21
16850 19
16851 18
16852 13
16853 17
16854 16
16855 16
16856 13
16857 16
16858 14
16859 8
16860 10
16861 14
16862 13
16863 14
16864 11
16865 14
16866 13
16867 13
16868 9
16869 13
16870 12
16871 13
16872 10
16873 13
16874 11
16875 13
16876 8
16877 13
16878 11
16879 12
16880 9
16881 12
16882 4
16883 14
16884 8
16885 12
16886 12
16887 12
16888 9
16889 13
16890 11
16891 13
16892 8
16893 12
16894 11
16895 12
16896 9
16897 12
16898 10
16899 12
16900 9
16901 12
16902 10
16903 12
16904 9
16905 5
16906 11
16907 12
16908 8
16909 12
16910 10
16911 12
16912 9
16913 12
16914 10
16915 12
16916 8
16917 12
16918 11
16919 11
16920 9
16921 11
16922 11
16923 12
16924 8
16925 12
16926 10
16927 11
16928 2
16929 11
16930 10
16931 12
16932 8
16933 12
16934 11
16935 11
16936 9
16937 11
16938 11
16939 12
16940 8
16941 12
16942 10
16943 12
16944 9
16945 12
16946 10
16947 12
16948 8
16949 12
16950 10
16951 5
16952 9
16953 11
16954 10
16955 12
16956 8
16957 12
16958 10
16959 12
16960 9
16961 12
16962 11
16963 12
16964 8
16965 12
16966 10
16967 12
16968 9
16969 12
16970 11
16971 12
16972 8
16973 12
16974 4
16975 12
16976 9
16977 12
16978 11
16979 12
16980 8
16981 12
16982 11
16983 12
16984 9
16985 12
16986 10
16987 12
16988 9
16989 12
16990 11
16991 11
16992 9
16993 12
16994 11
16995 12
16996 8
16997 7
16998 12
16999 12
17000 9
17001 12
17002 11
17003 12
17004 8
17005 12
17006 11
17007 12
17008 9
17009 12
17010 10
17011 12
17012 8
17013 12
17014 10
17015 12
17016 9
17017 12
17018 11
17019 12
17020 1
17021 185
17022 94
17023 64
17024 50
17025 37
17026 35
17027 31
17028 29
17029 26
17030 20
17031 23
17032 21
17033 21
17034 19
17035 15
17036 18
17037 18
17038 17
17039 16
17040 13
17041 17
17042 15
17043 15
17044 15
17045 11
17046 14
17047 14
17048 14
17049 13
17050 10
17051 13
17052 14
17053 13
17054 13
17055 10
17056 15
17057 5
17058 13
17059 13
17060 9
17061 13
17062 12
17063 14
17064 13
17065 9
17066 12
17067 12
17068 12
17069 12
17070 9
17071 12
17072 13
17073 12
17074 12
17075 9
17076 12
17077 12
17078 12
17079 12
17080 9
17081 12
17082 12
17083 12
17084 12
17085 8
17086 12
17087 12
17088 12
17089 12
17090 9
17091 11
17092 12
17093 12
17094 4
17095 9
17096 12
17097 12
17098 12
17099 12
17100 9
17101 11
17102 11
17103 12
17104 12
17105 8
17106 11
17107 11
17108 11
17109 12
17110 8
17111 12
17112 12
17113 12
17114 12
17115 8
17116 12
17117 11
17118 11
17119 11
17120 8
17121 12
17122 12
17123 11
17124 11
17125 9
17126 12
17127 12
17128 12
17129 12
17130 8
17131 4
17132 12
17133 12
17134 11
17135 9
17136 12
17137 12
17138 12
17139 12
17140 8
17141 12
17142 12
17143 12
17144 12
17145 9
17146 12
17147 12
17148 11
17149 12
17150 9
17151 12
17152 12
17153 11
17154 12
17155 9
17156 11
17157 12
17158 12
17159 11
17160 9
17161 11
17162 12
17163 12
17164 11
17165 8
17166 12
17167 12
17168 5
17169 12
17170 9
17171 11
17172 12
17173 11
17174 12
17175 10
17176 12
17177 12
17178 12
17179 11
17180 8
17181 12
17182 12
17183 12
17184 12
17185 9
17186 12
17187 12
17188 11
17189 11
17190 9
17191 12
17192 12
17193 12
17194 12
17195 9
17196 12
17197 12
17198 12
17199 12
17200 9
17201 12
17202 12
17203 11
17204 12
17205 1
17206 186
17207 93
17208 62
17209 48
17210 41
17211 31
17212 31
17213 27
17214 23
17215 22
17216 22
17217 17
17218 21
17219 18
17220 16
17221 16
17222 18
17223 13
17224 16
17225 15
17226 13
17227 14
17228 15
17229 11
17230 15
17231 14
17232 13
17233 13
17234 14
17235 10
17236 6
17237 13
17238 11
17239 13
17240 13
17241 9
17242 13
17243 13
17244 11
17245 11
17246 13
17247 9
17248 13
17249 11
17250 11
17251 11
17252 12
17253 10
17254 12
17255 11
17256 10
17257 11
17258 12
17259 9
17260 12
17261 11
17262 11
17263 11
17264 12
17265 8
17266 12
17267 3
17268 10
17269 10
17270 12
17271 9
17272 12
17273 10
17274 10
17275 11
17276 12
17277 8
17278 12
17279 10
17280 10
17281 10
17282 12
17283 8
17284 12
17285 11
17286 10
17287 10
17288 12
17289 8
17290 12
17291 10
17292 10
17293 11
17294 12
17295 8
17296 12
17297 10
17298 2
17299 10
17300 12
17301 8
17302 12
17303 11
17304 10
17305 10
17306 12
17307 8
17308 12
17309 10
17310 10
17311 11
17312 12
17313 8
17314 12
17315 10
17316 10
17317 10
17318 12
17319 8
17320 12
17321 10
17322 10
17323 10
17324 12
17325 9
17326 12
17327 10
17328 10
17329 3
17330 12
17331 8
17332 12
17333 11
17334 11
17335 11
17336 12
17337 8
17338 12
17339 11
17340 10
17341 11
17342 12
17343 8
17344 12
17345 11
17346 11
17347 11
17348 12
17349 8
17350 12
17351 10
17352 11
17353 11
17354 12
17355 8
17356 12
17357 11
17358 10
17359 11
17360 5
17361 8
17362 12
17363 10
17364 10
17365 10
17366 12
17367 10
17368 12
17369 11
17370 10
17371 11
17372 12
17373 8
17374 12
17375 10
17376 10
17377 11
17378 12
17379 8
17380 12
17381 10
17382 10
17383 11
17384 12
17385 8
17386 12
17387 10
17388 10
17389 11
17390 12
17391 1
17392 187
17393 95
17394 65
17395 50
17396 41
17397 35
17398 31
17399 28
17400 26
17401 24
17402 17
17403 21
17404 20
17405 19
17406 19
17407 18
17408 11
17409 17
17410 16
17411 16
17412 15
17413 10
17414 15
17415 15
17416 15
17417 14
17418 16
17419 14
17420 15
17421 14
17422 14
17423 13
17424 8
17425 7
17426 13
17427 14
17428 13
17429 13
17430 13
17431 13
17432 13
17433 13
17434 13
17435 8
17436 13
17437 12
17438 12
17439 12
17440 12
17441 12
17442 6
17443 12
17444 13
17445 12
17446 7
17447 12
17448 12
17449 12
17450 12
17451 13
17452 12
17453 12
17454 12
17455 12
17456 12
17457 7
17458 12
17459 6
17460 12
17461 12
17462 12
17463 12
17464 12
17465 12
17466 12
17467 11
17468 7
17469 12
17470 12
17471 12
17472 12
17473 12
17474 12
17475 11
17476 6
17477 11
17478 12
17479 8
17480 11
17481 12
17482 13
17483 12
17484 12
17485 12
17486 12
17487 12
17488 12
17489 11
17490 8
17491 12
17492 11
17493 6
17494 11
17495 12
17496 12
17497 12
17498 12
17499 12
17500 12
17501 7
17502 11
17503 12
17504 12
17505 12
17506 12
17507 12
17508 12
17509 12
17510 6
17511 11
17512 7
17513 12
17514 12
17515 12
17516 12
17517 12
17518 11
17519 12
17520 12
17521 12
17522 12
17523 7
17524 12
17525 12
17526 12
17527 6
17528 11
17529 12
17530 12
17531 12
17532 12
17533 12
17534 8
17535 12
17536 12
17537 12
17538 12
17539 12
17540 12
17541 12
17542 12
17543 11
17544 7
17545 7
17546 12
17547 12
17548 12
17549 12
17550 12
17551 12
17552 12
17553 12
17554 12
17555 12
17556 8
17557 11
17558 12
17559 12
17560 12
17561 6
17562 12
17563 12
17564 12
17565 12
17566 12
17567 8
17568 12
17569 12
17570 12
17571 12
17572 12
17573 12
17574 12
17575 12
17576 12
17577 12
17578 1
17579 188
17580 94
17581 65
17582 47
17583 41
17584 34
17585 31
17586 25
17587 27
17588 23
17589 23
17590 18
17591 20
17592 18
17593 19
17594 15
17595 18
17596 16
17597 18
17598 13
17599 16
17600 14
17601 15
17602 12
17603 15
17604 14
17605 14
17606 11
17607 14
17608 12
17609 14
17610 12
17611 14
17612 13
17613 14
17614 11
17615 13
17616 11
17617 14
17618 10
17619 13
17620 11
17621 12
17622 10
17623 12
17624 11
17625 4
17626 10
17627 12
17628 11
17629 12
17630 9
17631 13
17632 11
17633 13
17634 9
17635 12
17636 12
17637 12
17638 10
17639 12
17640 11
17641 12
17642 9
17643 12
17644 10
17645 12
17646 10
17647 12
17648 10
17649 12
17650 9
17651 12
17652 10
17653 12
17654 9
17655 12
17656 10
17657 12
17658 9
17659 12
17660 10
17661 12
17662 9
17663 12
17664 10
17665 13
17666 9
17667 12
17668 10
17669 12
17670 9
17671 12
17672 2
17673 12
17674 9
17675 12
17676 10
17677 12
17678 9
17679 12
17680 10
17681 12
17682 9
17683 12
17684 10
17685 12
17686 9
17687 12
17688 10
17689 12
17690 9
17691 12
17692 10
17693 12
17694 9
17695 12
17696 10
17697 12
17698 9
17699 12
17700 10
17701 12
17702 9
17703 12
17704 11
17705 12
17706 10
17707 12
17708 10
17709 12
17710 9
17711 12
17712 10
17713 12
17714 9
17715 12
17716 11
17717 12
17718 9
17719 4
17720 10
17721 12
17722 9
17723 12
17724 10
17725 12
17726 9
17727 12
17728 10
17729 12
17730 9
17731 12
17732 11
17733 12
17734 9
17735 12
17736 11
17737 12
17738 9
17739 12
17740 10
17741 12
17742 9
17743 12
17744 10
17745 12
17746 9
17747 12
17748 10
17749 12
17750 11
17751 12
17752 11
17753 12
17754 9
17755 12
17756 10
17757 12
17758 9
17759 12
17760 11
17761 12
17762 9
17763 12
17764 11
17765 12
17766 1
17767 189
17768 96
17769 63
17770 51
17771 42
17772 33
17773 27
17774 28
17775 21
17776 24
17777 22
17778 19
17779 20
17780 15
17781 16
17782 19
17783 19
17784 12
17785 16
17786 17
17787 9
17788 16
17789 16
17790 14
17791 15
17792 14
17793 7
17794 10
17795 14
17796 12
17797 14
17798 13
17799 11
17800 13
17801 9
17802 9
17803 13
17804 13
17805 10
17806 12
17807 13
17808 6
17809 14
17810 12
17811 8
17812 13
17813 13
17814 10
17815 8
17816 12
17817 10
17818 12
17819 12
17820 5
17821 12
17822 8
17823 10
17824 12
17825 14
17826 10
17827 12
17828 12
17829 3
17830 12
17831 12
17832 10
17833 13
17834 12
17835 10
17836 8
17837 12
17838 7
17839 12
17840 12
17841 10
17842 12
17843 8
17844 10
17845 12
17846 12
17847 5
17848 12
17849 13
17850 6
17851 12
17852 12
17853 10
17854 13
17855 13
17856 7
17857 8
17858 12
17859 10
17860 12
17861 12
17862 10
17863 12
17864 8
17865 7
17866 13
17867 13
17868 10
17869 12
17870 12
17871 6
17872 12
17873 12
17874 5
17875 12
17876 12
17877 10
17878 8
17879 12
17880 10
17881 12
17882 12
17883 7
17884 12
17885 8
17886 10
17887 12
17888 12
17889 10
17890 12
17891 12
17892 3
17893 12
17894 12
17895 10
17896 12
17897 12
17898 10
17899 8
17900 12
17901 5
17902 12
17903 12
17904 10
17905 12
17906 8
17907 10
17908 12
17909 12
17910 8
17911 12
17912 12
17913 6
17914 12
17915 12
17916 10
17917 13
17918 12
17919 9
17920 8
17921 12
17922 10
17923 12
17924 12
17925 10
17926 12
17927 8
17928 5
17929 12
17930 12
17931 10
17932 12
17933 12
17934 7
17935 12
17936 12
17937 7
17938 12
17939 12
17940 10
17941 10
17942 12
17943 10
17944 12
17945 12
17946 8
17947 12
17948 8
17949 10
17950 12
17951 12
17952 10
17953 12
17954 12
17955 1
17956 190
17957 95
17958 66
17959 49
17960 38
17961 34
17962 33
17963 27
17964 26
17965 19
17966 23
17967 20
17968 20
17969 18
17970 15
17971 18
17972 17
17973 16
17974 10
17975 11
17976 16
17977 14
17978 16
17979 14
17980 11
17981 14
17982 14
17983 13
17984 15
17985 9
17986 13
17987 12
17988 14
17989 12
17990 10
17991 12
17992 13
17993 5
17994 13
17995 8
17996 13
17997 11
17998 12
17999 12
18000 10
18001 11
18002 12
18003 11
18004 13
18005 8
18006 12
18007 12
18008 12
18009 11
18010 9
18011 11
18012 6
18013 10
18014 12
18015 7
18016 12
18017 11
18018 12
18019 11
18020 9
18021 11
18022 12
18023 11
18024 12
18025 7
18026 12
18027 11
18028 12
18029 11
18030 9
18031 4
18032 12
18033 11
18034 11
18035 7
18036 12
18037 10
18038 12
18039 11
18040 10
18041 11
18042 12
18043 11
18044 11
18045 7
18046 12
18047 10
18048 12
18049 11
18050 2
18051 11
18052 12
18053 10
18054 12
18055 7
18056 11
18057 11
18058 12
18059 11
18060 10
18061 11
18062 12
18063 10
18064 12
18065 7
18066 11
18067 10
18068 12
18069 4
18070 9
18071 11
18072 12
18073 11
18074 12
18075 7
18076 12
18077 11
18078 12
18079 11
18080 9
18081 11
18082 12
18083 11
18084 11
18085 7
18086 11
18087 10
18088 6
18089 11
18090 9
18091 11
18092 12
18093 11
18094 11
18095 7
18096 13
18097 11
18098 12
18099 11
18100 10
18101 11
18102 12
18103 10
18104 12
18105 7
18106 12
18107 5
18108 12
18109 11
18110 9
18111 11
18112 12
18113 11
18114 12
18115 7
18116 12
18117 10
18118 12
18119 11
18120 9
18121 11
18122 12
18123 11
18124 12
18125 9
18126 6
18127 11
18128 12
18129 11
18130 9
18131 11
18132 12
18133 11
18134 12
18135 7
18136 12
18137 11
18138 12
18139 11
18140 9
18141 11
18142 12
18143 11
18144 12
18145 1
18146 191
18147 97
18148 66
18149 51
18150 42
18151 36
18152 32
18153 30
18154 27
18155 24
18156 23
18157 22
18158 21
18159 20
18160 19
18161 18
18162 19
18163 17
18164 18
18165 17
18166 16
18167 15
18168 16
18169 15
18170 15
18171 14
18172 14
18173 15
18174 14
18175 14
18176 15
18177 14
18178 13
18179 13
18180 13
18181 13
18182 13
18183 13
18184 13
18185 13
18186 13
18187 13
18188 14
18189 12
18190 13
18191 13
18192 12
18193 13
18194 13
18195 12
18196 12
18197 13
18198 12
18199 12
18200 12
18201 12
18202 12
18203 12
18204 12
18205 12
18206 11
18207 12
18208 12
18209 12
18210 12
18211 12
18212 12
18213 12
18214 13
18215 12
18216 12
18217 12
18218 12
18219 12
18220 12
18221 11
18222 12
18223 12
18224 12
18225 12
18226 11
18227 12
18228 12
18229 12
18230 12
18231 12
18232 11
18233 11
18234 11
18235 11
18236 12
18237 13
18238 11
18239 11
18240 11
18241 11
18242 11
18243 11
18244 13
18245 12
18246 11
18247 11
18248 11
18249 11
18250 12
18251 12
18252 12
18253 12
18254 12
18255 11
18256 12
18257 11
18258 12
18259 12
18260 11
18261 11
18262 11
18263 12
18264 12
18265 12
18266 12
18267 12
18268 12
18269 12
18270 12
18271 12
18272 11
18273 12
18274 11
18275 11
18276 12
18277 12
18278 12
18279 12
18280 12
18281 12
18282 11
18283 11
18284 12
18285 12
18286 12
18287 12
18288 12
18289 12
18290 12
18291 12
18292 11
18293 12
18294 12
18295 12
18296 12
18297 12
18298 11
18299 12
18300 12
18301 12
18302 12
18303 12
18304 12
18305 12
18306 12
18307 11
18308 12
18309 12
18310 12
18311 12
18312 12
18313 12
18314 12
18315 12
18316 12
18317 12
18318 12
18319 12
18320 12
18321 12
18322 11
18323 12
18324 12
18325 12
18326 12
18327 12
18328 12
18329 12
18330 12
18331 12
18332 12
18333 12
18334 12
18335 12
18336 1
18337 192
18338 96
18339 64
18340 48
18341 42
18342 32
18343 32
18344 24
18345 24
18346 23
18347 23
18348 16
18349 21
18350 18
18351 17
18352 12
18353 18
18354 13
18355 16
18356 13
18357 15
18358 14
18359 15
18360 8
18361 16
18362 13
18363 12
18364 11
18365 14
18366 10
18367 15
18368 6
18369 12
18370 12
18371 14
18372 8
18373 13
18374 13
18375 11
18376 9
18377 12
18378 9
18379 13
18380 10
18381 10
18382 11
18383 12
18384 4
18385 12
18386 11
18387 11
18388 10
18389 12
18390 9
18391 12
18392 8
18393 10
18394 12
18395 13
18396 7
18397 12
18398 11
18399 10
18400 3
18401 12
18402 8
18403 12
18404 9
18405 10
18406 10
18407 12
18408 5
18409 12
18410 10
18411 10
18412 9
18413 12
18414 8
18415 12
18416 6
18417 10
18418 10
18419 12
18420 7
18421 12
18422 12
18423 10
18424 7
18425 12
18426 9
18427 12
18428 9
18429 10
18430 10
18431 12
18432 2
18433 12
18434 10
18435 10
18436 9
18437 12
18438 9
18439 12
18440 7
18441 10
18442 12
18443 12
18444 7
18445 12
18446 10
18447 10
18448 6
18449 12
18450 8
18451 12
18452 9
18453 10
18454 10
18455 12
18456 5
18457 12
18458 10
18459 10
18460 9
18461 12
18462 8
18463 12
18464 3
18465 10
18466 10
18467 12
18468 7
18469 12
18470 12
18471 10
18472 8
18473 12
18474 9
18475 12
18476 10
18477 10
18478 10
18479 12
18480 4
18481 12
18482 10
18483 10
18484 10
18485 12
18486 9
18487 12
18488 9
18489 10
18490 12
18491 12
18492 8
18493 12
18494 10
18495 11
18496 5
18497 12
18498 8
18499 12
18500 9
18501 11
18502 10
18503 12
18504 7
18505 12
18506 10
18507 10
18508 9
18509 12
18510 8
18511 12
18512 7
18513 10
18514 11
18515 12
18516 7
18517 13
18518 12
18519 10
18520 8
18521 12
18522 9
18523 12
18524 10
18525 10
18526 10
18527 12
18528 1
18529 193
18530 98
18531 67
18532 52
18533 42
18534 36
18535 32
18536 30
18537 27
18538 25
18539 23
18540 22
18541 20
18542 20
18543 19
18544 19
18545 18
18546 17
18547 17
18548 16
18549 16
18550 16
18551 16
18552 15
18553 15
18554 15
18555 16
18556 16
18557 14
18558 14
18559 14
18560 14
18561 13
18562 13
18563 14
18564 13
18565 13
18566 13
18567 13
18568 13
18569 13
18570 13
18571 13
18572 12
18573 13
18574 12
18575 12
18576 12
18577 12
18578 12
18579 12
18580 12
18581 12
18582 12
18583 12
18584 12
18585 12
18586 12
18587 12
18588 12
18589 13
18590 12
18591 12
18592 12
18593 12
18594 12
18595 12
18596 12
18597 12
18598 12
18599 12
18600 12
18601 12
18602 12
18603 12
18604 12
18605 12
18606 12
18607 12
18608 12
18609 12
18610 12
18611 12
18612 12
18613 12
18614 12
18615 13
18616 12
18617 12
18618 12
18619 12
18620 12
18621 12
18622 12
18623 12
18624 12
18625 12
18626 12
18627 12
18628 12
18629 12
18630 12
18631 12
18632 12
18633 12
18634 13
18635 12
18636 12
18637 12
18638 12
18639 12
18640 12
18641 12
18642 12
18643 12
18644 12
18645 12
18646 12
18647 12
18648 12
18649 12
18650 12
18651 12
18652 12
18653 12
18654 12
18655 12
18656 12
18657 12
18658 12
18659 12
18660 12
18661 12
18662 12
18663 12
18664 12
18665 12
18666 12
18667 12
18668 12
18669 12
18670 12
18671 12
18672 12
18673 12
18674 12
18675 12
18676 12
18677 12
18678 12
18679 12
18680 12
18681 12
18682 12
18683 12
18684 12
18685 12
18686 12
18687 13
18688 12
18689 12
18690 12
18691 12
18692 12
18693 12
18694 12
18695 12
18696 12
18697 12
18698 12
18699 12
18700 12
18701 12
18702 12
18703 12
18704 12
18705 12
18706 12
18707 12
18708 12
18709 12
18710 12
18711 12
18712 12
18713 12
18714 12
18715 12
18716 12
18717 12
18718 12
18719 12
18720 12
18721 1
18722 194
18723 97
18724 67
18725 50
18726 43
18727 35
18728 32
18729 28
18730 27
18731 23
18732 23
18733 20
18734 21
18735 18
18736 19
18737 18
18738 18
18739 16
18740 18
18741 15
18742 16
18743 15
18744 16
18745 14
18746 15
18747 13
18748 14
18749 13
18750 15
18751 13
18752 14
18753 13
18754 14
18755 12
18756 13
18757 12
18758 13
18759 11
18760 13
18761 11
18762 13
18763 11
18764 13
18765 11
18766 13
18767 12
18768 13
18769 11
18770 12
18771 11
18772 13
18773 11
18774 13
18775 11
18776 12
18777 11
18778 12
18779 11
18780 12
18781 11
18782 12
18783 10
18784 12
18785 11
18786 12
18787 11
18788 13
18789 11
18790 12
18791 11
18792 12
18793 11
18794 12
18795 11
18796 12
18797 11
18798 12
18799 12
18800 11
18801 11
18802 13
18803 11
18804 12
18805 11
18806 11
18807 10
18808 12
18809 11
18810 11
18811 11
18812 11
18813 11
18814 11
18815 10
18816 12
18817 10
18818 2
18819 10
18820 12
18821 10
18822 11
18823 11
18824 11
18825 11
18826 11
18827 11
18828 12
18829 10
18830 11
18831 11
18832 12
18833 11
18834 12
18835 11
18836 11
18837 11
18838 12
18839 11
18840 11
18841 11
18842 12
18843 11
18844 12
18845 11
18846 12
18847 11
18848 12
18849 10
18850 11
18851 11
18852 12
18853 10
18854 12
18855 11
18856 12
18857 11
18858 12
18859 11
18860 12
18861 10
18862 12
18863 11
18864 13
18865 10
18866 12
18867 11
18868 12
18869 11
18870 12
18871 11
18872 12
18873 11
18874 12
18875 11
18876 12
18877 11
18878 12
18879 10
18880 11
18881 11
18882 12
18883 11
18884 12
18885 11
18886 12
18887 11
18888 12
18889 11
18890 12
18891 11
18892 12
18893 11
18894 12
18895 11
18896 12
18897 10
18898 12
18899 11
18900 12
18901 11
18902 12
18903 11
18904 11
18905 11
18906 12
18907 11
18908 12
18909 10
18910 12
18911 11
18912 12
18913 11
18914 12
18915 1
18916 195
18917 99
18918 65
18919 52
18920 39
18921 34
18922 32
18923 29
18924 24
18925 21
18926 23
18927 20
18928 15
18929 20
18930 13
18931 18
18932 19
18933 15
18934 18
18935 13
18936 14
18937 16
18938 16
18939 14
18940 12
18941 9
18942 13
18943 14
18944 14
18945 8
18946 14
18947 15
18948 11
18949 13
18950 10
18951 11
18952 13
18953 13
18954 5
18955 11
18956 13
18957 11
18958 13
18959 13
18960 7
18961 12
18962 13
18963 11
18964 12
18965 9
18966 10
18967 7
18968 13
18969 10
18970 9
18971 12
18972 10
18973 12
18974 12
18975 7
18976 12
18977 12
18978 10
18979 12
18980 3
18981 10
18982 12
18983 12
18984 11
18985 9
18986 12
18987 10
18988 12
18989 12
18990 6
18991 12
18992 13
18993 4
18994 12
18995 9
18996 10
18997 12
18998 13
18999 10
19000 9
19001 12
19002 11
19003 12
19004 12
19005 6
19006 8
19007 12
19008 10
19009 11
19010 10
19011 10
19012 12
19013 12
19014 10
19015 9
19016 11
19017 10
19018 12
19019 8
19020 6
19021 12
19022 12
19023 11
19024 12
19025 9
19026 10
19027 12
19028 12
19029 10
19030 9
19031 12
19032 4
19033 12
19034 12
19035 6
19036 12
19037 12
19038 10
19039 12
19040 9
19041 10
19042 12
19043 12
19044 10
19045 3
19046 11
19047 10
19048 12
19049 12
19050 7
19051 12
19052 12
19053 10
19054 11
19055 9
19056 10
19057 12
19058 7
19059 10
19060 9
19061 12
19062 11
19063 12
19064 12
19065 7
19066 12
19067 12
19068 10
19069 12
19070 9
19071 5
19072 12
19073 12
19074 10
19075 10
19076 12
19077 10
19078 12
19079 12
19080 6
19081 12
19082 12
19083 10
19084 8
19085 9
19086 10
19087 12
19088 13
19089 10
19090 9
19091 12
19092 10
19093 12
19094 12
19095 7
19096 12
19097 7
19098 10
19099 13
19100 9
19101 10
19102 12
19103 12
19104 10
19105 9
19106 11
19107 10
19108 12
19109 12
19110 1
19111 196
19112 98
19113 68
19114 49
19115 43
19116 35
19117 28
19118 26
19119 27
19120 23
19121 24
19122 19
19123 21
19124 14
19125 19
19126 16
19127 19
19128 17
19129 17
19130 14
19131 12
19132 14
19133 16
19134 12
19135 15
19136 13
19137 15
19138 7
19139 15
19140 13
19141 14
19142 12
19143 14
19144 13
19145 9
19146 11
19147 14
19148 12
19149 13
19150 10
19151 13
19152 7
19153 13
19154 10
19155 13
19156 12
19157 12
19158 10
19159 4
19160 11
19161 12
19162 10
19163 13
19164 11
19165 12
19166 5
19167 12
19168 10
19169 12
19170 9
19171 13
19172 12
19173 8
19174 10
19175 12
19176 11
19177 12
19178 10
19179 12
19180 7
19181 12
19182 9
19183 12
19184 10
19185 12
19186 9
19187 8
19188 10
19189 12
19190 10
19191 12
19192 11
19193 12
19194 5
19195 12
19196 10
19197 12
19198 9
19199 12
19200 10
19201 9
19202 9
19203 12
19204 10
19205 12
19206 9
19207 12
19208 2
19209 12
19210 9
19211 12
19212 10
19213 12
19214 9
19215 8
19216 10
19217 12
19218 9
19219 12
19220 10
19221 12
19222 5
19223 12
19224 11
19225 12
19226 10
19227 12
19228 10
19229 8
19230 9
19231 12
19232 10
19233 12
19234 9
19235 12
19236 7
19237 12
19238 10
19239 12
19240 11
19241 12
19242 10
19243 8
19244 11
19245 12
19246 9
19247 12
19248 10
19249 12
19250 5
19251 12
19252 10
19253 12
19254 9
19255 12
19256 10
19257 4
19258 9
19259 12
19260 10
19261 12
19262 9
19263 12
19264 7
19265 12
19266 9
19267 12
19268 10
19269 12
19270 9
19271 9
19272 10
19273 12
19274 9
19275 12
19276 10
19277 12
19278 5
19279 12
19280 10
19281 12
19282 10
19283 12
19284 10
19285 10
19286 10
19287 12
19288 10
19289 13
19290 9
19291 12
19292 7
19293 12
19294 9
19295 12
19296 10
19297 12
19298 9
19299 8
19300 11
19301 12
19302 9
19303 12
19304 11
19305 12
19306 1
19307 197
19308 100
19309 68
19310 53
19311 43
19312 37
19313 34
19314 29
19315 28
19316 25
19317 23
19318 22
19319 22
19320 20
19321 20
19322 19
19323 18
19324 18
19325 17
19326 16
19327 16
19328 16
19329 16
19330 17
19331 15
19332 15
19333 15
19334 15
19335 15
19336 14
19337 15
19338 13
19339 14
19340 14
19341 14
19342 15
19343 13
19344 13
19345 13
19346 13
19347 13
19348 13
19349 13
19350 13
19351 13
19352 12
19353 12
19354 12
19355 13
19356 12
19357 13
19358 12
19359 13
19360 12
19361 12
19362 12
19363 12
19364 12
19365 12
19366 13
19367 12
19368 12
19369 12
19370 13
19371 12
19372 12
19373 12
19374 12
19375 12
19376 12
19377 13
19378 12
19379 12
19380 12
19381 12
19382 12
19383 12
19384 12
19385 12
19386 12
19387 12
19388 12
19389 12
19390 12
19391 13
19392 12
19393 12
19394 12
19395 12
19396 12
19397 12
19398 12
19399 12
19400 12
19401 12
19402 13
19403 12
19404 12
19405 12
19406 12
19407 13
19408 12
19409 12
19410 12
19411 12
19412 12
19413 12
19414 12
19415 12
19416 12
19417 12
19418 12
19419 12
19420 12
19421 12
19422 12
19423 12
19424 12
19425 12
19426 12
19427 12
19428 12
19429 12
19430 12
19431 12
19432 12
19433 12
19434 12
19435 12
19436 12
19437 12
19438 12
19439 12
19440 12
19441 12
19442 12
19443 13
19444 12
19445 12
19446 12
19447 12
19448 12
19449 12
19450 13
19451 12
19452 12
19453 12
19454 12
19455 12
19456 12
19457 12
19458 12
19459 12
19460 12
19461 12
19462 12
19463 12
19464 12
19465 12
19466 12
19467 12
19468 12
19469 12
19470 12
19471 12
19472 12
19473 12
19474 12
19475 12
19476 12
19477 13
19478 12
19479 12
19480 12
19481 12
19482 12
19483 12
19484 12
19485 12
19486 12
19487 12
19488 12
19489 12
19490 12
19491 12
19492 12
19493 12
19494 12
19495 12
19496 12
19497 12
19498 12
19499 12
19500 12
19501 12
19502 12
19503 1
19504 198
19505 99
19506 66
19507 51
19508 43
19509 33
19510 33
19511 28
19512 22
19513 24
19514 18
19515 18
19516 22
19517 20
19518 17
19519 17
19520 18
19521 11
19522 17
19523 15
19524 14
19525 9
19526 16
19527 12
19528 15
19529 13
19530 10
19531 13
19532 16
19533 10
19534 14
19535 12
19536 6
19537 12
19538 14
19539 7
19540 13
19541 13
19542 11
19543 12
19544 13
19545 9
19546 13
19547 6
19548 8
19549 12
19550 13
19551 10
19552 13
19553 11
19554 11
19555 11
19556 12
19557 6
19558 7
19559 11
19560 10
19561 11
19562 13
19563 9
19564 12
19565 12
19566 9
19567 12
19568 12
19569 3
19570 12
19571 11
19572 10
19573 11
19574 12
19575 6
19576 12
19577 11
19578 10
19579 10
19580 7
19581 8
19582 12
19583 10
19584 8
19585 11
19586 12
19587 8
19588 12
19589 12
19590 9
19591 6
19592 12
19593 6
19594 12
19595 11
19596 9
19597 10
19598 12
19599 9
19600 12
19601 11
19602 2
19603 11
19604 12
19605 9
19606 12
19607 10
19608 9
19609 11
19610 12
19611 6
19612 12
19613 6
19614 9
19615 11
19616 12
19617 8
19618 12
19619 11
19620 8
19621 10
19622 12
19623 8
19624 7
19625 10
19626 10
19627 11
19628 12
19629 6
19630 12
19631 11
19632 10
19633 11
19634 12
19635 3
19636 12
19637 11
19638 8
19639 11
19640 12
19641 9
19642 12
19643 11
19644 10
19645 11
19646 7
19647 6
19648 12
19649 10
19650 9
19651 11
19652 12
19653 10
19654 12
19655 10
19656 8
19657 6
19658 12
19659 8
19660 12
19661 10
19662 10
19663 11
19664 12
19665 7
19666 12
19667 11
19668 5
19669 11
19670 12
19671 8
19672 12
19673 10
19674 8
19675 10
19676 12
19677 9
19678 12
19679 7
19680 10
19681 11
19682 12
19683 6
19684 12
19685 11
19686 10
19687 12
19688 12
19689 9
19690 8
19691 11
19692 8
19693 11
19694 12
19695 9
19696 12
19697 11
19698 10
19699 11
19700 13
19701 1
19702 199
19703 101
19704 69
19705 53
19706 44
19707 37
19708 33
19709 31
19710 27
19711 25
19712 24
19713 22
19714 22
19715 20
19716 19
19717 19
19718 18
19719 17
19720 17
19721 17
19722 16
19723 16
19724 16
19725 15
19726 15
19727 16
19728 15
19729 14
19730 15
19731 14
19732 14
19733 15
19734 14
19735 14
19736 13
19737 14
19738 14
19739 13
19740 13
19741 13
19742 13
19743 13
19744 13
19745 13
19746 13
19747 13
19748 14
19749 12
19750 14
19751 13
19752 13
19753 13
19754 13
19755 12
19756 12
19757 12
19758 13
19759 12
19760 12
19761 12
19762 13
19763 12
19764 12
19765 12
19766 12
19767 12
19768 12
19769 12
19770 11
19771 12
19772 12
19773 12
19774 12
19775 12
19776 12
19777 12
19778 12
19779 12
19780 12
19781 12
19782 12
19783 12
19784 12
19785 11
19786 11
19787 12
19788 12
19789 11
19790 11
19791 12
19792 12
19793 12
19794 11
19795 11
19796 11
19797 11
19798 12
19799 11
19800 12
19801 12
19802 11
19803 12
19804 11
19805 11
19806 11
19807 11
19808 12
19809 11
19810 12
19811 11
19812 11
19813 12
19814 12
19815 11
19816 11
19817 12
19818 12
19819 12
19820 12
19821 11
19822 11
19823 11
19824 12
19825 12
19826 11
19827 12
19828 12
19829 12
19830 11
19831 11
19832 12
19833 12
19834 12
19835 12
19836 11
19837 12
19838 12
19839 12
19840 12
19841 12
19842 12
19843 12
19844 12
19845 12
19846 11
19847 12
19848 12
19849 12
19850 12
19851 12
19852 12
19853 12
19854 12
19855 12
19856 11
19857 12
19858 12
19859 12
19860 12
19861 12
19862 12
19863 12
19864 12
19865 12
19866 12
19867 12
19868 12
19869 12
19870 11
19871 12
19872 12
19873 12
19874 12
19875 12
19876 12
19877 12
19878 12
19879 11
19880 12
19881 12
19882 12
19883 12
19884 12
19885 12
19886 12
19887 12
19888 12
19889 12
19890 12
19891 12
19892 12
19893 12
19894 12
19895 12
19896 12
19897 12
19898 12
19899 12
19900 1
19901 200
19902 100
19903 69
19904 50
19905 40
19906 36
19907 33
19908 25
19909 28
19910 20
19911 23
19912 19
19913 21
19914 19
19915 16
19916 14
19917 19
19918 16
19919 17
19920 10
19921 16
19922 15
19923 16
19924 11
19925 8
19926 14
19927 15
19928 13
19929 14
19930 9
19931 14
19932 10
19933 14
19934 13
19935 10
19936 11
19937 13
19938 13
19939 13
19940 5
19941 15
19942 12
19943 13
19944 10
19945 10
19946 11
19947 12
19948 8
19949 14
19950 4
19951 12
19952 9
19953 12
19954 11
19955 9
19956 8
19957 12
19958 12
19959 12
19960 6
19961 13
19962 11
19963 12
19964 9
19965 9
19966 11
19967 12
19968 10
19969 12
19970 7
19971 12
19972 8
19973 12
19974 11
19975 5
19976 9
19977 12
19978 11
19979 12
19980 4
19981 12
19982 11
19983 12
19984 9
19985 9
19986 11
19987 12
19988 8
19989 12
19990 8
19991 12
19992 9
19993 12
19994 11
19995 8
19996 8
19997 12
19998 11
19999 12
20000 2
20001 12
20002 11
20003 12
20004 8
20005 8
20006 11
20007 12
20008 9
20009 12
20010 8
20011 12
20012 8
20013 12
20014 11
20015 9
20016 9
20017 12
20018 11
20019 12
20020 4
20021 12
20022 11
20023 12
20024 9
20025 5
20026 11
20027 12
20028 8
20029 12
20030 7
20031 12
20032 9
20033 12
20034 11
20035 9
20036 9
20037 12
20038 11
20039 12
20040 6
20041 12
20042 11
20043 12
20044 8
20045 8
20046 11
20047 12
20048 9
20049 12
20050 4
20051 12
20052 8
20053 12
20054 11
20055 9
20056 9
20057 12
20058 12
20059 12
20060 5
20061 12
20062 11
20063 12
20064 9
20065 9
20066 11
20067 12
20068 8
20069 12
20070 7
20071 12
20072 9
20073 12
20074 11
20075 7
20076 8
20077 12
20078 12
20079 12
20080 6
20081 12
20082 11
20083 12
20084 8
20085 9
20086 11
20087 12
20088 9
20089 12
20090 9
20091 12
20092 8
20093 12
20094 11
20095 9
20096 10
20097 12
20098 11
20099 12
20100 1
20101 201
20102 102
20103 67
20104 54
20105 44
20106 35
20107 33
20108 31
20109 25
20110 25
20111 24
20112 20
20113 21
20114 20
20115 17
20116 19
20117 18
20118 15
20119 17
20120 17
20121 14
20122 16
20123 16
20124 13
20125 15
20126 15
20127 13
20128 14
20129 14
20130 12
20131 14
20132 14
20133 12
20134 14
20135 13
20136 11
20137 14
20138 13
20139 12
20140 13
20141 13
20142 11
20143 13
20144 13
20145 11
20146 13
20147 13
20148 10
20149 12
20150 12
20151 11
20152 13
20153 13
20154 10
20155 13
20156 12
20157 10
20158 13
20159 12
20160 10
20161 13
20162 12
20163 10
20164 12
20165 12
20166 10
20167 3
20168 12
20169 10
20170 12
20171 12
20172 10
20173 12
20174 12
20175 11
20176 12
20177 12
20178 10
20179 13
20180 12
20181 10
20182 12
20183 12
20184 10
20185 12
20186 12
20187 11
20188 12
20189 12
20190 10
20191 12
20192 12
20193 11
20194 12
20195 12
20196 11
20197 12
20198 12
20199 10
20200 12
20201 12
20202 10
20203 12
20204 12
20205 10
20206 12
20207 12
20208 10
20209 12
20210 12
20211 10
20212 12
20213 12
20214 11
20215 12
20216 12
20217 10
20218 12
20219 12
20220 10
20221 12
20222 12
20223 10
20224 12
20225 12
20226 10
20227 12
20228 12
20229 10
20230 12
20231 12
20232 10
20233 12
20234 3
20235 10
20236 12
20237 12
20238 10
20239 12
20240 12
20241 10
20242 12
20243 12
20244 10
20245 12
20246 12
20247 10
20248 12
20249 12
20250 10
20251 12
20252 12
20253 10
20254 12
20255 12
20256 10
20257 12
20258 13
20259 10
20260 12
20261 12
20262 10
20263 12
20264 12
20265 11
20266 12
20267 12
20268 10
20269 12
20270 12
20271 10
20272 12
20273 12
20274 10
20275 12
20276 12
20277 10
20278 12
20279 12
20280 11
20281 12
20282 12
20283 10
20284 12
20285 12
20286 10
20287 12
20288 12
20289 10
20290 12
20291 12
20292 10
20293 12
20294 12
20295 10
20296 12
20297 13
20298 10
20299 12
20300 12
20301 1
20302 202
20303 101
20304 70
20305 52
20306 44
20307 36
20308 33
20309 29
20310 28
20311 24
20312 24
20313 21
20314 21
20315 19
20316 20
20317 17
20318 19
20319 17
20320 17
20321 15
20322 16
20323 14
20324 16
20325 14
20326 17
20327 14
20328 15
20329 13
20330 15
20331 13
20332 14
20333 13
20334 14
20335 13
20336 14
20337 12
20338 13
20339 12
20340 13
20341 12
20342 13
20343 13
20344 13
20345 12
20346 13
20347 12
20348 13
20349 13
20350 12
20351 11
20352 13
20353 11
20354 14
20355 11
20356 12
20357 11
20358 12
20359 11
20360 12
20361 11
20362 13
20363 11
20364 12
20365 10
20366 12
20367 11
20368 12
20369 11
20370 13
20371 10
20372 12
20373 12
20374 12
20375 11
20376 12
20377 11
20378 12
20379 11
20380 12
20381 10
20382 12
20383 10
20384 12
20385 10
20386 12
20387 11
20388 12
20389 10
20390 12
20391 11
20392 12
20393 10
20394 12
20395 11
20396 12
20397 10
20398 12
20399 12
20400 12
20401 10
20402 2
20403 10
20404 12
20405 12
20406 12
20407 10
20408 12
20409 11
20410 12
20411 10
20412 12
20413 11
20414 12
20415 10
20416 12
20417 11
20418 12
20419 10
20420 12
20421 10
20422 12
20423 10
20424 12
20425 10
20426 12
20427 11
20428 12
20429 11
20430 12
20431 12
20432 12
20433 10
20434 12
20435 11
20436 12
20437 11
20438 12
20439 10
20440 12
20441 11
20442 12
20443 11
20444 12
20445 10
20446 12
20447 10
20448 12
20449 10
20450 13
20451 10
20452 13
20453 11
20454 12
20455 11
20456 12
20457 11
20458 12
20459 12
20460 12
20461 11
20462 12
20463 12
20464 12
20465 11
20466 12
20467 10
20468 12
20469 11
20470 12
20471 11
20472 12
20473 10
20474 12
20475 12
20476 12
20477 12
20478 12
20479 10
20480 12
20481 10
20482 12
20483 11
20484 12
20485 11
20486 12
20487 10
20488 12
20489 10
20490 12
20491 11
20492 12
20493 12
20494 12
20495 11
20496 13
20497 10
20498 12
20499 11
20500 13
20501 11
20502 12
20503 1
20504 203
20505 103
20506 70
20507 54
20508 44
20509 38
20510 29
20511 30
20512 28
20513 26
20514 24
20515 23
20516 21
20517 16
20518 20
20519 19
20520 19
20521 18
20522 17
20523 17
20524 12
20525 16
20526 17
20527 15
20528 17
20529 15
20530 15
20531 11
20532 7
20533 14
20534 14
20535 14
20536 14
20537 14
20538 10
20539 14
20540 13
20541 13
20542 13
20543 13
20544 13
20545 9
20546 13
20547 13
20548 13
20549 13
20550 14
20551 13
20552 10
20553 12
20554 12
20555 12
20556 13
20557 12
20558 12
20559 8
20560 13
20561 5
20562 12
20563 12
20564 12
20565 12
20566 9
20567 12
20568 12
20569 12
20570 12
20571 12
20572 12
20573 8
20574 12
20575 12
20576 12
20577 12
20578 12
20579 12
20580 8
20581 12
20582 12
20583 12
20584 12
20585 12
20586 12
20587 8
20588 12
20589 12
20590 5
20591 12
20592 13
20593 12
20594 9
20595 12
20596 12
20597 12
20598 12
20599 12
20600 12
20601 8
20602 12
20603 12
20604 12
20605 12
20606 12
20607 12
20608 8
20609 12
20610 12
20611 12
20612 12
20613 12
20614 12
20615 9
20616 12
20617 12
20618 12
20619 5
20620 12
20621 12
20622 8
20623 12
20624 12
20625 12
20626 12
20627 12
20628 12
20629 8
20630 12
20631 12
20632 12
20633 12
20634 12
20635 12
20636 8
20637 12
20638 12
20639 12
20640 12
20641 12
20642 12
20643 9
20644 12
20645 12
20646 12
20647 12
20648 5
20649 12
20650 8
20651 12
20652 12
20653 12
20654 12
20655 12
20656 12
20657 9
20658 12
20659 12
20660 12
20661 12
20662 12
20663 12
20664 9
20665 12
20666 12
20667 12
20668 12
20669 12
20670 12
20671 10
20672 12
20673 12
20674 12
20675 12
20676 12
20677 5
20678 10
20679 12
20680 12
20681 12
20682 12
20683 12
20684 12
20685 8
20686 12
20687 12
20688 12
20689 12
20690 12
20691 12
20692 8
20693 12
20694 12
20695 12
20696 12
20697 12
20698 12
20699 9
20700 12
20701 12
20702 12
20703 12
20704 12
20705 12
20706 1
20707 204
20708 102
20709 68
20710 51
20711 45
20712 34
20713 35
20714 27
20715 25
20716 24
20717 24
20718 17
20719 22
20720 19
20721 17
20722 16
20723 12
20724 14
20725 17
20726 14
20727 14
20728 15
20729 16
20730 10
20731 17
20732 13
20733 13
20734 12
20735 15
20736 11
20737 14
20738 11
20739 11
20740 6
20741 14
20742 8
20743 13
20744 12
20745 12
20746 10
20747 13
20748 9
20749 13
20750 10
20751 11
20752 12
20753 13
20754 8
20755 13
20756 13
20757 4
20758 10
20759 12
20760 9
20761 12
20762 10
20763 10
20764 11
20765 12
20766 7
20767 12
20768 11
20769 10
20770 9
20771 12
20772 9
20773 12
20774 3
20775 10
20776 11
20777 12
20778 7
20779 12
20780 11
20781 10
20782 9
20783 12
20784 8
20785 12
20786 10
20787 10
20788 11
20789 12
20790 7
20791 6
20792 10
20793 10
20794 10
20795 12
20796 8
20797 12
20798 10
20799 11
20800 10
20801 12
20802 8
20803 12
20804 12
20805 10
20806 9
20807 12
20808 2
20809 12
20810 9
20811 10
20812 11
20813 12
20814 8
20815 12
20816 10
20817 11
20818 10
20819 12
20820 8
20821 12
20822 10
20823 10
20824 10
20825 6
20826 7
20827 12
20828 11
20829 10
20830 10
20831 12
20832 8
20833 12
20834 9
20835 10
20836 11
20837 12
20838 7
20839 12
20840 10
20841 10
20842 3
20843 12
20844 9
20845 12
20846 9
20847 10
20848 11
20849 12
20850 7
20851 12
20852 11
20853 10
20854 10
20855 12
20856 8
20857 12
20858 9
20859 4
20860 12
20861 12
20862 8
20863 12
20864 11
20865 10
20866 10
20867 12
20868 9
20869 12
20870 10
20871 10
20872 11
20873 13
20874 7
20875 12
20876 5
20877 10
20878 9
20879 12
20880 9
20881 12
20882 10
20883 10
20884 10
20885 12
20886 8
20887 12
20888 11
20889 10
20890 10
20891 12
20892 9
20893 7
20894 9
20895 10
20896 11
20897 12
20898 8
20899 12
20900 11
20901 10
20902 10
20903 12
20904 9
20905 12
20906 9
20907 10
20908 11
20909 12
20910 1
20911 205
20912 104
20913 71
20914 55
20915 41
20916 38
20917 34
20918 30
20919 28
20920 22
20921 24
20922 23
20923 22
20924 21
20925 16
20926 20
20927 19
20928 18
20929 17
20930 14
20931 17
20932 17
20933 16
20934 15
20935 12
20936 15
20937 15
20938 15
20939 14
20940 11
20941 14
20942 14
20943 14
20944 13
20945 10
20946 14
20947 13
20948 14
20949 13
20950 11
20951 5
20952 13
20953 13
20954 13
20955 10
20956 13
20957 13
20958 13
20959 13
20960 9
20961 13
20962 14
20963 13
20964 12
20965 9
20966 12
20967 12
20968 12
20969 12
20970 9
20971 12
20972 12
20973 12
20974 13
20975 10
20976 12
20977 13
20978 12
20979 12
20980 9
20981 12
20982 12
20983 12
20984 12
20985 9
20986 12
20987 12
20988 12
20989 12
20990 9
20991 12
20992 4
20993 12
20994 12
20995 9
20996 12
20997 12
20998 12
20999 12
21000 9
21001 12
21002 12
21003 12
21004 11
21005 9
21006 11
21007 12
21008 12
21009 12
21010 9
21011 11
21012 12
21013 12
21014 11
21015 9
21016 12
21017 12
21018 12
21019 11
21020 9
21021 11
21022 12
21023 12
21024 12
21025 9
21026 12
21027 12
21028 12
21029 12
21030 9
21031 12
21032 12
21033 4
21034 12
21035 9
21036 12
21037 12
21038 12
21039 11
21040 9
21041 12
21042 12
21043 12
21044 11
21045 9
21046 12
21047 12
21048 12
21049 12
21050 9
21051 12
21052 12
21053 12
21054 12
21055 9
21056 12
21057 12
21058 12
21059 11
21060 9
21061 12
21062 12
21063 12
21064 12
21065 9
21066 12
21067 13
21068 12
21069 12
21070 9
21071 12
21072 12
21073 12
21074 5
21075 9
21076 12
21077 12
21078 12
21079 12
21080 9
21081 12
21082 12
21083 12
21084 12
21085 9
21086 12
21087 13
21088 12
21089 12
21090 11
21091 11
21092 12
21093 12
21094 12
21095 9
21096 12
21097 12
21098 12
21099 12
21100 9
21101 12
21102 12
21103 12
21104 12
21105 9
21106 12
21107 12
21108 12
21109 12
21110 9
21111 12
21112 12
21113 12
21114 12
21115 1
21116 206
21117 103
21118 71
21119 53
21120 45
21121 37
21122 34
21123 29
21124 29
21125 24
21126 24
21127 21
21128 21
21129 19
21130 20
21131 19
21132 20
21133 17
21134 17
21135 16
21136 18
21137 15
21138 16
21139 14
21140 15
21141 14
21142 15
21143 13
21144 14
21145 13
21146 15
21147 13
21148 14
21149 13
21150 13
21151 12
21152 14
21153 12
21154 13
21155 12
21156 13
21157 11
21158 13
21159 11
21160 13
21161 12
21162 13
21163 11
21164 13
21165 13
21166 12
21167 11
21168 13
21169 11
21170 12
21171 11
21172 12
21173 12
21174 13
21175 11
21176 13
21177 11
21178 12
21179 12
21180 12
21181 11
21182 12
21183 10
21184 12
21185 11
21186 12
21187 11
21188 12
21189 10
21190 12
21191 11
21192 13
21193 11
21194 12
21195 11
21196 12
21197 11
21198 12
21199 11
21200 12
21201 12
21202 12
21203 10
21204 12
21205 11
21206 12
21207 10
21208 12
21209 10
21210 12
21211 10
21212 12
21213 10
21214 12
21215 10
21216 12
21217 11
21218 2
21219 11
21220 12
21221 10
21222 12
21223 10
21224 12
21225 10
21226 12
21227 10
21228 12
21229 10
21230 12
21231 10
21232 12
21233 10
21234 12
21235 11
21236 12
21237 10
21238 12
21239 11
21240 12
21241 11
21242 12
21243 11
21244 12
21245 11
21246 12
21247 10
21248 12
21249 10
21250 12
21251 11
21252 12
21253 10
21254 12
21255 10
21256 12
21257 10
21258 12
21259 11
21260 12
21261 11
21262 12
21263 11
21264 12
21265 11
21266 12
21267 10
21268 12
21269 11
21270 12
21271 11
21272 12
21273 11
21274 12
21275 11
21276 13
21277 11
21278 12
21279 10
21280 12
21281 11
21282 12
21283 10
21284 12
21285 11
21286 12
21287 11
21288 12
21289 11
21290 12
21291 10
21292 12
21293 11
21294 12
21295 11
21296 12
21297 10
21298 12
21299 11
21300 12
21301 11
21302 12
21303 11
21304 13
21305 11
21306 12
21307 10
21308 12
21309 11
21310 12
21311 11
21312 12
21313 11
21314 12
21315 11
21316 12
21317 11
21318 12
21319 11
21320 12
21321 1
21322 207
21323 105
21324 69
21325 55
21326 45
21327 36
21328 34
21329 32
21330 23
21331 26
21332 25
21333 21
21334 22
21335 21
21336 18
21337 19
21338 18
21339 13
21340 19
21341 17
21342 14
21343 16
21344 9
21345 13
21346 16
21347 15
21348 10
21349 15
21350 15
21351 12
21352 14
21353 15
21354 12
21355 14
21356 14
21357 9
21358 13
21359 13
21360 12
21361 13
21362 13
21363 11
21364 14
21365 13
21366 8
21367 6
21368 13
21369 11
21370 13
21371 13
21372 11
21373 13
21374 12
21375 8
21376 13
21377 12
21378 10
21379 12
21380 13
21381 11
21382 12
21383 12
21384 8
21385 12
21386 12
21387 10
21388 12
21389 12
21390 3
21391 12
21392 12
21393 9
21394 12
21395 12
21396 10
21397 12
21398 14
21399 11
21400 12
21401 12
21402 8
21403 12
21404 12
21405 10
21406 12
21407 12
21408 9
21409 12
21410 12
21411 8
21412 12
21413 6
21414 10
21415 12
21416 12
21417 9
21418 12
21419 12
21420 8
21421 12
21422 12
21423 9
21424 12
21425 12
21426 9
21427 12
21428 12
21429 8
21430 12
21431 12
21432 9
21433 12
21434 12
21435 10
21436 6
21437 12
21438 8
21439 12
21440 12
21441 9
21442 12
21443 12
21444 9
21445 12
21446 12
21447 8
21448 12
21449 12
21450 10
21451 12
21452 12
21453 10
21454 12
21455 12
21456 8
21457 12
21458 12
21459 3
21460 12
21461 12
21462 10
21463 12
21464 12
21465 8
21466 12
21467 12
21468 11
21469 12
21470 12
21471 10
21472 12
21473 12
21474 8
21475 12
21476 12
21477 11
21478 12
21479 12
21480 11
21481 12
21482 6
21483 8
21484 12
21485 12
21486 11
21487 12
21488 12
21489 10
21490 12
21491 12
21492 9
21493 12
21494 12
21495 10
21496 12
21497 12
21498 10
21499 12
21500 12
21501 8
21502 12
21503 12
21504 9
21505 7
21506 12
21507 10
21508 12
21509 12
21510 8
21511 12
21512 12
21513 11
21514 12
21515 12
21516 10
21517 12
21518 12
21519 8
21520 12
21521 12
21522 10
21523 12
21524 12
21525 10
21526 12
21527 12
21528 1
21529 208
21530 104
21531 72
21532 52
21533 45
21534 37
21535 34
21536 26
21537 28
21538 25
21539 24
21540 20
21541 16
21542 19
21543 20
21544 13
21545 20
21546 17
21547 17
21548 14
21549 16
21550 15
21551 16
21552 11
21553 17
21554 8
21555 15
21556 12
21557 15
21558 13
21559 14
21560 8
21561 14
21562 14
21563 14
21564 11
21565 14
21566 12
21567 8
21568 9
21569 13
21570 12
21571 14
21572 10
21573 13
21574 12
21575 13
21576 7
21577 14
21578 13
21579 13
21580 4
21581 13
21582 11
21583 12
21584 8
21585 12
21586 11
21587 12
21588 10
21589 12
21590 12
21591 13
21592 7
21593 7
21594 11
21595 12
21596 10
21597 12
21598 10
21599 12
21600 9
21601 12
21602 11
21603 12
21604 9
21605 12
21606 5
21607 12
21608 6
21609 12
21610 11
21611 12
21612 9
21613 12
21614 10
21615 12
21616 8
21617 12
21618 11
21619 7
21620 10
21621 12
21622 11
21623 12
21624 6
21625 12
21626 10
21627 12
21628 11
21629 12
21630 10
21631 12
21632 2
21633 12
21634 10
21635 12
21636 11
21637 12
21638 10
21639 12
21640 6
21641 12
21642 11
21643 12
21644 10
21645 7
21646 11
21647 12
21648 8
21649 12
21650 10
21651 12
21652 9
21653 12
21654 11
21655 12
21656 6
21657 12
21658 5
21659 12
21660 9
21661 12
21662 11
21663 12
21664 9
21665 12
21666 10
21667 12
21668 10
21669 12
21670 11
21671 7
21672 7
21673 12
21674 11
21675 12
21676 9
21677 12
21678 10
21679 12
21680 8
21681 12
21682 10
21683 12
21684 4
21685 12
21686 10
21687 12
21688 7
21689 12
21690 10
21691 12
21692 9
21693 12
21694 11
21695 12
21696 8
21697 8
21698 11
21699 12
21700 10
21701 13
21702 10
21703 12
21704 6
21705 12
21706 11
21707 12
21708 10
21709 13
21710 7
21711 12
21712 8
21713 12
21714 11
21715 12
21716 9
21717 12
21718 10
21719 12
21720 7
21721 12
21722 11
21723 7
21724 11
21725 12
21726 11
21727 12
21728 8
21729 12
21730 10
21731 12
21732 10
21733 12
21734 11
21735 12
21736 1
21737 209
21738 106
21739 72
21740 56
21741 46
21742 39
21743 34
21744 32
21745 29
21746 26
21747 19
21748 23
21749 22
21750 21
21751 20
21752 20
21753 19
21754 18
21755 11
21756 18
21757 17
21758 11
21759 16
21760 16
21761 15
21762 15
21763 15
21764 15
21765 15
21766 15
21767 14
21768 15
21769 9
21770 14
21771 13
21772 15
21773 13
21774 7
21775 13
21776 13
21777 14
21778 13
21779 13
21780 8
21781 14
21782 13
21783 13
21784 13
21785 14
21786 12
21787 13
21788 13
21789 12
21790 13
21791 8
21792 13
21793 6
21794 12
21795 12
21796 12
21797 12
21798 13
21799 12
21800 12
21801 12
21802 7
21803 12
21804 12
21805 12
21806 13
21807 14
21808 12
21809 12
21810 12
21811 12
21812 6
21813 7
21814 12
21815 11
21816 12
21817 12
21818 12
21819 12
21820 12
21821 12
21822 12
21823 12
21824 7
21825 12
21826 12
21827 12
21828 12
21829 12
21830 11
21831 6
21832 12
21833 12
21834 11
21835 7
21836 12
21837 12
21838 12
21839 12
21840 11
21841 11
21842 12
21843 12
21844 12
21845 12
21846 7
21847 11
21848 12
21849 12
21850 6
21851 11
21852 12
21853 12
21854 12
21855 12
21856 12
21857 7
21858 12
21859 12
21860 12
21861 12
21862 12
21863 11
21864 12
21865 12
21866 11
21867 12
21868 7
21869 6
21870 12
21871 12
21872 12
21873 12
21874 12
21875 12
21876 12
21877 12
21878 12
21879 7
21880 11
21881 12
21882 12
21883 12
21884 12
21885 12
21886 12
21887 12
21888 6
21889 12
21890 7
21891 13
21892 12
21893 12
21894 12
21895 11
21896 12
21897 12
21898 12
21899 12
21900 12
21901 7
21902 12
21903 12
21904 11
21905 12
21906 12
21907 7
21908 12
21909 12
21910 12
21911 13
21912 7
21913 11
21914 12
21915 12
21916 13
21917 12
21918 12
21919 12
21920 12
21921 12
21922 12
21923 9
21924 12
21925 12
21926 6
21927 12
21928 12
21929 12
21930 12
21931 12
21932 12
21933 12
21934 7
21935 12
21936 12
21937 12
21938 12
21939 12
21940 12
21941 12
21942 12
21943 12
21944 12
21945 1
21946 210
21947 105
21948 70
21949 54
21950 42
21951 35
21952 30
21953 30
21954 26
21955 21
21956 25
21957 19
21958 23
21959 15
21960 14
21961 19
21962 19
21963 14
21964 19
21965 12
21966 10
21967 15
21968 16
21969 12
21970 12
21971 14
21972 13
21973 9
21974 16
21975 7
21976 14
21977 13
21978 12
21979 12
21980 6
21981 10
21982 14
21983 12
21984 11
21985 9
21986 13
21987 5
21988 13
21989 12
21990 7
21991 12
21992 13
21993 9
21994 9
21995 8
21996 12
21997 11
21998 12
21999 10
22000 10
22001 7
22002 10
22003 11
22004 12
22005 5
22006 13
22007 11
22008 6
22009 11
22010 10
22011 8
22012 12
22013 11
22014 10
22015 3
22016 12
22017 9
22018 12
22019 12
22020 7
22021 12
22022 8
22023 9
22024 13
22025 7
22026 10
22027 11
22028 12
22029 4
22030 10
22031 12
22032 10
22033 10
22034 12
22035 5
22036 9
22037 10
22038 10
22039 12
22040 10
22041 8
22042 12
22043 8
22044 10
22045 7
22046 12
22047 9
22048 12
22049 11
22050 2
22051 11
22052 12
22053 9
22054 12
22055 7
22056 10
22057 8
22058 12
22059 8
22060 10
22061 12
22062 10
22063 10
22064 9
22065 5
22066 12
22067 10
22068 10
22069 12
22070 10
22071 4
22072 12
22073 11
22074 10
22075 7
22076 12
22077 9
22078 8
22079 12
22080 7
22081 11
22082 12
22083 9
22084 12
22085 3
22086 10
22087 11
22088 12
22089 8
22090 10
22091 11
22092 6
22093 11
22094 12
22095 5
22096 12
22097 11
22098 10
22099 7
22100 10
22101 8
22102 12
22103 11
22104 11
22105 8
22106 9
22107 9
22108 12
22109 11
22110 7
22111 11
22112 12
22113 5
22114 12
22115 9
22116 10
22117 11
22118 12
22119 9
22120 5
22121 12
22122 10
22123 10
22124 13
22125 5
22126 12
22127 8
22128 10
22129 11
22130 9
22131 8
22132 12
22133 10
22134 6
22135 7
22136 12
22137 10
22138 12
22139 11
22140 7
22141 7
22142 12
22143 9
22144 12
22145 8
22146 10
22147 11
22148 9
22149 8
22150 9
22151 11
22152 11
22153 10
22154 13
22155 1
22156 211
22157 107
22158 73
22159 56
22160 46
22161 39
22162 36
22163 31
22164 29
22165 26
22166 24
22167 23
22168 23
22169 21
22170 20
22171 19
22172 19
22173 18
22174 17
22175 18
22176 17
22177 17
22178 16
22179 16
22180 16
22181 15
22182 15
22183 15
22184 14
22185 14
22186 14
22187 14
22188 14
22189 14
22190 14
22191 14
22192 14
22193 14
22194 13
22195 14
22196 13
22197 13
22198 13
22199 13
22200 13
22201 13
22202 13
22203 13
22204 13
22205 12
22206 13
22207 13
22208 13
22209 12
22210 12
22211 13
22212 13
22213 13
22214 12
22215 12
22216 12
22217 12
22218 13
22219 12
22220 12
22221 12
22222 14
22223 12
22224 13
22225 12
22226 12
22227 12
22228 12
22229 12
22230 12
22231 12
22232 12
22233 12
22234 12
22235 13
22236 13
22237 12
22238 12
22239 12
22240 12
22241 12
22242 12
22243 12
22244 12
22245 12
22246 12
22247 12
22248 12
22249 12
22250 12
22251 12
22252 12
22253 12
22254 12
22255 12
22256 12
22257 12
22258 12
22259 12
22260 12
22261 12
22262 12
22263 12
22264 12
22265 12
22266 12
22267 12
22268 12
22269 12
22270 13
22271 12
22272 12
22273 12
22274 12
22275 12
22276 12
22277 12
22278 12
22279 12
22280 12
22281 12
22282 12
22283 12
22284 12
22285 12
22286 12
22287 12
22288 12
22289 12
22290 12
22291 12
22292 12
22293 12
22294 12
22295 12
22296 12
22297 12
22298 12
22299 12
22300 12
22301 12
22302 12
22303 12
22304 12
22305 12
22306 12
22307 12
22308 12
22309 12
22310 12
22311 12
22312 12
22313 12
22314 12
22315 13
22316 12
22317 12
22318 12
22319 12
22320 12
22321 12
22322 12
22323 12
22324 12
22325 12
22326 12
22327 12
22328 12
22329 12
22330 12
22331 12
22332 12
22333 12
22334 12
22335 13
22336 12
22337 12
22338 12
22339 12
22340 12
22341 12
22342 12
22343 12
22344 12
22345 12
22346 12
22347 12
22348 12
22349 12
22350 12
22351 12
22352 12
22353 12
22354 12
22355 12
22356 12
22357 12
22358 12
22359 12
22360 12
22361 12
22362 12
22363 12
22364 12
22365 12
22366 1
22367 212
22368 106
22369 73
22370 53
22371 46
22372 38
22373 35
22374 28
22375 29
22376 25
22377 25
22378 20
22379 23
22380 21
22381 21
22382 17
22383 20
22384 17
22385 18
22386 14
22387 17
22388 15
22389 17
22390 13
22391 16
22392 15
22393 15
22394 12
22395 16
22396 13
22397 14
22398 11
22399 14
22400 14
22401 14
22402 12
22403 14
22404 12
22405 14
22406 11
22407 13
22408 12
22409 13
22410 11
22411 13
22412 12
22413 13
22414 10
22415 14
22416 11
22417 12
22418 10
22419 4
22420 13
22421 12
22422 10
22423 13
22424 11
22425 12
22426 10
22427 12
22428 11
22429 12
22430 10
22431 12
22432 11
22433 12
22434 11
22435 12
22436 11
22437 12
22438 10
22439 12
22440 10
22441 12
22442 9
22443 12
22444 11
22445 12
22446 9
22447 12
22448 11
22449 12
22450 9
22451 12
22452 11
22453 12
22454 9
22455 12
22456 11
22457 12
22458 10
22459 12
22460 10
22461 12
22462 11
22463 12
22464 11
22465 13
22466 11
22467 12
22468 11
22469 12
22470 9
22471 12
22472 2
22473 12
22474 9
22475 12
22476 11
22477 12
22478 11
22479 12
22480 11
22481 12
22482 11
22483 12
22484 10
22485 12
22486 9
22487 12
22488 11
22489 12
22490 9
22491 12
22492 10
22493 12
22494 9
22495 12
22496 11
22497 12
22498 9
22499 12
22500 11
22501 12
22502 9
22503 12
22504 10
22505 12
22506 10
22507 12
22508 11
22509 12
22510 11
22511 12
22512 11
22513 12
22514 10
22515 12
22516 11
22517 12
22518 10
22519 12
22520 11
22521 12
22522 9
22523 12
22524 11
22525 4
22526 10
22527 12
22528 11
22529 12
22530 9
22531 12
22532 12
22533 12
22534 10
22535 12
22536 11
22537 12
22538 11
22539 12
22540 12
22541 12
22542 10
22543 12
22544 11
22545 12
22546 9
22547 12
22548 11
22549 12
22550 10
22551 12
22552 10
22553 12
22554 10
22555 12
22556 11
22557 12
22558 9
22559 12
22560 11
22561 12
22562 11
22563 12
22564 11
22565 12
22566 9
22567 12
22568 11
22569 12
22570 9
22571 12
22572 11
22573 12
22574 10
22575 12
22576 11
22577 12
22578 1
22579 213
22580 108
22581 71
22582 57
22583 46
22584 37
22585 35
22586 31
22587 26
22588 27
22589 25
22590 21
22591 22
22592 21
22593 18
22594 20
22595 20
22596 16
22597 19
22598 17
22599 16
22600 16
22601 17
22602 15
22603 16
22604 15
22605 14
22606 15
22607 15
22608 12
22609 15
22610 14
22611 12
22612 14
22613 14
22614 12
22615 14
22616 13
22617 11
22618 14
22619 13
22620 11
22621 13
22622 13
22623 11
22624 13
22625 13
22626 11
22627 12
22628 13
22629 10
22630 12
22631 13
22632 11
22633 12
22634 13
22635 10
22636 13
22637 13
22638 11
22639 12
22640 12
22641 10
22642 12
22643 13
22644 10
22645 12
22646 12
22647 10
22648 12
22649 3
22650 10
22651 12
22652 12
22653 10
22654 12
22655 12
22656 10
22657 12
22658 12
22659 10
22660 12
22661 12
22662 10
22663 12
22664 12
22665 11
22666 12
22667 12
22668 10
22669 12
22670 12
22671 10
22672 12
22673 12
22674 11
22675 12
22676 12
22677 10
22678 12
22679 12
22680 10
22681 12
22682 12
22683 10
22684 12
22685 12
22686 10
22687 12
22688 12
22689 10
22690 12
22691 12
22692 10
22693 12
22694 12
22695 11
22696 12
22697 12
22698 10
22699 12
22700 12
22701 10
22702 12
22703 12
22704 10
22705 12
22706 12
22707 10
22708 12
22709 12
22710 10
22711 12
22712 12
22713 10
22714 12
22715 12
22716 10
22717 12
22718 12
22719 10
22720 3
22721 12
22722 10
22723 12
22724 12
22725 10
22726 12
22727 12
22728 10
22729 12
22730 12
22731 10
22732 12
22733 12
22734 10
22735 12
22736 12
22737 10
22738 12
22739 12
22740 10
22741 12
22742 12
22743 11
22744 12
22745 12
22746 10
22747 12
22748 12
22749 10
22750 12
22751 12
22752 10
22753 12
22754 12
22755 12
22756 12
22757 12
22758 10
22759 12
22760 12
22761 11
22762 12
22763 12
22764 10
22765 12
22766 12
22767 10
22768 12
22769 12
22770 10
22771 12
22772 12
22773 10
22774 12
22775 12
22776 10
22777 12
22778 12
22779 12
22780 12
22781 12
22782 10
22783 12
22784 12
22785 10
22786 12
22787 12
22788 10
22789 12
22790 12
22791 1
22792 214
22793 107
22794 74
22795 55
22796 47
22797 38
22798 35
22799 30
22800 29
22801 25
22802 25
22803 22
22804 22
22805 20
22806 20
22807 18
22808 19
22809 18
22810 19
22811 16
22812 17
22813 15
22814 17
22815 15
22816 16
22817 15
22818 17
22819 14
22820 14
22821 14
22822 14
22823 13
22824 15
22825 13
22826 14
22827 13
22828 13
22829 12
22830 15
22831 12
22832 13
22833 12
22834 13
22835 12
22836 13
22837 12
22838 13
22839 11
22840 13
22841 12
22842 13
22843 11
22844 13
22845 11
22846 12
22847 12
22848 13
22849 12
22850 12
22851 11
22852 12
22853 11
22854 12
22855 11
22856 12
22857 11
22858 12
22859 11
22860 13
22861 11
22862 12
22863 11
22864 12
22865 11
22866 12
22867 11
22868 13
22869 11
22870 12
22871 11
22872 13
22873 11
22874 13
22875 11
22876 12
22877 11
22878 12
22879 11
22880 13
22881 11
22882 12
22883 11
22884 12
22885 11
22886 12
22887 11
22888 12
22889 11
22890 13
22891 11
22892 12
22893 11
22894 12
22895 11
22896 12
22897 11
22898 2
22899 11
22900 12
22901 11
22902 12
22903 11
22904 12
22905 11
22906 13
22907 11
22908 12
22909 11
22910 12
22911 11
22912 12
22913 11
22914 12
22915 11
22916 12
22917 11
22918 12
22919 11
22920 12
22921 11
22922 13
22923 11
22924 12
22925 11
22926 12
22927 11
22928 13
22929 11
22930 12
22931 11
22932 12
22933 11
22934 12
22935 11
22936 12
22937 11
22938 12
22939 11
22940 12
22941 11
22942 12
22943 11
22944 12
22945 11
22946 12
22947 11
22948 12
22949 11
22950 12
22951 11
22952 12
22953 11
22954 12
22955 11
22956 12
22957 11
22958 12
22959 11
22960 12
22961 11
22962 12
22963 11
22964 12
22965 11
22966 12
22967 11
22968 12
22969 11
22970 12
22971 11
22972 13
22973 11
22974 12
22975 11
22976 12
22977 11
22978 12
22979 11
22980 13
22981 11
22982 12
22983 11
22984 12
22985 11
22986 12
22987 11
22988 12
22989 11
22990 12
22991 11
22992 12
22993 11
22994 12
22995 11
22996 12
22997 11
22998 12
22999 11
23000 12
23001 11
23002 13
23003 11
23004 12
23005 1
23006 215
23007 109
23008 74
23009 57
23010 43
23011 40
23012 35
23013 33
23014 30
23015 23
23016 25
23017 24
23018 22
23019 21
23020 17
23021 20
23022 19
23023 19
23024 18
23025 14
23026 17
23027 17
23028 16
23029 16
23030 12
23031 15
23032 15
23033 15
23034 15
23035 11
23036 14
23037 15
23038 14
23039 14
23040 12
23041 14
23042 14
23043 14
23044 13
23045 10
23046 14
23047 13
23048 5
23049 13
23050 10
23051 13
23052 13
23053 13
23054 13
23055 10
23056 13
23057 12
23058 12
23059 13
23060 9
23061 12
23062 12
23063 13
23064 13
23065 9
23066 12
23067 12
23068 13
23069 12
23070 10
23071 12
23072 13
23073 13
23074 12
23075 9
23076 12
23077 12
23078 13
23079 12
23080 9
23081 12
23082 13
23083 12
23084 12
23085 9
23086 13
23087 12
23088 12
23089 12
23090 10
23091 4
23092 12
23093 12
23094 12
23095 9
23096 12
23097 12
23098 12
23099 12
23100 10
23101 12
23102 12
23103 12
23104 12
23105 9
23106 12
23107 12
23108 12
23109 12
23110 9
23111 12
23112 12
23113 12
23114 12
23115 9
23116 12
23117 12
23118 12
23119 12
23120 9
23121 12
23122 12
23123 12
23124 12
23125 9
23126 12
23127 12
23128 12
23129 12
23130 9
23131 12
23132 12
23133 12
23134 4
23135 10
23136 12
23137 12
23138 12
23139 12
23140 9
23141 12
23142 12
23143 12
23144 12
23145 9
23146 12
23147 12
23148 12
23149 12
23150 9
23151 12
23152 12
23153 12
23154 12
23155 9
23156 12
23157 12
23158 12
23159 12
23160 9
23161 12
23162 12
23163 12
23164 12
23165 9
23166 12
23167 12
23168 12
23169 12
23170 9
23171 12
23172 12
23173 12
23174 12
23175 9
23176 12
23177 5
23178 12
23179 12
23180 10
23181 12
23182 12
23183 12
23184 12
23185 10
23186 12
23187 12
23188 12
23189 12
23190 9
23191 12
23192 12
23193 12
23194 12
23195 9
23196 12
23197 12
23198 12
23199 12
23200 9
23201 12
23202 12
23203 12
23204 12
23205 9
23206 13
23207 12
23208 12
23209 12
23210 9
23211 12
23212 12
23213 12
23214 12
23215 9
23216 12
23217 12
23218 12
23219 12
23220 1
23221 216
23222 108
23223 72
23224 54
23225 47
23226 36
23227 35
23228 27
23229 24
23230 25
23231 25
23232 18
23233 22
23234 20
23235 18
23236 15
23237 19
23238 12
23239 18
23240 15
23241 15
23242 16
23243 17
23244 9
23245 16
23246 15
23247 8
23248 12
23249 16
23250 11
23251 14
23252 10
23253 12
23254 13
23255 14
23256 6
23257 15
23258 12
23259 11
23260 9
23261 13
23262 11
23263 13
23264 10
23265 9
23266 12
23267 13
23268 6
23269 14
23270 13
23271 12
23272 11
23273 13
23274 4
23275 13
23276 8
23277 10
23278 11
23279 12
23280 7
23281 12
23282 11
23283 8
23284 8
23285 12
23286 9
23287 12
23288 9
23289 10
23290 11
23291 12
23292 3
23293 12
23294 11
23295 10
23296 9
23297 12
23298 9
23299 12
23300 8
23301 5
23302 11
23303 12
23304 7
23305 12
23306 11
23307 10
23308 8
23309 12
23310 6
23311 12
23312 9
23313 10
23314 11
23315 12
23316 6
23317 12
23318 11
23319 7
23320 11
23321 12
23322 10
23323 12
23324 8
23325 10
23326 11
23327 12
23328 2
23329 12
23330 11
23331 10
23332 8
23333 12
23334 10
23335 12
23336 10
23337 7
23338 11
23339 12
23340 6
23341 12
23342 11
23343 10
23344 9
23345 12
23346 6
23347 12
23348 8
23349 10
23350 11
23351 12
23352 7
23353 12
23354 11
23355 5
23356 8
23357 12
23358 9
23359 12
23360 9
23361 10
23362 11
23363 12
23364 3
23365 12
23366 11
23367 10
23368 9
23369 12
23370 9
23371 12
23372 8
23373 8
23374 11
23375 12
23376 7
23377 12
23378 11
23379 10
23380 8
23381 12
23382 4
23383 12
23384 9
23385 10
23386 11
23387 12
23388 6
23389 12
23390 11
23391 9
23392 9
23393 12
23394 10
23395 12
23396 8
23397 10
23398 11
23399 12
23400 5
23401 12
23402 11
23403 10
23404 8
23405 12
23406 10
23407 12
23408 10
23409 7
23410 11
23411 12
23412 7
23413 12
23414 11
23415 10
23416 9
23417 12
23418 7
23419 12
23420 10
23421 10
23422 11
23423 12
23424 8
23425 12
23426 11
23427 8
23428 8
23429 12
23430 9
23431 12
23432 10
23433 10
23434 11
23435 12
23436 1
23437 217
23438 110
23439 75
23440 58
23441 47
23442 40
23443 31
23444 33
23445 29
23446 27
23447 25
23448 24
23449 23
23450 17
23451 21
23452 20
23453 20
23454 18
23455 18
23456 17
23457 13
23458 17
23459 17
23460 16
23461 17
23462 15
23463 15
23464 11
23465 15
23466 15
23467 7
23468 15
23469 14
23470 14
23471 10
23472 14
23473 13
23474 14
23475 14
23476 14
23477 13
23478 9
23479 13
23480 13
23481 13
23482 13
23483 13
23484 13
23485 9
23486 13
23487 13
23488 13
23489 13
23490 13
23491 13
23492 10
23493 12
23494 13
23495 12
23496 13
23497 13
23498 5
23499 9
23500 12
23501 13
23502 12
23503 12
23504 12
23505 13
23506 8
23507 12
23508 12
23509 12
23510 12
23511 12
23512 12
23513 9
23514 12
23515 12
23516 12
23517 12
23518 12
23519 12
23520 8
23521 12
23522 12
23523 12
23524 12
23525 12
23526 12
23527 8
23528 12
23529 5
23530 12
23531 12
23532 12
23533 12
23534 8
23535 12
23536 12
23537 12
23538 12
23539 12
23540 12
23541 8
23542 12
23543 12
23544 12
23545 12
23546 12
23547 12
23548 8
23549 12
23550 12
23551 12
23552 12
23553 12
23554 12
23555 8
23556 12
23557 12
23558 12
23559 12
23560 5
23561 12
23562 8
23563 12
23564 12
23565 12
23566 12
23567 12
23568 12
23569 8
23570 12
23571 12
23572 12
23573 12
23574 12
23575 12
23576 9
23577 12
23578 12
23579 12
23580 12
23581 12
23582 12
23583 8
23584 12
23585 12
23586 12
23587 12
23588 12
23589 12
23590 8
23591 5
23592 12
23593 12
23594 12
23595 13
23596 12
23597 8
23598 12
23599 12
23600 12
23601 12
23602 12
23603 12
23604 8
23605 12
23606 12
23607 12
23608 12
23609 12
23610 12
23611 8
23612 12
23613 12
23614 12
23615 12
23616 12
23617 12
23618 8
23619 12
23620 12
23621 12
23622 5
23623 12
23624 12
23625 10
23626 12
23627 12
23628 12
23629 12
23630 12
23631 12
23632 8
23633 12
23634 12
23635 12
23636 12
23637 12
23638 12
23639 8
23640 12
23641 12
23642 12
23643 12
23644 12
23645 12
23646 8
23647 12
23648 12
23649 12
23650 12
23651 12
23652 12
23653 1
23654 218
23655 109
23656 75
23657 56
23658 47
23659 39
23660 37
23661 31
23662 30
23663 26
23664 26
23665 22
23666 23
23667 20
23668 21
23669 18
23670 19
23671 17
23672 18
23673 16
23674 17
23675 15
23676 17
23677 15
23678 16
23679 14
23680 15
23681 14
23682 15
23683 13
23684 15
23685 14
23686 14
23687 13
23688 15
23689 12
23690 14
23691 12
23692 14
23693 13
23694 13
23695 12
23696 13
23697 12
23698 13
23699 12
23700 13
23701 11
23702 13
23703 11
23704 13
23705 11
23706 13
23707 11
23708 13
23709 13
23710 13
23711 12
23712 13
23713 11
23714 12
23715 11
23716 13
23717 11
23718 13
23719 11
23720 12
23721 11
23722 14
23723 11
23724 12
23725 11
23726 12
23727 11
23728 12
23729 11
23730 13
23731 11
23732 12
23733 10
23734 12
23735 11
23736 12
23737 11
23738 13
23739 11
23740 12
23741 11
23742 12
23743 11
23744 12
23745 11
23746 12
23747 12
23748 13
23749 11
23750 12
23751 11
23752 12
23753 10
23754 13
23755 11
23756 12
23757 10
23758 12
23759 10
23760 12
23761 11
23762 2
23763 11
23764 12
23765 10
23766 12
23767 10
23768 12
23769 10
23770 13
23771 10
23772 12
23773 11
23774 12
23775 11
23776 13
23777 11
23778 12
23779 11
23780 12
23781 11
23782 12
23783 10
23784 12
23785 11
23786 13
23787 11
23788 12
23789 11
23790 12
23791 10
23792 12
23793 10
23794 13
23795 11
23796 12
23797 11
23798 12
23799 11
23800 12
23801 11
23802 12
23803 11
23804 12
23805 11
23806 12
23807 11
23808 12
23809 11
23810 12
23811 11
23812 12
23813 11
23814 12
23815 11
23816 12
23817 11
23818 13
23819 11
23820 13
23821 11
23822 12
23823 10
23824 12
23825 11
23826 12
23827 11
23828 12
23829 11
23830 13
23831 11
23832 12
23833 11
23834 12
23835 11
23836 12
23837 11
23838 12
23839 11
23840 12
23841 11
23842 12
23843 11
23844 12
23845 10
23846 12
23847 11
23848 13
23849 11
23850 12
23851 11
23852 13
23853 11
23854 12
23855 11
23856 12
23857 11
23858 12
23859 11
23860 12
23861 11
23862 12
23863 11
23864 12
23865 11
23866 12
23867 11
23868 12
23869 11
23870 12
23871 1
23872 219
23873 111
23874 73
23875 58
23876 48
23877 38
23878 36
23879 32
23880 27
23881 27
23882 25
23883 22
23884 22
23885 22
23886 18
23887 20
23888 20
23889 16
23890 18
23891 18
23892 15
23893 17
23894 17
23895 15
23896 16
23897 16
23898 13
23899 16
23900 16
23901 13
23902 15
23903 14
23904 12
23905 14
23906 14
23907 12
23908 14
23909 15
23910 11
23911 13
23912 13
23913 11
23914 15
23915 13
23916 11
23917 13
23918 13
23919 11
23920 13
23921 13
23922 11
23923 13
23924 14
23925 10
23926 13
23927 13
23928 10
23929 12
23930 12
23931 10
23932 13
23933 13
23934 10
23935 12
23936 13
23937 11
23938 12
23939 13
23940 10
23941 12
23942 13
23943 10
23944 3
23945 12
23946 10
23947 12
23948 12
23949 10
23950 12
23951 13
23952 10
23953 12
23954 12
23955 10
23956 12
23957 12
23958 10
23959 12
23960 12
23961 10
23962 12
23963 12
23964 11
23965 12
23966 12
23967 10
23968 12
23969 12
23970 10
23971 12
23972 12
23973 10
23974 12
23975 12
23976 10
23977 12
23978 12
23979 10
23980 12
23981 12
23982 10
23983 12
23984 12
23985 10
23986 12
23987 12
23988 10
23989 12
23990 12
23991 10
23992 12
23993 12
23994 10
23995 12
23996 12
23997 10
23998 12
23999 12
24000 10
24001 12
24002 12
24003 10
24004 12
24005 12
24006 10
24007 12
24008 12
24009 10
24010 13
24011 12
24012 10
24013 12
24014 12
24015 10
24016 12
24017 3
24018 10
24019 13
24020 12
24021 10
24022 13
24023 12
24024 10
24025 12
24026 12
24027 10
24028 12
24029 12
24030 10
24031 12
24032 12
24033 10
24034 12
24035 12
24036 10
24037 12
24038 12
24039 10
24040 12
24041 12
24042 10
24043 12
24044 12
24045 10
24046 12
24047 12
24048 10
24049 12
24050 12
24051 10
24052 12
24053 12
24054 10
24055 12
24056 12
24057 10
24058 12
24059 12
24060 10
24061 13
24062 12
24063 10
24064 12
24065 12
24066 10
24067 12
24068 12
24069 10
24070 12
24071 12
24072 10
24073 12
24074 12
24075 10
24076 12
24077 12
24078 11
24079 12
24080 12
24081 10
24082 12
24083 12
24084 10
24085 13
24086 12
24087 10
24088 13
24089 12
24090 1
24091 220
24092 110
24093 76
24094 55
24095 44
24096 39
24097 36
24098 29
24099 30
24100 22
24101 20
24102 21
24103 23
24104 20
24105 17
24106 17
24107 20
24108 18
24109 18
24110 11
24111 17
24112 10
24113 17
24114 13
24115 13
24116 14
24117 17
24118 12
24119 15
24120 10
24121 15
24122 13
24123 9
24124 14
24125 11
24126 11
24127 14
24128 12
24129 14
24130 7
24131 14
24132 12
24133 13
24134 5
24135 11
24136 12
24137 14
24138 10
24139 13
24140 8
24141 13
24142 11
24143 12
24144 11
24145 4
24146 10
24147 13
24148 12
24149 12
24150 6
24151 12
24152 11
24153 13
24154 10
24155 9
24156 6
24157 12
24158 11
24159 13
24160 9
24161 12
24162 9
24163 12
24164 11
24165 9
24166 11
24167 7
24168 12
24169 12
24170 6
24171 12
24172 10
24173 12
24174 9
24175 9
24176 11
24177 12
24178 4
24179 12
24180 8
24181 12
24182 10
24183 12
24184 11
24185 9
24186 9
24187 12
24188 12
24189 8
24190 6
24191 12
24192 10
24193 12
24194 9
24195 9
24196 11
24197 12
24198 9
24199 12
24200 2
24201 12
24202 9
24203 12
24204 11
24205 9
24206 9
24207 12
24208 10
24209 12
24210 6
24211 8
24212 12
24213 12
24214 9
24215 9
24216 11
24217 12
24218 10
24219 12
24220 8
24221 12
24222 4
24223 12
24224 11
24225 9
24226 9
24227 12
24228 10
24229 12
24230 6
24231 12
24232 11
24233 7
24234 10
24235 9
24236 11
24237 12
24238 9
24239 12
24240 8
24241 12
24242 9
24243 12
24244 6
24245 9
24246 9
24247 12
24248 11
24249 12
24250 6
24251 12
24252 10
24253 12
24254 9
24255 4
24256 11
24257 12
24258 10
24259 12
24260 8
24261 12
24262 9
24263 12
24264 11
24265 9
24266 5
24267 12
24268 10
24269 12
24270 7
24271 12
24272 11
24273 12
24274 9
24275 9
24276 11
24277 7
24278 9
24279 12
24280 8
24281 12
24282 9
24283 12
24284 11
24285 9
24286 9
24287 12
24288 6
24289 12
24290 6
24291 12
24292 11
24293 12
24294 10
24295 9
24296 11
24297 12
24298 10
24299 9
24300 8
24301 12
24302 10
24303 12
24304 11
24305 9
24306 10
24307 12
24308 11
24309 12
24310 1
24311 221
24312 112
24313 76
24314 59
24315 48
24316 41
24317 36
24318 32
24319 30
24320 27
24321 26
24322 24
24323 17
24324 22
24325 21
24326 21
24327 13
24328 19
24329 18
24330 18
24331 17
24332 17
24333 17
24334 18
24335 16
24336 10
24337 15
24338 17
24339 15
24340 15
24341 14
24342 14
24343 15
24344 8
24345 14
24346 16
24347 14
24348 14
24349 8
24350 13
24351 14
24352 14
24353 14
24354 14
24355 14
24356 13
24357 13
24358 13
24359 13
24360 13
24361 7
24362 8
24363 13
24364 13
24365 12
24366 12
24367 13
24368 14
24369 12
24370 12
24371 12
24372 13
24373 13
24374 13
24375 7
24376 12
24377 12
24378 7
24379 12
24380 12
24381 12
24382 12
24383 13
24384 12
24385 12
24386 12
24387 13
24388 7
24389 12
24390 13
24391 12
24392 12
24393 12
24394 12
24395 6
24396 12
24397 12
24398 12
24399 12
24400 12
24401 7
24402 12
24403 12
24404 12
24405 12
24406 13
24407 12
24408 12
24409 13
24410 12
24411 12
24412 6
24413 12
24414 8
24415 12
24416 12
24417 12
24418 12
24419 13
24420 12
24421 12
24422 13
24423 12
24424 12
24425 12
24426 12
24427 8
24428 12
24429 6
24430 12
24431 12
24432 12
24433 12
24434 12
24435 13
24436 12
24437 12
24438 12
24439 12
24440 7
24441 12
24442 12
24443 12
24444 12
24445 12
24446 6
24447 12
24448 12
24449 12
24450 12
24451 13
24452 12
24453 7
24454 13
24455 12
24456 12
24457 12
24458 12
24459 12
24460 12
24461 12
24462 12
24463 7
24464 12
24465 12
24466 7
24467 12
24468 12
24469 12
24470 12
24471 12
24472 12
24473 12
24474 13
24475 12
24476 12
24477 13
24478 12
24479 8
24480 7
24481 12
24482 12
24483 12
24484 12
24485 12
24486 13
24487 13
24488 12
24489 12
24490 13
24491 12
24492 7
24493 12
24494 12
24495 12
24496 12
24497 6
24498 12
24499 12
24500 13
24501 12
24502 12
24503 13
24504 12
24505 8
24506 12
24507 12
24508 12
24509 12
24510 12
24511 13
24512 12
24513 12
24514 7
24515 12
24516 12
24517 12
24518 8
24519 12
24520 13
24521 12
24522 12
24523 12
24524 13
24525 12
24526 13
24527 12
24528 12
24529 12
24530 12
24531 1
24532 222
24533 111
24534 74
24535 57
24536 48
24537 37
24538 36
24539 31
24540 27
24541 26
24542 25
24543 20
24544 23
24545 20
24546 19
24547 20
24548 20
24549 15
24550 18
24551 16
24552 15
24553 16
24554 17
24555 13
24556 16
24557 14
24558 14
24559 14
24560 15
24561 11
24562 16
24563 13
24564 12
24565 14
24566 14
24567 10
24568 6
24569 12
24570 12
24571 13
24572 14
24573 10
24574 13
24575 12
24576 11
24577 13
24578 13
24579 9
24580 13
24581 12
24582 11
24583 11
24584 13
24585 9
24586 13
24587 11
24588 12
24589 13
24590 13
24591 9
24592 13
24593 11
24594 10
24595 12
24596 12
24597 9
24598 13
24599 11
24600 11
24601 11
24602 12
24603 9
24604 12
24605 3
24606 10
24607 11
24608 12
24609 8
24610 12
24611 11
24612 10
24613 11
24614 12
24615 9
24616 12
24617 11
24618 11
24619 11
24620 13
24621 9
24622 12
24623 11
24624 10
24625 11
24626 12
24627 9
24628 12
24629 12
24630 10
24631 10
24632 12
24633 8
24634 12
24635 10
24636 10
24637 11
24638 12
24639 8
24640 12
24641 10
24642 2
24643 10
24644 12
24645 8
24646 12
24647 11
24648 10
24649 10
24650 12
24651 8
24652 12
24653 10
24654 10
24655 11
24656 12
24657 9
24658 12
24659 11
24660 10
24661 11
24662 12
24663 8
24664 12
24665 11
24666 11
24667 11
24668 12
24669 9
24670 12
24671 11
24672 10
24673 11
24674 12
24675 8
24676 12
24677 11
24678 10
24679 3
24680 12
24681 9
24682 12
24683 10
24684 10
24685 11
24686 13
24687 9
24688 12
24689 10
24690 10
24691 11
24692 12
24693 9
24694 12
24695 11
24696 11
24697 11
24698 12
24699 9
24700 12
24701 11
24702 10
24703 11
24704 12
24705 8
24706 12
24707 10
24708 11
24709 11
24710 12
24711 9
24712 12
24713 11
24714 11
24715 11
24716 5
24717 10
24718 13
24719 10
24720 10
24721 11
24722 12
24723 8
24724 12
24725 11
24726 10
24727 10
24728 12
24729 9
24730 12
24731 11
24732 10
24733 11
24734 12
24735 9
24736 12
24737 11
24738 10
24739 11
24740 12
24741 9
24742 12
24743 11
24744 10
24745 11
24746 12
24747 9
24748 12
24749 11
24750 10
24751 11
24752 12
24753 1
24754 223
24755 113
24756 77
24757 59
24758 48
24759 41
24760 36
24761 34
24762 30
24763 28
24764 26
24765 24
24766 24
24767 22
24768 21
24769 20
24770 21
24771 19
24772 18
24773 18
24774 17
24775 17
24776 17
24777 16
24778 16
24779 16
24780 16
24781 15
24782 16
24783 15
24784 16
24785 15
24786 15
24787 14
24788 15
24789 15
24790 14
24791 14
24792 14
24793 14
24794 14
24795 14
24796 13
24797 13
24798 13
24799 13
24800 13
24801 13
24802 13
24803 13
24804 13
24805 13
24806 14
24807 12
24808 13
24809 12
24810 12
24811 13
24812 12
24813 13
24814 12
24815 13
24816 13
24817 13
24818 13
24819 13
24820 12
24821 12
24822 13
24823 12
24824 12
24825 12
24826 12
24827 12
24828 13
24829 12
24830 12
24831 12
24832 12
24833 12
24834 12
24835 12
24836 12
24837 12
24838 12
24839 12
24840 12
24841 12
24842 12
24843 13
24844 12
24845 12
24846 12
24847 12
24848 12
24849 12
24850 12
24851 12
24852 12
24853 12
24854 12
24855 12
24856 12
24857 12
24858 12
24859 12
24860 12
24861 12
24862 12
24863 12
24864 12
24865 12
24866 12
24867 12
24868 12
24869 12
24870 12
24871 12
24872 12
24873 12
24874 12
24875 12
24876 12
24877 12
24878 12
24879 12
24880 12
24881 12
24882 12
24883 12
24884 12
24885 12
24886 12
24887 12
24888 12
24889 12
24890 12
24891 12
24892 12
24893 12
24894 12
24895 12
24896 12
24897 12
24898 12
24899 12
24900 12
24901 12
24902 12
24903 12
24904 12
24905 12
24906 12
24907 12
24908 12
24909 12
24910 12
24911 12
24912 12
24913 12
24914 12
24915 12
24916 12
24917 12
24918 12
24919 12
24920 12
24921 12
24922 12
24923 12
24924 12
24925 12
24926 12
24927 12
24928 12
24929 12
24930 12
24931 12
24932 12
24933 12
24934 12
24935 12
24936 12
24937 12
24938 12
24939 12
24940 12
24941 12
24942 12
24943 12
24944 12
24945 12
24946 12
24947 12
24948 13
24949 12
24950 12
24951 12
24952 12
24953 12
24954 12
24955 12
24956 12
24957 12
24958 12
24959 12
24960 12
24961 12
24962 12
24963 12
24964 12
24965 12
24966 12
24967 12
24968 12
24969 12
24970 12
24971 12
24972 12
24973 12
24974 12
24975 12
24976 1
24977 224
24978 112
24979 77
24980 56
24981 49
24982 40
24983 32
24984 28
24985 31
24986 26
24987 26
24988 21
24989 24
24990 16
24991 21
24992 14
24993 19
24994 18
24995 18
24996 15
24997 13
24998 15
24999 17
25000 12
25001 16
25002 14
25003 16
25004 8
25005 15
25006 14
25007 15
25008 7
25009 14
25010 13
25011 10
25012 12
25013 14
25014 14
25015 14
25016 9
25017 13
25018 8
25019 14
25020 11
25021 14
25022 12
25023 13
25024 7
25025 9
25026 12
25027 13
25028 11
25029 13
25030 13
25031 12
25032 4
25033 13
25034 12
25035 12
25036 10
25037 13
25038 11
25039 9
25040 5
25041 12
25042 11
25043 13
25044 10
25045 12
25046 7
25047 13
25048 8
25049 12
25050 11
25051 12
25052 9
25053 8
25054 11
25055 12
25056 7
25057 12
25058 11
25059 12
25060 5
25061 12
25062 11
25063 12
25064 8
25065 12
25066 11
25067 8
25068 10
25069 12
25070 11
25071 13
25072 5
25073 12
25074 7
25075 13
25076 9
25077 12
25078 11
25079 12
25080 9
25081 9
25082 11
25083 12
25084 9
25085 12
25086 11
25087 12
25088 2
25089 12
25090 11
25091 12
25092 9
25093 12
25094 12
25095 9
25096 8
25097 12
25098 11
25099 12
25100 9
25101 12
25102 7
25103 12
25104 5
25105 12
25106 11
25107 12
25108 10
25109 8
25110 11
25111 12
25112 8
25113 12
25114 11
25115 12
25116 5
25117 12
25118 11
25119 12
25120 7
25121 12
25122 11
25123 8
25124 9
25125 12
25126 11
25127 12
25128 8
25129 12
25130 7
25131 12
25132 10
25133 12
25134 11
25135 12
25136 5
25137 9
25138 11
25139 12
25140 10
25141 12
25142 12
25143 12
25144 4
25145 12
25146 12
25147 12
25148 11
25149 12
25150 11
25151 9
25152 7
25153 12
25154 11
25155 12
25156 10
25157 12
25158 8
25159 12
25160 9
25161 12
25162 11
25163 12
25164 9
25165 8
25166 11
25167 12
25168 5
25169 12
25170 11
25171 12
25172 7
25173 12
25174 11
25175 12
25176 10
25177 13
25178 11
25179 8
25180 10
25181 12
25182 11
25183 12
25184 7
25185 13
25186 7
25187 12
25188 9
25189 12
25190 11
25191 12
25192 8
25193 9
25194 12
25195 12
25196 9
25197 12
25198 11
25199 12
25200 1
25201 225
25202 114
25203 75
25204 60
25205 45
25206 39
25207 38
25208 34
25209 25
25210 24
25211 26
25212 22
25213 24
25214 22
25215 15
25216 21
25217 21
25218 14
25219 18
25220 15
25221 15
25222 17
25223 17
25224 14
25225 9
25226 17
25227 11
25228 16
25229 16
25230 9
25231 15
25232 15
25233 13
25234 14
25235 11
25236 10
25237 14
25238 14
25239 12
25240 10
25241 14
25242 11
25243 15
25244 14
25245 5
25246 13
25247 13
25248 11
25249 14
25250 6
25251 11
25252 14
25253 13
25254 8
25255 10
25256 13
25257 10
25258 12
25259 13
25260 7
25261 12
25262 12
25263 8
25264 12
25265 9
25266 10
25267 12
25268 13
25269 11
25270 9
25271 12
25272 9
25273 12
25274 12
25275 3
25276 12
25277 13
25278 10
25279 12
25280 10
25281 8
25282 12
25283 12
25284 10
25285 9
25286 12
25287 10
25288 12
25289 12
25290 4
25291 12
25292 13
25293 10
25294 12
25295 9
25296 10
25297 12
25298 12
25299 8
25300 6
25301 12
25302 10
25303 12
25304 12
25305 8
25306 12
25307 12
25308 8
25309 12
25310 9
25311 10
25312 12
25313 12
25314 10
25315 9
25316 12
25317 8
25318 12
25319 12
25320 8
25321 12
25322 12
25323 10
25324 12
25325 6
25326 8
25327 12
25328 12
25329 10
25330 9
25331 12
25332 10
25333 12
25334 12
25335 4
25336 12
25337 12
25338 10
25339 12
25340 9
25341 10
25342 12
25343 12
25344 8
25345 10
25346 12
25347 10
25348 12
25349 12
25350 3
25351 12
25352 12
25353 9
25354 12
25355 9
25356 11
25357 12
25358 12
25359 10
25360 9
25361 12
25362 8
25363 12
25364 12
25365 7
25366 12
25367 12
25368 10
25369 12
25370 9
25371 8
25372 12
25373 12
25374 10
25375 6
25376 12
25377 10
25378 12
25379 12
25380 5
25381 12
25382 12
25383 10
25384 12
25385 9
25386 10
25387 12
25388 12
25389 8
25390 9
25391 12
25392 10
25393 12
25394 12
25395 8
25396 12
25397 12
25398 8
25399 12
25400 7
25401 10
25402 12
25403 12
25404 10
25405 10
25406 12
25407 8
25408 12
25409 12
25410 7
25411 12
25412 12
25413 10
25414 12
25415 9
25416 8
25417 13
25418 12
25419 11
25420 10
25421 12
25422 10
25423 12
25424 12
25425 1
25426 226
25427 113
25428 78
25429 58
25430 49
25431 40
25432 37
25433 32
25434 30
25435 26
25436 26
25437 23
25438 23
25439 22
25440 21
25441 20
25442 20
25443 18
25444 20
25445 17
25446 18
25447 16
25448 18
25449 15
25450 16
25451 15
25452 16
25453 14
25454 16
25455 14
25456 15
25457 14
25458 14
25459 13
25460 14
25461 13
25462 14
25463 12
25464 14
25465 12
25466 14
25467 12
25468 13
25469 12
25470 13
25471 12
25472 13
25473 12
25474 13
25475 12
25476 13
25477 11
25478 13
25479 11
25480 13
25481 12
25482 13
25483 11
25484 13
25485 11
25486 12
25487 12
25488 13
25489 12
25490 12
25491 11
25492 13
25493 11
25494 13
25495 12
25496 12
25497 13
25498 12
25499 11
25500 12
25501 11
25502 12
25503 11
25504 12
25505 11
25506 12
25507 11
25508 12
25509 11
25510 12
25511 11
25512 12
25513 11
25514 12
25515 11
25516 12
25517 11
25518 12
25519 11
25520 13
25521 11
25522 13
25523 11
25524 12
25525 11
25526 12
25527 11
25528 12
25529 11
25530 12
25531 12
25532 13
25533 11
25534 12
25535 11
25536 12
25537 11
25538 2
25539 11
25540 12
25541 11
25542 12
25543 11
25544 13
25545 12
25546 12
25547 11
25548 12
25549 11
25550 12
25551 11
25552 12
25553 11
25554 12
25555 11
25556 13
25557 11
25558 12
25559 11
25560 12
25561 11
25562 12
25563 11
25564 12
25565 11
25566 12
25567 11
25568 12
25569 11
25570 12
25571 11
25572 12
25573 11
25574 12
25575 11
25576 12
25577 11
25578 12
25579 11
25580 12
25581 11
25582 13
25583 11
25584 12
25585 11
25586 12
25587 12
25588 12
25589 11
25590 12
25591 11
25592 13
25593 11
25594 12
25595 11
25596 12
25597 11
25598 12
25599 11
25600 12
25601 11
25602 13
25603 11
25604 12
25605 11
25606 13
25607 11
25608 12
25609 11
25610 12
25611 11
25612 12
25613 11
25614 12
25615 11
25616 12
25617 11
25618 12
25619 11
25620 13
25621 11
25622 12
25623 12
25624 12
25625 11
25626 12
25627 11
25628 12
25629 11
25630 12
25631 11
25632 12
25633 11
25634 12
25635 11
25636 13
25637 11
25638 12
25639 11
25640 12
25641 11
25642 13
25643 11
25644 12
25645 11
25646 12
25647 11
25648 12
25649 11
25650 12
25651 1
25652 227
25653 115
25654 78
25655 60
25656 49
25657 42
25658 37
25659 33
25660 31
25661 28
25662 26
25663 25
25664 23
25665 22
25666 22
25667 20
25668 20
25669 19
25670 18
25671 18
25672 19
25673 18
25674 17
25675 16
25676 18
25677 16
25678 16
25679 15
25680 17
25681 15
25682 15
25683 16
25684 15
25685 14
25686 15
25687 14
25688 14
25689 14
25690 15
25691 14
25692 14
25693 13
25694 13
25695 14
25696 13
25697 13
25698 13
25699 14
25700 13
25701 13
25702 13
25703 13
25704 13
25705 13
25706 13
25707 12
25708 13
25709 13
25710 12
25711 13
25712 12
25713 13
25714 13
25715 13
25716 13
25717 12
25718 13
25719 13
25720 12
25721 12
25722 12
25723 12
25724 12
25725 13
25726 12
25727 12
25728 12
25729 12
25730 12
25731 12
25732 12
25733 12
25734 12
25735 12
25736 13
25737 12
25738 12
25739 12
25740 12
25741 12
25742 12
25743 13
25744 12
25745 12
25746 12
25747 12
25748 12
25749 12
25750 12
25751 12
25752 12
25753 12
25754 12
25755 12
25756 13
25757 12
25758 12
25759 12
25760 12
25761 12
25762 12
25763 12
25764 12
25765 13
25766 12
25767 12
25768 12
25769 12
25770 12
25771 12
25772 12
25773 12
25774 12
25775 12
25776 12
25777 12
25778 12
25779 12
25780 12
25781 12
25782 12
25783 12
25784 12
25785 12
25786 13
25787 12
25788 12
25789 12
25790 12
25791 12
25792 12
25793 12
25794 12
25795 12
25796 12
25797 12
25798 12
25799 12
25800 12
25801 12
25802 12
25803 12
25804 12
25805 12
25806 12
25807 12
25808 12
25809 12
25810 12
25811 12
25812 12
25813 12
25814 12
25815 12
25816 12
25817 12
25818 12
25819 12
25820 13
25821 12
25822 12
25823 13
25824 13
25825 12
25826 12
25827 12
25828 12
25829 12
25830 12
25831 12
25832 12
25833 12
25834 12
25835 12
25836 12
25837 12
25838 12
25839 12
25840 13
25841 12
25842 12
25843 12
25844 12
25845 12
25846 12
25847 12
25848 12
25849 12
25850 12
25851 12
25852 12
25853 12
25854 12
25855 12
25856 12
25857 12
25858 12
25859 12
25860 13
25861 12
25862 12
25863 12
25864 12
25865 12
25866 12
25867 12
25868 12
25869 12
25870 12
25871 12
25872 13
25873 12
25874 12
25875 12
25876 12
25877 12
25878 1
25879 228
25880 114
25881 76
25882 57
25883 49
25884 38
25885 37
25886 30
25887 28
25888 27
25889 26
25890 19
25891 23
25892 21
25893 19
25894 18
25895 20
25896 15
25897 12
25898 15
25899 15
25900 16
25901 17
25902 11
25903 18
25904 15
25905 14
25906 14
25907 16
25908 11
25909 16
25910 13
25911 12
25912 13
25913 15
25914 9
25915 14
25916 6
25917 11
25918 11
25919 14
25920 10
25921 15
25922 10
25923 11
25924 12
25925 13
25926 8
25927 14
25928 12
25929 12
25930 10
25931 14
25932 10
25933 13
25934 10
25935 4
25936 11
25937 12
25938 8
25939 13
25940 11
25941 10
25942 10
25943 13
25944 9
25945 12
25946 10
25947 11
25948 11
25949 13
25950 7
25951 12
25952 11
25953 10
25954 3
25955 12
25956 9
25957 12
25958 9
25959 10
25960 11
25961 12
25962 7
25963 12
25964 11
25965 10
25966 10
25967 12
25968 9
25969 12
25970 10
25971 10
25972 11
25973 6
25974 7
25975 12
25976 12
25977 10
25978 10
25979 12
25980 10
25981 12
25982 9
25983 10
25984 10
25985 12
25986 7
25987 12
25988 10
25989 10
25990 10
25991 12
25992 2
25993 12
25994 10
25995 10
25996 10
25997 12
25998 7
25999 12
26000 10
26001 10
26002 9
26003 12
26004 10
26005 12
26006 10
26007 10
26008 11
26009 12
26010 7
26011 6
26012 11
26013 10
26014 9
26015 12
26016 9
26017 12
26018 10
26019 10
26020 10
26021 12
26022 7
26023 12
26024 11
26025 10
26026 9
26027 12
26028 9
26029 12
26030 3
26031 10
26032 11
26033 12
26034 7
26035 13
26036 11
26037 10
26038 10
26039 12
26040 9
26041 12
26042 10
26043 10
26044 11
26045 12
26046 7
26047 12
26048 10
26049 4
26050 10
26051 12
26052 10
26053 12
26054 9
26055 10
26056 12
26057 13
26058 7
26059 12
26060 11
26061 10
26062 9
26063 12
26064 9
26065 12
26066 10
26067 10
26068 5
26069 12
26070 7
26071 12
26072 11
26073 10
26074 10
26075 12
26076 9
26077 12
26078 10
26079 10
26080 11
26081 12
26082 9
26083 13
26084 11
26085 11
26086 9
26087 7
26088 9
26089 12
26090 10
26091 10
26092 11
26093 12
26094 7
26095 12
26096 11
26097 10
26098 10
26099 12
26100 9
26101 12
26102 10
26103 10
26104 12
26105 13
26106 1
26107 229
26108 116
26109 79
26110 61
26111 50
26112 42
26113 37
26114 33
26115 31
26116 28
26117 27
26118 25
26119 23
26120 22
26121 21
26122 21
26123 21
26124 19
26125 20
26126 19
26127 17
26128 17
26129 17
26130 16
26131 18
26132 16
26133 16
26134 15
26135 15
26136 15
26137 15
26138 14
26139 15
26140 14
26141 14
26142 14
26143 14
26144 14
26145 14
26146 13
26147 14
26148 14
26149 14
26150 14
26151 13
26152 13
26153 13
26154 14
26155 14
26156 13
26157 13
26158 13
26159 14
26160 13
26161 14
26162 13
26163 13
26164 13
26165 12
26166 13
26167 13
26168 14
26169 13
26170 13
26171 13
26172 12
26173 13
26174 13
26175 13
26176 13
26177 12
26178 12
26179 12
26180 12
26181 13
26182 12
26183 12
26184 12
26185 12
26186 14
26187 14
26188 12
26189 12
26190 13
26191 12
26192 12
26193 12
26194 12
26195 12
26196 12
26197 12
26198 12
26199 12
26200 12
26201 12
26202 12
26203 12
26204 12
26205 13
26206 12
26207 12
26208 12
26209 13
26210 12
26211 12
26212 12
26213 12
26214 12
26215 12
26216 12
26217 12
26218 12
26219 12
26220 12
26221 12
26222 12
26223 12
26224 12
26225 12
26226 12
26227 12
26228 12
26229 12
26230 12
26231 12
26232 12
26233 12
26234 12
26235 12
26236 12
26237 12
26238 12
26239 12
26240 12
26241 12
26242 12
26243 12
26244 12
26245 12
26246 12
26247 12
26248 12
26249 12
26250 12
26251 12
26252 12
26253 12
26254 14
26255 13
26256 12
26257 12
26258 12
26259 12
26260 12
26261 12
26262 12
26263 12
26264 12
26265 12
26266 12
26267 13
26268 12
26269 12
26270 12
26271 12
26272 12
26273 12
26274 13
26275 13
26276 12
26277 12
26278 12
26279 12
26280 12
26281 12
26282 13
26283 12
26284 12
26285 12
26286 12
26287 13
26288 12
26289 12
26290 12
26291 13
26292 12
26293 12
26294 12
26295 12
26296 12
26297 13
26298 12
26299 12
26300 12
26301 13
26302 12
26303 12
26304 12
26305 12
26306 12
26307 12
26308 12
26309 13
26310 12
26311 12
26312 12
26313 12
26314 12
26315 12
26316 12
26317 12
26318 12
26319 13
26320 13
26321 12
26322 12
26323 12
26324 13
26325 12
26326 12
26327 12
26328 12
26329 12
26330 12
26331 12
26332 12
26333 12
26334 12
26335 1
26336 230
26337 115
26338 79
26339 59
26340 46
26341 41
26342 37
26343 32
26344 31
26345 23
26346 26
26347 23
26348 24
26349 21
26350 18
26351 19
26352 21
26353 18
26354 18
26355 13
26356 18
26357 16
26358 10
26359 15
26360 13
26361 14
26362 16
26363 14
26364 15
26365 10
26366 15
26367 13
26368 15
26369 14
26370 11
26371 13
26372 14
26373 14
26374 14
26375 9
26376 14
26377 12
26378 14
26379 12
26380 10
26381 5
26382 13
26383 12
26384 13
26385 8
26386 13
26387 12
26388 13
26389 12
26390 9
26391 11
26392 13
26393 12
26394 14
26395 8
26396 13
26397 11
26398 13
26399 11
26400 9
26401 12
26402 14
26403 11
26404 6
26405 8
26406 12
26407 12
26408 12
26409 11
26410 9
26411 11
26412 12
26413 11
26414 12
26415 9
26416 12
26417 11
26418 12
26419 11
26420 9
26421 11
26422 12
26423 11
26424 12
26425 8
26426 12
26427 4
26428 12
26429 11
26430 9
26431 11
26432 13
26433 10
26434 12
26435 8
26436 12
26437 11
26438 12
26439 11
26440 9
26441 11
26442 12
26443 10
26444 12
26445 8
26446 12
26447 10
26448 12
26449 11
26450 2
26451 11
26452 12
26453 10
26454 12
26455 8
26456 12
26457 10
26458 12
26459 11
26460 9
26461 11
26462 12
26463 11
26464 12
26465 8
26466 12
26467 10
26468 12
26469 11
26470 9
26471 11
26472 12
26473 4
26474 12
26475 8
26476 12
26477 11
26478 12
26479 11
26480 9
26481 11
26482 12
26483 11
26484 12
26485 8
26486 12
26487 10
26488 12
26489 11
26490 9
26491 11
26492 12
26493 10
26494 12
26495 8
26496 6
26497 11
26498 13
26499 11
26500 9
26501 11
26502 12
26503 10
26504 13
26505 8
26506 12
26507 11
26508 13
26509 11
26510 9
26511 11
26512 12
26513 11
26514 12
26515 8
26516 12
26517 11
26518 12
26519 5
26520 9
26521 11
26522 12
26523 10
26524 12
26525 9
26526 13
26527 12
26528 12
26529 11
26530 9
26531 11
26532 12
26533 12
26534 12
26535 8
26536 12
26537 11
26538 12
26539 11
26540 9
26541 11
26542 6
26543 11
26544 12
26545 8
26546 12
26547 11
26548 12
26549 11
26550 9
26551 11
26552 12
26553 11
26554 12
26555 8
26556 12
26557 11
26558 12
26559 11
26560 9
26561 11
26562 12
26563 11
26564 13
26565 1
26566 231
26567 117
26568 77
26569 61
26570 50
26571 40
26572 33
26573 35
26574 28
26575 28
26576 21
26577 23
26578 24
26579 18
26580 19
26581 21
26582 20
26583 17
26584 19
26585 19
26586 11
26587 12
26588 17
26589 14
26590 16
26591 16
26592 14
26593 12
26594 16
26595 13
26596 15
26597 16
26598 7
26599 15
26600 10
26601 12
26602 14
26603 14
26604 12
26605 14
26606 14
26607 7
26608 13
26609 9
26610 12
26611 13
26612 15
26613 12
26614 9
26615 13
26616 12
26617 14
26618 13
26619 11
26620 8
26621 10
26622 12
26623 13
26624 13
26625 10
26626 13
26627 13
26628 6
26629 13
26630 14
26631 5
26632 13
26633 13
26634 10
26635 9
26636 12
26637 12
26638 14
26639 12
26640 12
26641 12
26642 3
26643 10
26644 12
26645 12
26646 10
26647 12
26648 13
26649 6
26650 12
26651 12
26652 10
26653 7
26654 13
26655 10
26656 8
26657 12
26658 10
26659 12
26660 12
26661 10
26662 12
26663 8
26664 5
26665 13
26666 13
26667 10
26668 12
26669 12
26670 6
26671 12
26672 12
26673 12
26674 12
26675 7
26676 10
26677 9
26678 12
26679 10
26680 12
26681 12
26682 10
26683 12
26684 9
26685 10
26686 7
26687 12
26688 12
26689 12
26690 12
26691 6
26692 12
26693 12
26694 10
26695 13
26696 13
26697 5
26698 8
26699 12
26700 10
26701 12
26702 12
26703 10
26704 12
26705 8
26706 10
26707 12
26708 7
26709 10
26710 12
26711 12
26712 6
26713 13
26714 12
26715 10
26716 12
26717 12
26718 10
26719 3
26720 12
26721 12
26722 12
26723 12
26724 12
26725 12
26726 9
26727 10
26728 13
26729 13
26730 5
26731 12
26732 13
26733 6
26734 13
26735 12
26736 10
26737 12
26738 13
26739 10
26740 10
26741 8
26742 10
26743 12
26744 12
26745 12
26746 12
26747 8
26748 11
26749 12
26750 12
26751 10
26752 9
26753 12
26754 7
26755 13
26756 12
26757 11
26758 12
26759 13
26760 10
26761 8
26762 12
26763 5
26764 12
26765 12
26766 12
26767 13
26768 9
26769 10
26770 12
26771 13
26772 10
26773 12
26774 7
26775 6
26776 12
26777 12
26778 11
26779 13
26780 13
26781 10
26782 9
26783 12
26784 10
26785 8
26786 12
26787 10
26788 12
26789 9
26790 10
26791 13
26792 13
26793 10
26794 12
26795 13
26796 1
26797 232
26798 116
26799 80
26800 58
26801 50
26802 41
26803 39
26804 29
26805 31
26806 27
26807 27
26808 22
26809 23
26810 21
26811 22
26812 16
26813 20
26814 19
26815 20
26816 15
26817 18
26818 16
26819 17
26820 12
26821 17
26822 15
26823 16
26824 13
26825 8
26826 14
26827 15
26828 11
26829 15
26830 13
26831 15
26832 12
26833 14
26834 12
26835 14
26836 10
26837 14
26838 12
26839 15
26840 11
26841 14
26842 12
26843 13
26844 9
26845 13
26846 12
26847 14
26848 10
26849 13
26850 12
26851 14
26852 10
26853 13
26854 4
26855 12
26856 10
26857 14
26858 11
26859 12
26860 8
26861 13
26862 11
26863 13
26864 10
26865 13
26866 11
26867 12
26868 9
26869 12
26870 11
26871 13
26872 11
26873 13
26874 11
26875 13
26876 8
26877 12
26878 11
26879 12
26880 10
26881 13
26882 11
26883 5
26884 8
26885 12
26886 11
26887 12
26888 10
26889 12
26890 11
26891 12
26892 8
26893 12
26894 11
26895 13
26896 11
26897 13
26898 11
26899 12
26900 9
26901 12
26902 11
26903 12
26904 11
26905 12
26906 11
26907 12
26908 8
26909 12
26910 11
26911 12
26912 2
26913 12
26914 11
26915 12
26916 8
26917 12
26918 11
26919 12
26920 10
26921 12
26922 11
26923 12
26924 9
26925 12
26926 11
26927 13
26928 10
26929 13
26930 11
26931 12
26932 8
26933 12
26934 11
26935 12
26936 10
26937 12
26938 11
26939 12
26940 8
26941 5
26942 11
26943 13
26944 10
26945 12
26946 11
26947 12
26948 8
26949 12
26950 11
26951 13
26952 11
26953 13
26954 11
26955 12
26956 9
26957 12
26958 11
26959 13
26960 10
26961 12
26962 11
26963 12
26964 8
26965 12
26966 11
26967 13
26968 10
26969 12
26970 4
26971 12
26972 9
26973 12
26974 11
26975 12
26976 10
26977 12
26978 11
26979 12
26980 9
26981 12
26982 11
26983 12
26984 11
26985 13
26986 11
26987 12
26988 10
26989 12
26990 11
26991 13
26992 10
26993 12
26994 11
26995 12
26996 10
26997 12
26998 11
26999 7
27000 10
27001 13
27002 11
27003 12
27004 8
27005 12
27006 11
27007 13
27008 10
27009 13
27010 11
27011 12
27012 8
27013 13
27014 11
27015 12
27016 10
27017 13
27018 11
27019 12
27020 9
27021 12
27022 11
27023 12
27024 10
27025 13
27026 11
27027 13
27028 1
27029 233
27030 118
27031 80
27032 62
27033 50
27034 43
27035 38
27036 35
27037 32
27038 29
27039 26
27040 25
27041 24
27042 23
27043 22
27044 21
27045 20
27046 20
27047 20
27048 18
27049 18
27050 18
27051 17
27052 17
27053 18
27054 16
27055 16
27056 16
27057 16
27058 15
27059 15
27060 15
27061 15
27062 15
27063 15
27064 16
27065 15
27066 14
27067 14
27068 14
27069 13
27070 14
27071 13
27072 13
27073 13
27074 13
27075 13
27076 13
27077 13
27078 13
27079 14
27080 15
27081 13
27082 13
27083 13
27084 13
27085 13
27086 13
27087 12
27088 14
27089 12
27090 13
27091 13
27092 13
27093 13
27094 12
27095 13
27096 13
27097 13
27098 13
27099 12
27100 12
27101 12
27102 12
27103 12
27104 13
27105 12
27106 13
27107 13
27108 12
27109 12
27110 12
27111 12
27112 12
27113 13
27114 12
27115 12
27116 12
27117 12
27118 12
27119 12
27120 13
27121 12
27122 12
27123 13
27124 12
27125 12
27126 12
27127 12
27128 13
27129 12
27130 12
27131 12
27132 12
27133 12
27134 12
27135 12
27136 12
27137 12
27138 12
27139 12
27140 12
27141 12
27142 12
27143 12
27144 12
27145 12
27146 12
27147 12
27148 12
27149 12
27150 12
27151 12
27152 12
27153 12
27154 12
27155 12
27156 12
27157 12
27158 12
27159 12
27160 12
27161 13
27162 12
27163 12
27164 12
27165 12
27166 12
27167 12
27168 12
27169 13
27170 12
27171 12
27172 12
27173 12
27174 12
27175 12
27176 12
27177 12
27178 12
27179 12
27180 12
27181 12
27182 12
27183 12
27184 12
27185 13
27186 12
27187 12
27188 12
27189 12
27190 12
27191 12
27192 12
27193 12
27194 12
27195 12
27196 12
27197 13
27198 12
27199 12
27200 12
27201 12
27202 12
27203 12
27204 12
27205 12
27206 12
27207 12
27208 12
27209 12
27210 12
27211 12
27212 12
27213 12
27214 12
27215 12
27216 12
27217 12
27218 12
27219 12
27220 12
27221 12
27222 12
27223 12
27224 12
27225 12
27226 12
27227 13
27228 12
27229 12
27230 12
27231 13
27232 12
27233 12
27234 12
27235 12
27236 12
27237 12
27238 12
27239 12
27240 12
27241 12
27242 12
27243 12
27244 13
27245 12
27246 12
27247 12
27248 12
27249 12
27250 12
27251 12
27252 12
27253 12
27254 12
27255 12
27256 12
27257 12
27258 12
27259 12
27260 12
27261 1
27262 234
27263 117
27264 78
27265 60
27266 51
27267 39
27268 38
27269 33
27270 26
27271 27
27272 27
27273 21
27274 18
27275 21
27276 19
27277 19
27278 21
27279 13
27280 19
27281 17
27282 17
27283 16
27284 17
27285 13
27286 16
27287 9
27288 11
27289 14
27290 15
27291 12
27292 15
27293 14
27294 13
27295 14
27296 14
27297 8
27298 14
27299 13
27300 6
27301 12
27302 14
27303 10
27304 15
27305 13
27306 9
27307 12
27308 13
27309 11
27310 13
27311 13
27312 11
27313 6
27314 13
27315 7
27316 14
27317 11
27318 10
27319 12
27320 13
27321 9
27322 13
27323 11
27324 8
27325 11
27326 7
27327 9
27328 13
27329 11
27330 11
27331 11
27332 13
27333 7
27334 12
27335 11
27336 12
27337 11
27338 12
27339 3
27340 12
27341 11
27342 9
27343 11
27344 13
27345 9
27346 12
27347 11
27348 11
27349 11
27350 12
27351 6
27352 7
27353 11
27354 10
27355 11
27356 12
27357 9
27358 12
27359 11
27360 8
27361 11
27362 12
27363 9
27364 12
27365 6
27366 11
27367 12
27368 12
27369 6
27370 12
27371 11
27372 10
27373 11
27374 12
27375 10
27376 13
27377 11
27378 2
27379 11
27380 13
27381 9
27382 12
27383 11
27384 10
27385 11
27386 12
27387 6
27388 12
27389 12
27390 11
27391 6
27392 12
27393 9
27394 12
27395 11
27396 8
27397 11
27398 12
27399 9
27400 12
27401 11
27402 10
27403 11
27404 7
27405 6
27406 12
27407 11
27408 11
27409 11
27410 12
27411 9
27412 13
27413 11
27414 9
27415 11
27416 12
27417 3
27418 12
27419 11
27420 11
27421 11
27422 12
27423 7
27424 13
27425 11
27426 11
27427 11
27428 13
27429 9
27430 7
27431 11
27432 8
27433 11
27434 12
27435 9
27436 13
27437 11
27438 10
27439 11
27440 12
27441 7
27442 12
27443 6
27444 11
27445 11
27446 12
27447 9
27448 13
27449 11
27450 8
27451 11
27452 12
27453 10
27454 13
27455 11
27456 5
27457 11
27458 12
27459 6
27460 12
27461 11
27462 10
27463 12
27464 12
27465 9
27466 12
27467 11
27468 8
27469 7
27470 12
27471 9
27472 12
27473 11
27474 10
27475 11
27476 13
27477 7
27478 12
27479 11
27480 10
27481 11
27482 8
27483 9
27484 13
27485 11
27486 8
27487 11
27488 13
27489 9
27490 13
27491 11
27492 11
27493 11
27494 12
27495 1
27496 235
27497 119
27498 81
27499 62
27500 47
27501 43
27502 38
27503 34
27504 31
27505 25
27506 27
27507 25
27508 24
27509 23
27510 18
27511 21
27512 20
27513 19
27514 19
27515 15
27516 18
27517 17
27518 18
27519 17
27520 13
27521 16
27522 16
27523 16
27524 15
27525 12
27526 15
27527 15
27528 15
27529 15
27530 11
27531 15
27532 14
27533 14
27534 14
27535 12
27536 14
27537 14
27538 14
27539 13
27540 11
27541 14
27542 5
27543 13
27544 13
27545 10
27546 13
27547 14
27548 13
27549 13
27550 10
27551 13
27552 13
27553 13
27554 13
27555 10
27556 13
27557 13
27558 13
27559 13
27560 9
27561 12
27562 13
27563 13
27564 13
27565 9
27566 13
27567 12
27568 13
27569 12
27570 10
27571 12
27572 14
27573 12
27574 12
27575 9
27576 12
27577 13
27578 12
27579 12
27580 10
27581 12
27582 12
27583 13
27584 13
27585 9
27586 13
27587 13
27588 13
27589 4
27590 9
27591 13
27592 13
27593 12
27594 12
27595 9
27596 13
27597 13
27598 13
27599 12
27600 9
27601 12
27602 12
27603 12
27604 12
27605 9
27606 12
27607 13
27608 12
27609 12
27610 9
27611 12
27612 12
27613 12
27614 12
27615 9
27616 12
27617 12
27618 13
27619 12
27620 9
27621 12
27622 12
27623 12
27624 12
27625 9
27626 12
27627 13
27628 13
27629 12
27630 9
27631 12
27632 12
27633 12
27634 12
27635 9
27636 4
27637 13
27638 12
27639 13
27640 9
27641 12
27642 13
27643 12
27644 12
27645 9
27646 12
27647 12
27648 12
27649 12
27650 9
27651 12
27652 12
27653 13
27654 12
27655 10
27656 12
27657 13
27658 12
27659 12
27660 9
27661 12
27662 13
27663 12
27664 12
27665 9
27666 13
27667 12
27668 12
27669 12
27670 9
27671 12
27672 12
27673 12
27674 13
27675 9
27676 12
27677 12
27678 12
27679 13
27680 9
27681 12
27682 12
27683 5
27684 12
27685 9
27686 12
27687 12
27688 12
27689 12
27690 9
27691 12
27692 12
27693 12
27694 12
27695 9
27696 12
27697 12
27698 12
27699 13
27700 9
27701 12
27702 13
27703 12
27704 12
27705 9
27706 12
27707 12
27708 12
27709 13
27710 11
27711 12
27712 12
27713 13
27714 12
27715 9
27716 13
27717 13
27718 12
27719 12
27720 9
27721 13
27722 12
27723 12
27724 12
27725 9
27726 13
27727 13
27728 12
27729 12
27730 1
27731 236
27732 118
27733 81
27734 59
27735 51
27736 42
27737 38
27738 31
27739 32
27740 27
27741 27
27742 22
27743 25
27744 21
27745 22
27746 18
27747 21
27748 18
27749 19
27750 16
27751 18
27752 16
27753 18
27754 14
27755 17
27756 15
27757 16
27758 13
27759 16
27760 14
27761 15
27762 12
27763 15
27764 14
27765 14
27766 12
27767 15
27768 14
27769 14
27770 11
27771 14
27772 12
27773 14
27774 11
27775 14
27776 12
27777 14
27778 11
27779 13
27780 12
27781 13
27782 10
27783 15
27784 12
27785 14
27786 10
27787 13
27788 11
27789 4
27790 10
27791 12
27792 11
27793 13
27794 10
27795 13
27796 11
27797 12
27798 11
27799 12
27800 12
27801 12
27802 10
27803 13
27804 11
27805 12
27806 9
27807 13
27808 11
27809 13
27810 10
27811 12
27812 13
27813 12
27814 11
27815 12
27816 11
27817 12
27818 9
27819 12
27820 11
27821 12
27822 10
27823 12
27824 11
27825 12
27826 9
27827 12
27828 12
27829 12
27830 9
27831 12
27832 11
27833 13
27834 9
27835 12
27836 11
27837 12
27838 9
27839 13
27840 11
27841 12
27842 9
27843 12
27844 11
27845 12
27846 10
27847 12
27848 2
27849 12
27850 10
27851 12
27852 11
27853 12
27854 9
27855 12
27856 11
27857 12
27858 9
27859 12
27860 11
27861 12
27862 9
27863 12
27864 11
27865 12
27866 9
27867 12
27868 11
27869 12
27870 9
27871 12
27872 11
27873 12
27874 10
27875 12
27876 11
27877 12
27878 9
27879 12
27880 11
27881 12
27882 10
27883 12
27884 12
27885 12
27886 9
27887 12
27888 11
27889 12
27890 9
27891 12
27892 11
27893 13
27894 10
27895 12
27896 11
27897 12
27898 9
27899 12
27900 11
27901 12
27902 9
27903 12
27904 11
27905 12
27906 9
27907 4
27908 11
27909 12
27910 10
27911 12
27912 11
27913 12
27914 9
27915 12
27916 11
27917 12
27918 9
27919 13
27920 11
27921 12
27922 10
27923 12
27924 11
27925 12
27926 10
27927 12
27928 11
27929 12
27930 9
27931 12
27932 11
27933 12
27934 9
27935 12
27936 11
27937 12
27938 9
27939 12
27940 11
27941 12
27942 11
27943 12
27944 11
27945 12
27946 10
27947 12
27948 11
27949 12
27950 9
27951 12
27952 11
27953 12
27954 9
27955 12
27956 11
27957 12
27958 10
27959 12
27960 11
27961 12
27962 10
27963 12
27964 11
27965 12
27966 1
27967 237
27968 120
27969 79
27970 63
27971 51
27972 41
27973 38
27974 34
27975 29
27976 29
27977 27
27978 23
27979 25
27980 23
27981 20
27982 22
27983 21
27984 17
27985 19
27986 18
27987 16
27988 18
27989 18
27990 16
27991 17
27992 16
27993 14
27994 16
27995 16
27996 13
27997 16
27998 15
27999 12
28000 15
28001 15
28002 12
28003 14
28004 14
28005 12
28006 14
28007 14
28008 12
28009 14
28010 13
28011 11
28012 14
28013 13
28014 11
28015 13
28016 13
28017 11
28018 14
28019 14
28020 11
28021 13
28022 13
28023 11
28024 13
28025 13
28026 11
28027 12
28028 13
28029 11
28030 13
28031 13
28032 11
28033 12
28034 13
28035 11
28036 12
28037 13
28038 10
28039 12
28040 12
28041 12
28042 12
28043 13
28044 10
28045 3
28046 12
28047 12
28048 12
28049 12
28050 11
28051 12
28052 12
28053 10
28054 12
28055 12
28056 10
28057 12
28058 12
28059 10
28060 12
28061 13
28062 11
28063 12
28064 12
28065 10
28066 12
28067 12
28068 10
28069 12
28070 12
28071 10
28072 12
28073 12
28074 11
28075 12
28076 12
28077 10
28078 12
28079 12
28080 10
28081 12
28082 12
28083 10
28084 12
28085 12
28086 10
28087 12
28088 12
28089 10
28090 12
28091 12
28092 10
28093 12
28094 12
28095 11
28096 12
28097 12
28098 10
28099 12
28100 12
28101 10
28102 12
28103 12
28104 10
28105 12
28106 12
28107 11
28108 12
28109 12
28110 10
28111 12
28112 12
28113 10
28114 12
28115 12
28116 10
28117 12
28118 12
28119 11
28120 12
28121 12
28122 11
28123 12
28124 3
28125 10
28126 12
28127 12
28128 10
28129 12
28130 12
28131 10
28132 12
28133 12
28134 10
28135 12
28136 12
28137 10
28138 12
28139 12
28140 10
28141 12
28142 12
28143 10
28144 12
28145 12
28146 10
28147 12
28148 12
28149 11
28150 12
28151 12
28152 10
28153 12
28154 12
28155 10
28156 12
28157 12
28158 10
28159 12
28160 12
28161 10
28162 12
28163 13
28164 10
28165 12
28166 12
28167 10
28168 12
28169 12
28170 11
28171 13
28172 12
28173 11
28174 13
28175 12
28176 10
28177 12
28178 12
28179 10
28180 12
28181 12
28182 10
28183 12
28184 12
28185 10
28186 12
28187 12
28188 11
28189 12
28190 13
28191 11
28192 12
28193 13
28194 10
28195 12
28196 12
28197 10
28198 12
28199 12
28200 11
28201 13
28202 12
28203 1
28204 238
28205 119
28206 82
28207 61
28208 51
28209 42
28210 34
28211 33
28212 32
28213 28
28214 27
28215 24
28216 25
28217 17
28218 22
28219 21
28220 14
28221 19
28222 19
28223 17
28224 14
28225 17
28226 17
28227 16
28228 17
28229 16
28230 16
28231 10
28232 16
28233 14
28234 15
28235 14
28236 15
28237 7
28238 11
28239 13
28240 15
28241 14
28242 14
28243 13
28244 14
28245 8
28246 14
28247 12
28248 14
28249 12
28250 13
28251 12
28252 9
28253 12
28254 7
28255 12
28256 13
28257 12
28258 13
28259 8
28260 13
28261 11
28262 12
28263 12
28264 13
28265 11
28266 9
28267 12
28268 13
28269 11
28270 13
28271 5
28272 13
28273 7
28274 12
28275 11
28276 13
28277 11
28278 13
28279 11
28280 9
28281 11
28282 12
28283 11
28284 13
28285 11
28286 12
28287 7
28288 7
28289 11
28290 12
28291 11
28292 12
28293 12
28294 8
28295 11
28296 12
28297 11
28298 12
28299 11
28300 13
28301 7
28302 12
28303 11
28304 12
28305 5
28306 12
28307 11
28308 8
28309 11
28310 12
28311 11
28312 12
28313 12
28314 12
28315 8
28316 12
28317 11
28318 12
28319 11
28320 12
28321 11
28322 2
28323 11
28324 12
28325 11
28326 12
28327 11
28328 12
28329 8
28330 12
28331 12
28332 12
28333 11
28334 12
28335 11
28336 8
28337 11
28338 12
28339 5
28340 12
28341 11
28342 12
28343 7
28344 13
28345 11
28346 12
28347 11
28348 12
28349 11
28350 8
28351 11
28352 12
28353 11
28354 12
28355 11
28356 7
28357 7
28358 12
28359 11
28360 12
28361 11
28362 12
28363 11
28364 9
28365 11
28366 13
28367 11
28368 13
28369 11
28370 12
28371 7
28372 12
28373 5
28374 12
28375 11
28376 12
28377 11
28378 8
28379 11
28380 12
28381 11
28382 12
28383 11
28384 12
28385 8
28386 12
28387 11
28388 12
28389 11
28390 7
28391 11
28392 9
28393 11
28394 12
28395 11
28396 12
28397 11
28398 13
28399 7
28400 12
28401 11
28402 12
28403 11
28404 12
28405 11
28406 9
28407 5
28408 12
28409 11
28410 12
28411 11
28412 12
28413 8
28414 12
28415 11
28416 12
28417 12
28418 12
28419 11
28420 9
28421 11
28422 12
28423 12
28424 7
28425 11
28426 12
28427 8
28428 12
28429 11
28430 12
28431 11
28432 12
28433 12
28434 9
28435 11
28436 12
28437 11
28438 13
28439 11
28440 12
28441 1
28442 239
28443 121
28444 82
28445 63
28446 52
28447 44
28448 40
28449 36
28450 32
28451 29
28452 27
28453 26
28454 24
28455 23
28456 22
28457 21
28458 21
28459 20
28460 19
28461 19
28462 18
28463 18
28464 18
28465 17
28466 17
28467 16
28468 16
28469 16
28470 17
28471 16
28472 15
28473 16
28474 15
28475 14
28476 15
28477 15
28478 14
28479 14
28480 14
28481 14
28482 14
28483 14
28484 14
28485 14
28486 14
28487 13
28488 13
28489 14
28490 14
28491 13
28492 13
28493 13
28494 13
28495 13
28496 14
28497 13
28498 13
28499 13
28500 13
28501 13
28502 13
28503 13
28504 13
28505 13
28506 12
28507 13
28508 14
28509 13
28510 12
28511 13
28512 13
28513 13
28514 12
28515 13
28516 13
28517 12
28518 12
28519 12
28520 12
28521 12
28522 14
28523 13
28524 12
28525 12
28526 13
28527 12
28528 13
28529 12
28530 12
28531 12
28532 12
28533 12
28534 12
28535 12
28536 12
28537 12
28538 12
28539 12
28540 12
28541 12
28542 13
28543 12
28544 12
28545 12
28546 12
28547 13
28548 12
28549 12
28550 12
28551 12
28552 12
28553 12
28554 12
28555 12
28556 12
28557 12
28558 12
28559 12
28560 12
28561 12
28562 12
28563 12
28564 12
28565 12
28566 12
28567 12
28568 12
28569 12
28570 12
28571 12
28572 12
28573 12
28574 13
28575 12
28576 12
28577 12
28578 12
28579 12
28580 12
28581 12
28582 12
28583 12
28584 12
28585 12
28586 12
28587 12
28588 12
28589 12
28590 12
28591 12
28592 12
28593 12
28594 12
28595 12
28596 12
28597 12
28598 12
28599 12
28600 12
28601 12
28602 12
28603 12
28604 12
28605 12
28606 12
28607 12
28608 12
28609 12
28610 12
28611 12
28612 13
28613 12
28614 12
28615 12
28616 12
28617 12
28618 12
28619 12
28620 13
28621 12
28622 13
28623 12
28624 12
28625 12
28626 12
28627 12
28628 12
28629 12
28630 13
28631 12
28632 12
28633 12
28634 12
28635 13
28636 12
28637 12
28638 12
28639 12
28640 12
28641 12
28642 12
28643 12
28644 13
28645 12
28646 12
28647 12
28648 13
28649 12
28650 12
28651 13
28652 12
28653 12
28654 12
28655 12
28656 12
28657 12
28658 13
28659 12
28660 12
28661 12
28662 13
28663 12
28664 12
28665 12
28666 12
28667 12
28668 13
28669 12
28670 13
28671 12
28672 12
28673 12
28674 12
28675 12
28676 13
28677 12
28678 12
28679 12
28680 1
28681 240
28682 120
28683 80
28684 60
28685 48
28686 40
28687 39
28688 30
28689 29
28690 24
28691 28
28692 20
28693 24
28694 23
28695 16
28696 15
28697 22
28698 16
28699 19
28700 12
28701 16
28702 16
28703 18
28704 10
28705 13
28706 16
28707 15
28708 13
28709 15
28710 8
28711 15
28712 9
28713 13
28714 14
28715 11
28716 9
28717 14
28718 13
28719 13
28720 6
28721 14
28722 10
28723 14
28724 11
28725 8
28726 13
28727 13
28728 5
28729 14
28730 9
28731 11
28732 10
28733 14
28734 10
28735 10
28736 9
28737 12
28738 12
28739 13
28740 4
28741 13
28742 12
28743 12
28744 7
28745 10
28746 9
28747 13
28748 11
28749 11
28750 8
28751 12
28752 6
28753 12
28754 11
28755 7
28756 10
28757 13
28758 9
28759 13
28760 3
28761 10
28762 11
28763 12
28764 7
28765 9
28766 11
28767 11
28768 8
28769 12
28770 5
28771 12
28772 10
28773 10
28774 11
28775 9
28776 4
28777 12
28778 11
28779 10
28780 6
28781 12
28782 9
28783 12
28784 9
28785 7
28786 11
28787 12
28788 8
28789 12
28790 7
28791 10
28792 8
28793 12
28794 8
28795 9
28796 9
28797 10
28798 10
28799 12
28800 2
28801 12
28802 10
28803 10
28804 9
28805 9
28806 8
28807 12
28808 8
28809 10
28810 7
28811 12
28812 8
28813 12
28814 11
28815 7
28816 9
28817 12
28818 9
28819 12
28820 6
28821 10
28822 11
28823 12
28824 4
28825 9
28826 11
28827 10
28828 10
28829 12
28830 5
28831 12
28832 8
28833 11
28834 11
28835 9
28836 7
28837 12
28838 11
28839 10
28840 3
28841 12
28842 9
28843 13
28844 9
28845 7
28846 11
28847 12
28848 6
28849 12
28850 8
28851 10
28852 11
28853 13
28854 8
28855 10
28856 7
28857 11
28858 11
28859 12
28860 4
28861 13
28862 11
28863 11
28864 9
28865 10
28866 9
28867 13
28868 10
28869 10
28870 9
28871 12
28872 5
28873 13
28874 11
28875 8
28876 10
28877 13
28878 9
28879 12
28880 5
28881 10
28882 11
28883 12
28884 7
28885 9
28886 11
28887 12
28888 8
28889 13
28890 7
28891 12
28892 11
28893 10
28894 11
28895 9
28896 6
28897 12
28898 11
28899 10
28900 7
28901 12
28902 9
28903 12
28904 7
28905 7
28906 11
28907 12
28908 9
28909 12
28910 8
28911 10
28912 9
28913 12
28914 9
28915 10
28916 10
28917 10
28918 11
28919 12
28920 1
28921 241
28922 122
28923 83
28924 64
28925 52
28926 44
28927 39
28928 36
28929 32
28930 29
28931 27
28932 26
28933 24
28934 23
28935 22
28936 22
28937 20
28938 20
28939 19
28940 19
28941 18
28942 18
28943 18
28944 17
28945 17
28946 16
28947 18
28948 16
28949 17
28950 15
28951 15
28952 16
28953 15
28954 15
28955 14
28956 15
28957 14
28958 14
28959 14
28960 14
28961 16
28962 14
28963 14
28964 14
28965 14
28966 13
28967 14
28968 13
28969 13
28970 13
28971 13
28972 13
28973 14
28974 13
28975 13
28976 13
28977 13
28978 13
28979 13
28980 13
28981 13
28982 13
28983 13
28984 13
28985 13
28986 13
28987 13
28988 13
28989 12
28990 13
28991 13
28992 12
28993 13
28994 13
28995 12
28996 13
28997 12
28998 13
28999 12
29000 12
29001 12
29002 13
29003 12
29004 12
29005 12
29006 12
29007 12
29008 13
29009 13
29010 12
29011 12
29012 12
29013 12
29014 12
29015 13
29016 12
29017 12
29018 12
29019 13
29020 12
29021 13
29022 12
29023 13
29024 13
29025 12
29026 12
29027 12
29028 13
29029 12
29030 12
29031 13
29032 12
29033 12
29034 12
29035 13
29036 12
29037 12
29038 12
29039 12
29040 12
29041 12
29042 12
29043 12
29044 12
29045 12
29046 12
29047 12
29048 12
29049 12
29050 13
29051 12
29052 12
29053 13
29054 12
29055 12
29056 12
29057 13
29058 12
29059 12
29060 12
29061 12
29062 12
29063 12
29064 12
29065 12
29066 12
29067 12
29068 12
29069 12
29070 12
29071 12
29072 13
29073 12
29074 12
29075 12
29076 12
29077 12
29078 12
29079 12
29080 12
29081 12
29082 12
29083 13
29084 12
29085 13
29086 12
29087 13
29088 12
29089 12
29090 12
29091 13
29092 12
29093 13
29094 12
29095 12
29096 12
29097 12
29098 12
29099 13
29100 12
29101 12
29102 12
29103 12
29104 13
29105 12
29106 13
29107 12
29108 12
29109 12
29110 13
29111 12
29112 12
29113 12
29114 12
29115 13
29116 12
29117 13
29118 13
29119 13
29120 12
29121 12
29122 12
29123 12
29124 12
29125 12
29126 12
29127 13
29128 12
29129 12
29130 12
29131 12
29132 12
29133 12
29134 12
29135 13
29136 12
29137 12
29138 12
29139 12
29140 12
29141 12
29142 13
29143 12
29144 13
29145 12
29146 12
29147 12
29148 13
29149 12
29150 12
29151 12
29152 12
29153 12
29154 13
29155 12
29156 12
29157 12
29158 12
29159 12
29160 12
29161 1
29162 242
29163 121
29164 83
29165 62
29166 52
29167 43
29168 39
29169 34
29170 33
29171 28
29172 22
29173 24
29174 24
29175 22
29176 23
29177 21
29178 22
29179 19
29180 19
29181 17
29182 18
29183 11
29184 18
29185 16
29186 18
29187 16
29188 16
29189 15
29190 16
29191 14
29192 15
29193 14
29194 10
29195 15
29196 15
29197 13
29198 14
29199 13
29200 14
29201 13
29202 14
29203 13
29204 14
29205 7
29206 14
29207 13
29208 14
29209 12
29210 13
29211 12
29212 13
29213 13
29214 13
29215 12
29216 8
29217 12
29218 13
29219 12
29220 13
29221 11
29222 12
29223 11
29224 13
29225 12
29226 13
29227 6
29228 13
29229 11
29230 12
29231 11
29232 13
29233 11
29234 12
29235 11
29236 12
29237 11
29238 9
29239 11
29240 12
29241 11
29242 12
29243 11
29244 12
29245 11
29246 12
29247 12
29248 12
29249 6
29250 12
29251 11
29252 12
29253 11
29254 12
29255 11
29256 12
29257 11
29258 12
29259 11
29260 8
29261 11
29262 12
29263 11
29264 12
29265 12
29266 12
29267 11
29268 12
29269 11
29270 12
29271 6
29272 12
29273 11
29274 12
29275 11
29276 12
29277 11
29278 12
29279 11
29280 12
29281 11
29282 2
29283 11
29284 12
29285 11
29286 12
29287 11
29288 12
29289 11
29290 12
29291 11
29292 12
29293 6
29294 12
29295 11
29296 12
29297 11
29298 12
29299 11
29300 12
29301 11
29302 12
29303 11
29304 8
29305 11
29306 12
29307 11
29308 12
29309 11
29310 12
29311 11
29312 12
29313 11
29314 12
29315 6
29316 12
29317 11
29318 12
29319 11
29320 12
29321 11
29322 12
29323 11
29324 12
29325 11
29326 8
29327 11
29328 12
29329 11
29330 12
29331 11
29332 12
29333 11
29334 12
29335 11
29336 12
29337 6
29338 12
29339 11
29340 12
29341 11
29342 12
29343 11
29344 12
29345 11
29346 12
29347 11
29348 8
29349 11
29350 12
29351 11
29352 12
29353 11
29354 12
29355 11
29356 12
29357 11
29358 12
29359 7
29360 12
29361 11
29362 12
29363 11
29364 12
29365 11
29366 12
29367 11
29368 12
29369 11
29370 8
29371 11
29372 12
29373 11
29374 12
29375 11
29376 12
29377 11
29378 13
29379 11
29380 12
29381 6
29382 12
29383 11
29384 12
29385 11
29386 12
29387 11
29388 12
29389 11
29390 12
29391 11
29392 8
29393 11
29394 12
29395 11
29396 12
29397 11
29398 12
29399 11
29400 12
29401 11
29402 12
29403 1
29404 243
29405 123
29406 81
29407 64
29408 52
29409 42
29410 39
29411 35
29412 27
29413 30
29414 28
29415 24
29416 25
29417 23
29418 20
29419 21
29420 21
29421 15
29422 19
29423 19
29424 16
29425 18
29426 18
29427 16
29428 17
29429 16
29430 9
29431 16
29432 15
29433 13
29434 15
29435 15
29436 13
29437 15
29438 15
29439 10
29440 15
29441 15
29442 13
29443 14
29444 14
29445 12
29446 14
29447 14
29448 9
29449 13
29450 13
29451 12
29452 13
29453 13
29454 12
29455 14
29456 13
29457 6
29458 14
29459 13
29460 12
29461 13
29462 13
29463 11
29464 13
29465 13
29466 8
29467 13
29468 13
29469 10
29470 13
29471 13
29472 11
29473 12
29474 13
29475 8
29476 13
29477 12
29478 10
29479 12
29480 12
29481 10
29482 13
29483 12
29484 3
29485 12
29486 13
29487 12
29488 14
29489 13
29490 11
29491 13
29492 13
29493 8
29494 12
29495 12
29496 10
29497 12
29498 13
29499 11
29500 12
29501 12
29502 8
29503 12
29504 12
29505 10
29506 12
29507 12
29508 10
29509 12
29510 12
29511 6
29512 12
29513 12
29514 10
29515 12
29516 12
29517 10
29518 12
29519 12
29520 8
29521 12
29522 12
29523 10
29524 12
29525 12
29526 10
29527 12
29528 12
29529 8
29530 12
29531 12
29532 10
29533 12
29534 12
29535 10
29536 12
29537 12
29538 6
29539 12
29540 12
29541 10
29542 12
29543 12
29544 10
29545 12
29546 12
29547 8
29548 12
29549 12
29550 11
29551 13
29552 12
29553 10
29554 12
29555 12
29556 8
29557 12
29558 12
29559 11
29560 13
29561 13
29562 11
29563 13
29564 12
29565 3
29566 12
29567 12
29568 10
29569 12
29570 12
29571 10
29572 12
29573 12
29574 8
29575 12
29576 12
29577 10
29578 12
29579 12
29580 10
29581 12
29582 12
29583 8
29584 12
29585 12
29586 10
29587 12
29588 12
29589 10
29590 12
29591 12
29592 6
29593 12
29594 12
29595 10
29596 12
29597 12
29598 10
29599 12
29600 12
29601 8
29602 12
29603 12
29604 12
29605 12
29606 12
29607 10
29608 13
29609 12
29610 8
29611 12
29612 13
29613 10
29614 12
29615 12
29616 10
29617 12
29618 12
29619 7
29620 12
29621 12
29622 10
29623 12
29624 12
29625 10
29626 13
29627 12
29628 10
29629 12
29630 12
29631 11
29632 12
29633 12
29634 12
29635 13
29636 12
29637 8
29638 12
29639 12
29640 10
29641 12
29642 12
29643 10
29644 12
29645 12
29646 1
29647 244
29648 122
29649 84
29650 61
29651 53
29652 43
29653 39
29654 32
29655 32
29656 28
29657 27
29658 23
29659 25
29660 22
29661 22
29662 19
29663 21
29664 19
29665 19
29666 16
29667 18
29668 17
29669 18
29670 14
29671 17
29672 15
29673 16
29674 13
29675 16
29676 15
29677 16
29678 12
29679 15
29680 13
29681 14
29682 12
29683 14
29684 13
29685 14
29686 11
29687 14
29688 14
29689 14
29690 11
29691 14
29692 13
29693 13
29694 11
29695 13
29696 12
29697 13
29698 11
29699 13
29700 12
29701 13
29702 10
29703 13
29704 12
29705 13
29706 10
29707 4
29708 11
29709 13
29710 11
29711 13
29712 12
29713 13
29714 10
29715 12
29716 12
29717 13
29718 10
29719 12
29720 12
29721 12
29722 11
29723 13
29724 11
29725 12
29726 10
29727 12
29728 11
29729 12
29730 9
29731 12
29732 12
29733 12
29734 10
29735 12
29736 11
29737 12
29738 10
29739 12
29740 11
29741 12
29742 9
29743 12
29744 11
29745 13
29746 10
29747 12
29748 11
29749 12
29750 9
29751 12
29752 12
29753 12
29754 10
29755 12
29756 12
29757 12
29758 9
29759 12
29760 11
29761 12
29762 9
29763 12
29764 11
29765 12
29766 9
29767 12
29768 2
29769 12
29770 9
29771 12
29772 11
29773 12
29774 9
29775 12
29776 11
29777 12
29778 9
29779 12
29780 12
29781 12
29782 10
29783 12
29784 12
29785 12
29786 9
29787 12
29788 11
29789 12
29790 10
29791 12
29792 11
29793 12
29794 9
29795 12
29796 11
29797 12
29798 9
29799 12
29800 11
29801 12
29802 10
29803 12
29804 12
29805 12
29806 9
29807 12
29808 11
29809 12
29810 10
29811 12
29812 11
29813 12
29814 10
29815 12
29816 11
29817 12
29818 9
29819 12
29820 11
29821 12
29822 9
29823 12
29824 11
29825 13
29826 10
29827 12
29828 11
29829 4
29830 10
29831 12
29832 11
29833 12
29834 10
29835 12
29836 11
29837 12
29838 10
29839 12
29840 11
29841 12
29842 11
29843 12
29844 12
29845 12
29846 9
29847 12
29848 11
29849 13
29850 10
29851 12
29852 11
29853 12
29854 10
29855 12
29856 12
29857 12
29858 9
29859 12
29860 11
29861 12
29862 9
29863 12
29864 11
29865 12
29866 10
29867 12
29868 11
29869 12
29870 10
29871 13
29872 11
29873 12
29874 10
29875 12
29876 11
29877 12
29878 10
29879 12
29880 11
29881 12
29882 9
29883 12
29884 11
29885 13
29886 10
29887 12
29888 11
29889 13
29890 1
29891 245
29892 124
29893 84
29894 65
29895 49
29896 45
29897 35
29898 35
29899 33
29900 26
29901 28
29902 26
29903 24
29904 19
29905 19
29906 22
29907 21
29908 20
29909 21
29910 16
29911 14
29912 18
29913 18
29914 19
29915 14
29916 17
29917 16
29918 12
29919 17
29920 12
29921 15
29922 15
29923 15
29924 15
29925 7
29926 16
29927 15
29928 14
29929 14
29930 12
29931 14
29932 10
29933 14
29934 14
29935 11
29936 14
29937 14
29938 13
29939 5
29940 10
29941 14
29942 13
29943 13
29944 13
29945 10
29946 9
29947 13
29948 13
29949 13
29950 10
29951 13
29952 13
29953 10
29954 14
29955 10
29956 13
29957 13
29958 13
29959 13
29960 5
29961 12
29962 12
29963 12
29964 13
29965 9
29966 13
29967 8
29968 12
29969 12
29970 10
29971 12
29972 12
29973 12
29974 9
29975 10
29976 12
29977 12
29978 12
29979 12
29980 9
29981 9
29982 12
29983 12
29984 12
29985 9
29986 13
29987 12
29988 4
29989 12
29990 10
29991 13
29992 12
29993 13
29994 12
29995 5
29996 12
29997 12
29998 12
29999 12
30000 9
30001 12
30002 8
30003 12
30004 12
30005 9
30006 12
30007 12
30008 12
30009 9
30010 9
30011 12
30012 12
30013 12
30014 12
30015 9
30016 9
30017 12
30018 12
30019 12
30020 9
30021 12
30022 12
30023 8
30024 12
30025 9
30026 12
30027 12
30028 12
30029 12
30030 5
30031 12
30032 12
30033 12
30034 13
30035 10
30036 12
30037 4
30038 12
30039 13
30040 9
30041 12
30042 12
30043 12
30044 9
30045 9
30046 12
30047 12
30048 12
30049 12
30050 10
30051 9
30052 12
30053 12
30054 12
30055 10
30056 12
30057 12
30058 8
30059 13
30060 9
30061 12
30062 12
30063 12
30064 12
30065 5
30066 13
30067 12
30068 12
30069 12
30070 9
30071 12
30072 8
30073 12
30074 12
30075 9
30076 12
30077 12
30078 12
30079 9
30080 9
30081 12
30082 12
30083 12
30084 12
30085 9
30086 5
30087 12
30088 12
30089 12
30090 9
30091 12
30092 12
30093 9
30094 12
30095 9
30096 12
30097 12
30098 12
30099 12
30100 5
30101 12
30102 12
30103 12
30104 12
30105 10
30106 12
30107 8
30108 12
30109 13
30110 10
30111 13
30112 12
30113 13
30114 10
30115 9
30116 12
30117 12
30118 12
30119 13
30120 9
30121 9
30122 12
30123 12
30124 12
30125 9
30126 12
30127 12
30128 8
30129 12
30130 9
30131 12
30132 12
30133 12
30134 12
30135 1
30136 246
30137 123
30138 82
30139 63
30140 53
30141 41
30142 41
30143 34
30144 30
30145 28
30146 28
30147 22
30148 25
30149 22
30150 20
30151 20
30152 22
30153 16
30154 19
30155 18
30156 16
30157 16
30158 18
30159 14
30160 17
30161 15
30162 14
30163 15
30164 16
30165 12
30166 15
30167 14
30168 13
30169 15
30170 15
30171 11
30172 14
30173 13
30174 13
30175 13
30176 6
30177 10
30178 14
30179 13
30180 12
30181 12
30182 15
30183 11
30184 14
30185 12
30186 11
30187 12
30188 13
30189 10
30190 13
30191 12
30192 11
30193 13
30194 13
30195 9
30196 13
30197 11
30198 10
30199 11
30200 13
30201 9
30202 13
30203 11
30204 11
30205 12
30206 13
30207 9
30208 13
30209 11
30210 11
30211 11
30212 13
30213 10
30214 13
30215 11
30216 10
30217 3
30218 12
30219 9
30220 12
30221 11
30222 12
30223 11
30224 13
30225 9
30226 12
30227 11
30228 11
30229 11
30230 12
30231 9
30232 12
30233 11
30234 11
30235 11
30236 12
30237 9
30238 12
30239 11
30240 10
30241 12
30242 12
30243 9
30244 12
30245 11
30246 10
30247 11
30248 12
30249 9
30250 12
30251 11
30252 10
30253 11
30254 12
30255 9
30256 12
30257 11
30258 2
30259 11
30260 12
30261 9
30262 12
30263 11
30264 10
30265 11
30266 12
30267 9
30268 12
30269 11
30270 10
30271 11
30272 12
30273 9
30274 12
30275 11
30276 10
30277 11
30278 12
30279 9
30280 12
30281 11
30282 11
30283 11
30284 12
30285 9
30286 12
30287 11
30288 10
30289 11
30290 12
30291 9
30292 13
30293 11
30294 11
30295 11
30296 12
30297 9
30298 12
30299 3
30300 10
30301 11
30302 13
30303 9
30304 12
30305 11
30306 10
30307 11
30308 13
30309 9
30310 13
30311 11
30312 10
30313 11
30314 12
30315 9
30316 13
30317 11
30318 10
30319 11
30320 12
30321 9
30322 12
30323 11
30324 11
30325 12
30326 12
30327 9
30328 12
30329 11
30330 10
30331 11
30332 12
30333 9
30334 13
30335 11
30336 10
30337 11
30338 12
30339 9
30340 5
30341 11
30342 11
30343 11
30344 12
30345 9
30346 12
30347 11
30348 11
30349 11
30350 12
30351 11
30352 13
30353 11
30354 10
30355 11
30356 12
30357 9
30358 12
30359 12
30360 11
30361 11
30362 12
30363 9
30364 13
30365 11
30366 11
30367 11
30368 12
30369 9
30370 13
30371 11
30372 11
30373 11
30374 12
30375 9
30376 12
30377 11
30378 10
30379 11
30380 12
30381 1
30382 247
30383 125
30384 85
30385 65
30386 53
30387 45
30388 40
30389 37
30390 33
30391 30
30392 28
30393 26
30394 19
30395 24
30396 23
30397 22
30398 22
30399 20
30400 13
30401 19
30402 19
30403 18
30404 18
30405 17
30406 17
30407 11
30408 18
30409 17
30410 16
30411 16
30412 15
30413 16
30414 16
30415 15
30416 15
30417 15
30418 15
30419 8
30420 9
30421 14
30422 14
30423 14
30424 14
30425 14
30426 14
30427 14
30428 13
30429 13
30430 14
30431 13
30432 13
30433 8
30434 14
30435 13
30436 13
30437 13
30438 7
30439 13
30440 13
30441 14
30442 13
30443 13
30444 13
30445 14
30446 8
30447 12
30448 13
30449 13
30450 12
30451 13
30452 13
30453 13
30454 12
30455 13
30456 13
30457 7
30458 13
30459 7
30460 12
30461 12
30462 12
30463 12
30464 12
30465 12
30466 12
30467 12
30468 12
30469 12
30470 12
30471 13
30472 7
30473 13
30474 12
30475 12
30476 6
30477 12
30478 12
30479 12
30480 13
30481 13
30482 13
30483 12
30484 12
30485 7
30486 12
30487 12
30488 13
30489 12
30490 12
30491 12
30492 12
30493 12
30494 12
30495 6
30496 12
30497 12
30498 7
30499 12
30500 12
30501 12
30502 12
30503 12
30504 12
30505 12
30506 12
30507 12
30508 12
30509 12
30510 12
30511 7
30512 12
30513 12
30514 6
30515 12
30516 12
30517 12
30518 12
30519 12
30520 12
30521 13
30522 12
30523 12
30524 7
30525 12
30526 12
30527 12
30528 12
30529 13
30530 12
30531 12
30532 12
30533 6
30534 12
30535 12
30536 13
30537 7
30538 12
30539 12
30540 12
30541 12
30542 12
30543 12
30544 12
30545 12
30546 12
30547 12
30548 12
30549 12
30550 7
30551 12
30552 7
30553 12
30554 12
30555 12
30556 12
30557 12
30558 12
30559 12
30560 13
30561 12
30562 12
30563 7
30564 12
30565 12
30566 12
30567 13
30568 12
30569 12
30570 12
30571 7
30572 12
30573 12
30574 12
30575 12
30576 7
30577 13
30578 12
30579 12
30580 13
30581 12
30582 12
30583 12
30584 12
30585 12
30586 13
30587 12
30588 12
30589 7
30590 6
30591 12
30592 13
30593 12
30594 12
30595 12
30596 12
30597 12
30598 12
30599 12
30600 12
30601 12
30602 9
30603 12
30604 12
30605 13
30606 12
30607 12
30608 12
30609 7
30610 12
30611 12
30612 13
30613 12
30614 12
30615 7
30616 12
30617 12
30618 12
30619 13
30620 12
30621 12
30622 12
30623 12
30624 13
30625 12
30626 13
30627 13
30628 1
30629 248
30630 124
30631 85
30632 62
30633 53
30634 44
30635 40
30636 31
30637 33
30638 29
30639 28
30640 23
30641 25
30642 22
30643 23
30644 17
30645 21
30646 19
30647 21
30648 16
30649 20
30650 17
30651 18
30652 13
30653 17
30654 15
30655 16
30656 13
30657 17
30658 14
30659 8
30660 11
30661 15
30662 14
30663 15
30664 13
30665 15
30666 13
30667 14
30668 10
30669 14
30670 12
30671 14
30672 11
30673 14
30674 13
30675 14
30676 9
30677 15
30678 12
30679 14
30680 11
30681 14
30682 12
30683 13
30684 9
30685 13
30686 11
30687 15
30688 11
30689 13
30690 4
30691 13
30692 10
30693 13
30694 12
30695 13
30696 10
30697 12
30698 11
30699 13
30700 9
30701 13
30702 11
30703 12
30704 11
30705 13
30706 11
30707 12
30708 8
30709 12
30710 11
30711 12
30712 10
30713 13
30714 11
30715 12
30716 9
30717 13
30718 11
30719 12
30720 10
30721 5
30722 11
30723 13
30724 8
30725 12
30726 11
30727 12
30728 10
30729 12
30730 11
30731 12
30732 8
30733 13
30734 11
30735 13
30736 10
30737 12
30738 12
30739 12
30740 8
30741 12
30742 11
30743 12
30744 10
30745 12
30746 11
30747 12
30748 8
30749 12
30750 11
30751 12
30752 2
30753 12
30754 11
30755 12
30756 8
30757 12
30758 11
30759 12
30760 10
30761 12
30762 11
30763 12
30764 8
30765 12
30766 11
30767 12
30768 10
30769 13
30770 11
30771 13
30772 8
30773 12
30774 11
30775 12
30776 10
30777 12
30778 11
30779 12
30780 8
30781 13
30782 11
30783 5
30784 10
30785 12
30786 11
30787 13
30788 9
30789 12
30790 11
30791 13
30792 10
30793 12
30794 11
30795 12
30796 8
30797 12
30798 11
30799 13
30800 11
30801 12
30802 11
30803 13
30804 8
30805 12
30806 11
30807 12
30808 10
30809 13
30810 11
30811 13
30812 8
30813 13
30814 4
30815 12
30816 11
30817 13
30818 11
30819 12
30820 8
30821 12
30822 11
30823 12
30824 11
30825 12
30826 11
30827 12
30828 8
30829 13
30830 11
30831 12
30832 10
30833 12
30834 11
30835 12
30836 8
30837 12
30838 11
30839 13
30840 10
30841 12
30842 11
30843 12
30844 10
30845 7
30846 11
30847 12
30848 10
30849 12
30850 11
30851 12
30852 8
30853 12
30854 11
30855 13
30856 10
30857 13
30858 11
30859 13
30860 8
30861 12
30862 11
30863 13
30864 10
30865 12
30866 11
30867 12
30868 8
30869 12
30870 11
30871 12
30872 10
30873 12
30874 11
30875 12
30876 1
30877 249
30878 126
30879 83
30880 66
30881 54
30882 43
30883 40
30884 37
30885 30
30886 30
30887 28
30888 24
30889 26
30890 24
30891 20
30892 22
30893 21
30894 18
30895 19
30896 20
30897 16
30898 19
30899 19
30900 15
30901 17
30902 17
30903 15
30904 18
30905 16
30906 14
30907 16
30908 16
30909 13
30910 15
30911 15
30912 13
30913 15
30914 15
30915 12
30916 14
30917 14
30918 12
30919 14
30920 14
30921 12
30922 14
30923 14
30924 11
30925 15
30926 14
30927 12
30928 13
30929 14
30930 11
30931 13
30932 13
30933 11
30934 13
30935 13
30936 11
30937 13
30938 13
30939 11
30940 13
30941 13
30942 11
30943 13
30944 13
30945 11
30946 12
30947 13
30948 10
30949 13
30950 12
30951 12
30952 13
30953 13
30954 10
30955 13
30956 13
30957 10
30958 13
30959 3
30960 10
30961 13
30962 13
30963 11
30964 12
30965 12
30966 10
30967 12
30968 12
30969 10
30970 12
30971 13
30972 10
30973 13
30974 12
30975 10
30976 12
30977 13
30978 10
30979 13
30980 13
30981 11
30982 12
30983 12
30984 10
30985 12
30986 12
30987 10
30988 12
30989 12
30990 10
30991 12
30992 12
30993 10
30994 12
30995 13
30996 10
30997 12
30998 12
30999 10
31000 12
31001 12
31002 10
31003 12
31004 12
31005 10
31006 12
31007 12
31008 10
31009 12
31010 12
31011 10
31012 12
31013 12
31014 10
31015 12
31016 12
31017 10
31018 12
31019 12
31020 11
31021 12
31022 12
31023 10
31024 12
31025 12
31026 10
31027 12
31028 13
31029 10
31030 12
31031 12
31032 10
31033 12
31034 12
31035 10
31036 12
31037 12
31038 10
31039 13
31040 12
31041 10
31042 3
31043 13
31044 10
31045 12
31046 12
31047 10
31048 13
31049 13
31050 10
31051 12
31052 13
31053 10
31054 12
31055 12
31056 10
31057 13
31058 13
31059 10
31060 13
31061 12
31062 10
31063 13
31064 12
31065 10
31066 12
31067 13
31068 10
31069 12
31070 13
31071 11
31072 12
31073 12
31074 10
31075 12
31076 12
31077 10
31078 12
31079 13
31080 11
31081 12
31082 13
31083 10
31084 12
31085 12
31086 10
31087 13
31088 12
31089 10
31090 12
31091 13
31092 10
31093 13
31094 12
31095 10
31096 12
31097 13
31098 10
31099 13
31100 12
31101 10
31102 12
31103 12
31104 10
31105 12
31106 13
31107 11
31108 13
31109 12
31110 10
31111 12
31112 12
31113 10
31114 13
31115 12
31116 10
31117 12
31118 12
31119 10
31120 13
31121 12
31122 10
31123 12
31124 12
31125 1
31126 250
31127 125
31128 86
31129 64
31130 50
31131 44
31132 40
31133 35
31134 33
31135 25
31136 28
31137 25
31138 26
31139 22
31140 19
31141 20
31142 21
31143 20
31144 20
31145 14
31146 18
31147 17
31148 18
31149 16
31150 10
31151 15
31152 17
31153 15
31154 16
31155 11
31156 16
31157 15
31158 15
31159 14
31160 13
31161 14
31162 15
31163 13
31164 14
31165 10
31166 15
31167 13
31168 15
31169 12
31170 11
31171 13
31172 15
31173 14
31174 13
31175 5
31176 14
31177 12
31178 14
31179 12
31180 10
31181 12
31182 13
31183 13
31184 13
31185 8
31186 13
31187 12
31188 13
31189 11
31190 9
31191 11
31192 13
31193 11
31194 13
31195 8
31196 13
31197 13
31198 13
31199 12
31200 6
31201 11
31202 14
31203 11
31204 13
31205 9
31206 12
31207 11
31208 12
31209 11
31210 10
31211 11
31212 12
31213 11
31214 12
31215 8
31216 13
31217 11
31218 13
31219 11
31220 9
31221 11
31222 12
31223 11
31224 12
31225 4
31226 12
31227 11
31228 12
31229 11
31230 9
31231 11
31232 12
31233 11
31234 12
31235 8
31236 12
31237 11
31238 12
31239 11
31240 9
31241 11
31242 12
31243 11
31244 12
31245 8
31246 12
31247 11
31248 12
31249 11
31250 2
31251 11
31252 12
31253 11
31254 12
31255 8
31256 12
31257 11
31258 12
31259 11
31260 9
31261 11
31262 12
31263 11
31264 12
31265 8
31266 12
31267 11
31268 12
31269 11
31270 9
31271 11
31272 12
31273 11
31274 12
31275 4
31276 12
31277 11
31278 12
31279 11
31280 9
31281 11
31282 13
31283 11
31284 12
31285 8
31286 12
31287 11
31288 12
31289 11
31290 9
31291 11
31292 12
31293 11
31294 12
31295 9
31296 12
31297 11
31298 12
31299 11
31300 6
31301 11
31302 12
31303 12
31304 12
31305 8
31306 12
31307 11
31308 12
31309 11
31310 9
31311 11
31312 12
31313 11
31314 12
31315 8
31316 12
31317 12
31318 13
31319 11
31320 9
31321 11
31322 12
31323 12
31324 12
31325 5
31326 12
31327 11
31328 13
31329 11
31330 9
31331 11
31332 13
31333 11
31334 12
31335 8
31336 12
31337 11
31338 12
31339 11
31340 9
31341 11
31342 12
31343 11
31344 12
31345 8
31346 12
31347 11
31348 12
31349 11
31350 6
31351 11
31352 12
31353 11
31354 12
31355 8
31356 12
31357 11
31358 12
31359 11
31360 9
31361 11
31362 13
31363 11
31364 12
31365 8
31366 12
31367 11
31368 13
31369 11
31370 10
31371 11
31372 13
31373 11
31374 13
31375 1
31376 251
31377 127
31378 86
31379 66
31380 54
31381 46
31382 40
31383 36
31384 34
31385 30
31386 29
31387 27
31388 26
31389 24
31390 23
31391 22
31392 22
31393 21
31394 21
31395 20
31396 19
31397 18
31398 18
31399 17
31400 17
31401 18
31402 17
31403 16
31404 16
31405 16
31406 16
31407 15
31408 15
31409 15
31410 15
31411 15
31412 14
31413 14
31414 15
31415 15
31416 14
31417 14
31418 15
31419 14
31420 14
31421 14
31422 14
31423 14
31424 13
31425 13
31426 13
31427 14
31428 13
31429 13
31430 13
31431 13
31432 13
31433 13
31434 14
31435 13
31436 13
31437 13
31438 13
31439 13
31440 13
31441 13
31442 13
31443 13
31444 13
31445 13
31446 13
31447 13
31448 13
31449 13
31450 12
31451 12
31452 13
31453 13
31454 12
31455 13
31456 12
31457 12
31458 12
31459 12
31460 12
31461 12
31462 12
31463 13
31464 13
31465 12
31466 12
31467 13
31468 13
31469 12
31470 13
31471 12
31472 13
31473 12
31474 13
31475 12
31476 12
31477 12
31478 12
31479 12
31480 12
31481 13
31482 12
31483 12
31484 13
31485 12
31486 12
31487 12
31488 12
31489 12
31490 12
31491 12
31492 13
31493 12
31494 12
31495 12
31496 13
31497 12
31498 12
31499 12
31500 12
31501 12
31502 12
31503 12
31504 12
31505 13
31506 12
31507 13
31508 12
31509 13
31510 12
31511 12
31512 12
31513 12
31514 12
31515 12
31516 12
31517 12
31518 12
31519 12
31520 13
31521 12
31522 12
31523 12
31524 12
31525 12
31526 12
31527 13
31528 12
31529 12
31530 12
31531 12
31532 12
31533 12
31534 12
31535 12
31536 12
31537 12
31538 12
31539 12
31540 12
31541 12
31542 12
31543 12
31544 12
31545 12
31546 12
31547 12
31548 12
31549 12
31550 12
31551 12
31552 13
31553 12
31554 13
31555 13
31556 13
31557 13
31558 12
31559 13
31560 12
31561 12
31562 12
31563 12
31564 13
31565 12
31566 12
31567 12
31568 13
31569 12
31570 12
31571 12
31572 13
31573 12
31574 12
31575 12
31576 12
31577 12
31578 12
31579 12
31580 13
31581 12
31582 12
31583 12
31584 13
31585 13
31586 13
31587 12
31588 12
31589 13
31590 12
31591 12
31592 12
31593 13
31594 12
31595 12
31596 12
31597 12
31598 12
31599 12
31600 12
31601 12
31602 12
31603 12
31604 12
31605 12
31606 12
31607 13
31608 12
31609 12
31610 13
31611 12
31612 13
31613 12
31614 12
31615 12
31616 13
31617 13
31618 12
31619 12
31620 13
31621 13
31622 12
31623 12
31624 12
31625 13
31626 1
31627 252
31628 126
31629 84
31630 63
31631 54
31632 42
31633 36
31634 33
31635 28
31636 29
31637 28
31638 21
31639 25
31640 18
31641 21
31642 19
31643 21
31644 14
31645 21
31646 16
31647 12
31648 17
31649 18
31650 12
31651 19
31652 16
31653 12
31654 9
31655 17
31656 12
31657 15
31658 14
31659 13
31660 14
31661 11
31662 7
31663 15
31664 13
31665 12
31666 12
31667 14
31668 6
31669 14
31670 11
31671 9
31672 13
31673 14
31674 9
31675 11
31676 12
31677 12
31678 10
31679 14
31680 7
31681 13
31682 6
31683 11
31684 12
31685 13
31686 8
31687 12
31688 12
31689 4
31690 10
31691 13
31692 10
31693 13
31694 10
31695 11
31696 7
31697 13
31698 5
31699 13
31700 11
31701 10
31702 10
31703 9
31704 10
31705 13
31706 10
31707 8
31708 11
31709 12
31710 3
31711 13
31712 11
31713 10
31714 10
31715 12
31716 7
31717 9
31718 10
31719 10
31720 12
31721 13
31722 7
31723 12
31724 7
31725 8
31726 10
31727 12
31728 10
31729 12
31730 10
31731 6
31732 11
31733 12
31734 5
31735 12
31736 12
31737 10
31738 6
31739 12
31740 10
31741 12
31742 10
31743 9
31744 11
31745 10
31746 7
31747 13
31748 11
31749 10
31750 10
31751 12
31752 2
31753 12
31754 10
31755 10
31756 11
31757 13
31758 7
31759 10
31760 11
31761 8
31762 10
31763 12
31764 10
31765 12
31766 6
31767 10
31768 12
31769 12
31770 5
31771 12
31772 11
31773 6
31774 10
31775 12
31776 10
31777 12
31778 10
31779 8
31780 7
31781 12
31782 7
31783 13
31784 11
31785 10
31786 10
31787 9
31788 7
31789 12
31790 10
31791 10
31792 11
31793 12
31794 3
31795 12
31796 11
31797 8
31798 10
31799 12
31800 10
31801 9
31802 10
31803 10
31804 11
31805 12
31806 5
31807 13
31808 7
31809 11
31810 10
31811 12
31812 10
31813 12
31814 10
31815 4
31816 11
31817 12
31818 8
31819 13
31820 11
31821 10
31822 6
31823 13
31824 7
31825 12
31826 10
31827 10
31828 11
31829 10
31830 9
31831 12
31832 12
31833 9
31834 10
31835 12
31836 5
31837 12
31838 10
31839 10
31840 11
31841 13
31842 5
31843 10
31844 11
31845 10
31846 10
31847 12
31848 9
31849 12
31850 7
31851 10
31852 11
31853 13
31854 7
31855 13
31856 12
31857 7
31858 10
31859 13
31860 7
31861 12
31862 10
31863 10
31864 8
31865 13
31866 8
31867 13
31868 11
31869 8
31870 10
31871 9
31872 9
31873 12
31874 10
31875 10
31876 11
31877 12
31878 1
31879 253
31880 128
31881 87
31882 67
31883 54
31884 46
31885 42
31886 36
31887 33
31888 31
31889 23
31890 27
31891 25
31892 24
31893 23
31894 23
31895 22
31896 20
31897 20
31898 19
31899 19
31900 13
31901 11
31902 17
31903 19
31904 17
31905 17
31906 17
31907 16
31908 16
31909 17
31910 15
31911 10
31912 15
31913 16
31914 15
31915 16
31916 15
31917 16
31918 15
31919 14
31920 14
31921 14
31922 9
31923 14
31924 7
31925 14
31926 14
31927 14
31928 13
31929 14
31930 14
31931 13
31932 13
31933 8
31934 13
31935 13
31936 13
31937 13
31938 13
31939 13
31940 13
31941 13
31942 13
31943 13
31944 8
31945 13
31946 13
31947 6
31948 13
31949 13
31950 13
31951 13
31952 13
31953 13
31954 13
31955 8
31956 13
31957 13
31958 12
31959 13
31960 12
31961 12
31962 12
31963 12
31964 12
31965 12
31966 9
31967 13
31968 13
31969 12
31970 6
31971 13
31972 12
31973 13
31974 12
31975 12
31976 13
31977 8
31978 12
31979 12
31980 12
31981 12
31982 12
31983 12
31984 13
31985 12
31986 12
31987 13
31988 8
31989 13
31990 13
31991 12
31992 12
31993 6
31994 12
31995 12
31996 12
31997 13
31998 13
31999 8
32000 12
32001 12
32002 13
32003 12
32004 13
32005 13
32006 12
32007 13
32008 12
32009 12
32010 8
32011 13
32012 13
32013 12
32014 12
32015 12
32016 6
32017 12
32018 12
32019 13
32020 12
32021 8
32022 13
32023 12
32024 12
32025 13
32026 12
32027 12
32028 12
32029 12
32030 12
32031 12
32032 8
32033 13
32034 12
32035 12
32036 12
32037 12
32038 12
32039 6
32040 12
32041 13
32042 12
32043 8
32044 12
32045 12
32046 12
32047 12
32048 12
32049 12
32050 12
32051 12
32052 12
32053 12
32054 8
32055 13
32056 12
32057 13
32058 12
32059 12
32060 13
32061 12
32062 6
32063 13
32064 12
32065 8
32066 13
32067 13
32068 13
32069 13
32070 13
32071 12
32072 13
32073 13
32074 13
32075 12
32076 8
32077 12
32078 12
32079 12
32080 13
32081 12
32082 13
32083 13
32084 13
32085 7
32086 12
32087 9
32088 12
32089 12
32090 12
32091 13
32092 12
32093 13
32094 12
32095 13
32096 12
32097 12
32098 8
32099 12
32100 13
32101 12
32102 12
32103 13
32104 12
32105 13
32106 13
32107 12
32108 6
32109 8
32110 13
32111 12
32112 13
32113 12
32114 13
32115 13
32116 12
32117 12
32118 13
32119 13
32120 8
32121 13
32122 12
32123 12
32124 13
32125 13
32126 12
32127 13
32128 12
32129 12
32130 13
32131 1
32132 254
32133 127
32134 87
32135 65
32136 55
32137 45
32138 41
32139 35
32140 34
32141 29
32142 29
32143 25
32144 25
32145 24
32146 23
32147 22
32148 22
32149 19
32150 20
32151 18
32152 19
32153 17
32154 18
32155 16
32156 19
32157 16
32158 17
32159 15
32160 17
32161 15
32162 17
32163 14
32164 16
32165 15
32166 15
32167 13
32168 14
32169 13
32170 14
32171 13
32172 14
32173 13
32174 14
32175 13
32176 15
32177 13
32178 14
32179 12
32180 14
32181 14
32182 13
32183 12
32184 14
32185 12
32186 13
32187 12
32188 13
32189 11
32190 13
32191 12
32192 14
32193 12
32194 13
32195 12
32196 13
32197 11
32198 13
32199 11
32200 13
32201 12
32202 13
32203 12
32204 13
32205 12
32206 12
32207 11
32208 13
32209 11
32210 12
32211 11
32212 14
32213 12
32214 13
32215 11
32216 12
32217 11
32218 12
32219 11
32220 12
32221 11
32222 12
32223 11
32224 13
32225 11
32226 13
32227 11
32228 12
32229 12
32230 13
32231 11
32232 12
32233 11
32234 12
32235 12
32236 12
32237 11
32238 12
32239 11
32240 12
32241 11
32242 12
32243 11
32244 13
32245 11
32246 12
32247 11
32248 12
32249 11
32250 12
32251 12
32252 13
32253 11
32254 12
32255 11
32256 12
32257 11
32258 2
32259 11
32260 12
32261 11
32262 12
32263 11
32264 13
32265 12
32266 12
32267 11
32268 12
32269 11
32270 12
32271 11
32272 13
32273 11
32274 12
32275 11
32276 12
32277 11
32278 12
32279 11
32280 12
32281 11
32282 12
32283 11
32284 12
32285 11
32286 13
32287 11
32288 12
32289 11
32290 13
32291 11
32292 12
32293 11
32294 12
32295 11
32296 12
32297 11
32298 12
32299 11
32300 12
32301 11
32302 12
32303 11
32304 12
32305 11
32306 12
32307 11
32308 12
32309 11
32310 12
32311 11
32312 12
32313 11
32314 12
32315 11
32316 12
32317 11
32318 12
32319 11
32320 12
32321 11
32322 12
32323 11
32324 12
32325 11
32326 12
32327 11
32328 12
32329 11
32330 13
32331 11
32332 12
32333 11
32334 12
32335 11
32336 12
32337 11
32338 12
32339 11
32340 12
32341 11
32342 13
32343 11
32344 13
32345 11
32346 12
32347 11
32348 12
32349 12
32350 12
32351 11
32352 12
32353 11
32354 12
32355 11
32356 12
32357 11
32358 12
32359 11
32360 12
32361 11
32362 12
32363 11
32364 12
32365 11
32366 13
32367 11
32368 12
32369 11
32370 12
32371 11
32372 12
32373 11
32374 13
32375 11
32376 12
32377 11
32378 12
32379 11
32380 12
32381 11
32382 13
32383 12
32384 13
32385 1
32386 255
32387 129
32388 85
32389 67
32390 51
32391 44
32392 41
32393 38
32394 31
32395 27
32396 28
32397 25
32398 25
32399 24
32400 17
32401 22
32402 15
32403 18
32404 20
32405 16
32406 18
32407 19
32408 18
32409 15
32410 14
32411 17
32412 15
32413 16
32414 17
32415 10
32416 16
32417 16
32418 13
32419 9
32420 12
32421 13
32422 15
32423 15
32424 12
32425 11
32426 14
32427 12
32428 14
32429 14
32430 8
32431 14
32432 14
32433 12
32434 14
32435 10
32436 5
32437 13
32438 15
32439 11
32440 10
32441 13
32442 11
32443 13
32444 13
32445 8
32446 13
32447 13
32448 11
32449 13
32450 10
32451 11
32452 13
32453 7
32454 11
32455 10
32456 13
32457 10
32458 13
32459 13
32460 7
32461 12
32462 13
32463 10
32464 12
32465 9
32466 12
32467 13
32468 12
32469 11
32470 3
32471 12
32472 10
32473 13
32474 12
32475 7
32476 12
32477 13
32478 10
32479 12
32480 9
32481 10
32482 13
32483 12
32484 10
32485 10
32486 12
32487 4
32488 12
32489 12
32490 7
32491 12
32492 13
32493 10
32494 12
32495 10
32496 11
32497 13
32498 13
32499 10
32500 10
32501 12
32502 10
32503 12
32504 8
32505 8
32506 12
32507 13
32508 10
32509 12
32510 9
32511 10
32512 12
32513 12
32514 10
32515 9
32516 12
32517 10
32518 13
32519 12
32520 8
32521 8
32522 12
32523 10
32524 12
32525 10
32526 10
32527 13
32528 13
32529 11
32530 10
32531 12
32532 10
32533 13
32534 12
32535 7
32536 12
32537 12
32538 4
32539 12
32540 10
32541 10
32542 12
32543 13
32544 10
32545 9
32546 12
32547 10
32548 13
32549 12
32550 7
32551 12
32552 13
32553 10
32554 12
32555 3
32556 11
32557 12
32558 13
32559 11
32560 9
32561 12
32562 10
32563 12
32564 12
32565 7
32566 12
32567 13
32568 10
32569 12
32570 10
32571 11
32572 7
32573 12
32574 11
32575 9
32576 12
32577 10
32578 13
32579 12
32580 8
32581 12
32582 13
32583 10
32584 12
32585 10
32586 10
32587 12
32588 12
32589 5
32590 10
32591 12
32592 11
32593 12
32594 12
32595 7
32596 13
32597 12
32598 10
32599 12
32600 9
32601 10
32602 13
32603 13
32604 12
32605 10
32606 8
32607 10
32608 12
32609 12
32610 8
32611 13
32612 13
32613 10
32614 12
32615 10
32616 10
32617 13
32618 13
32619 11
32620 9
32621 12
32622 12
32623 7
32624 12
32625 8
32626 13
32627 12
32628 10
32629 12
32630 10
32631 11
32632 12
32633 13
32634 10
32635 9
32636 12
32637 10
32638 12
32639 12
32640 1
32641 256
32642 128
32643 88
32644 64
32645 55
32646 45
32647 41
32648 32
32649 34
32650 29
32651 29
32652 24
32653 26
32654 23
32655 23
32656 16
32657 22
32658 20
32659 20
32660 17
32661 19
32662 17
32663 18
32664 13
32665 17
32666 15
32667 17
32668 15
32669 18
32670 15
32671 16
32672 8
32673 16
32674 15
32675 15
32676 12
32677 15
32678 13
32679 15
32680 10
32681 15
32682 13
32683 14
32684 12
32685 14
32686 13
32687 14
32688 8
32689 14
32690 14
32691 14
32692 11
32693 14
32694 12
32695 14
32696 9
32697 14
32698 12
32699 13
32700 10
32701 13
32702 11
32703 13
32704 4
32705 13
32706 12
32707 14
32708 11
32709 13
32710 12
32711 12
32712 9
32713 13
32714 11
32715 13
32716 10
32717 14
32718 11
32719 12
32720 7
32721 12
32722 11
32723 13
32724 10
32725 13
32726 11
32727 12
32728 8
32729 12
32730 11
32731 13
32732 10
32733 13
32734 11
32735 12
32736 5
32737 13
32738 11
32739 13
32740 10
32741 13
32742 11
32743 12
32744 8
32745 12
32746 11
32747 13
32748 10
32749 13
32750 11
32751 12
32752 7
32753 13
32754 11
32755 14
32756 10
32757 13
32758 11
32759 12
32760 9
32761 12
32762 11
32763 13
32764 10
32765 13
32766 11
32767 12
32768 2
32769 12
32770 11
32771 13
32772 10
32773 13
32774 11
32775 12
32776 9
32777 12
32778 11
32779 13
32780 10
32781 13
32782 11
32783 13
32784 7
32785 12
32786 11
32787 13
32788 10
32789 13
32790 11
32791 12
32792 8
32793 12
32794 11
32795 13
32796 10
32797 13
32798 11
32799 12
32800 5
32801 12
32802 11
32803 13
32804 10
32805 13
32806 11
32807 12
32808 8
32809 12
32810 11
32811 13
32812 10
32813 13
32814 11
32815 12
32816 7
32817 12
32818 11
32819 13
32820 10
32821 13
32822 11
32823 12
32824 9
32825 12
32826 11
32827 13
32828 10
32829 13
32830 11
32831 13
32832 4
32833 12
32834 11
32835 13
32836 10
32837 13
32838 11
32839 13
32840 9
32841 12
32842 11
32843 13
32844 10
32845 13
32846 11
32847 12
32848 8
32849 12
32850 11
32851 13
32852 11
32853 13
32854 11
32855 12
32856 8
32857 12
32858 11
32859 13
32860 11
32861 13
32862 11
32863 12
32864 7
32865 12
32866 11
32867 13
32868 10
32869 13
32870 11
32871 13
32872 8
32873 12
32874 11
32875 13
32876 10
32877 13
32878 11
32879 13
32880 7
32881 12
32882 11
32883 13
32884 10
32885 13
32886 11
32887 13
32888 9
32889 13
32890 11
32891 13
32892 10
32893 13
32894 11
32895 12
32896 1
32897 257
32898 130
32899 88
32900 68
32901 55
32902 47
32903 41
32904 38
32905 34
32906 31
32907 29
32908 27
32909 26
32910 24
32911 24
32912 23
32913 23
32914 21
32915 20
32916 19
32917 19
32918 18
32919 18
32920 18
32921 18
32922 17
32923 17
32924 16
32925 17
32926 16
32927 16
32928 16
32929 15
32930 15
32931 15
32932 17
32933 15
32934 16
32935 15
32936 15
32937 14
32938 14
32939 14
32940 14
32941 14
32942 14
32943 14
32944 14
32945 15
32946 14
32947 13
32948 15
32949 13
32950 13
32951 13
32952 13
32953 13
32954 13
32955 14
32956 14
32957 14
32958 13
32959 13
32960 13
32961 13
32962 13
32963 13
32964 13
32965 13
32966 13
32967 13
32968 13
32969 13
32970 13
32971 13
32972 13
32973 13
32974 13
32975 12
32976 13
32977 12
32978 13
32979 12
32980 13
32981 12
32982 13
32983 12
32984 12
32985 12
32986 13
32987 12
32988 13
32989 13
32990 13
32991 12
32992 12
32993 12
32994 12
32995 12
32996 13
32997 12
32998 13
32999 13
33000 12
33001 13
33002 12
33003 13
33004 12
33005 12
33006 12
33007 12
33008 12
33009 12
33010 12
33011 12
33012 12
33013 12
33014 12
33015 13
33016 12
33017 12
33018 12
33019 12
33020 12
33021 12
33022 13
33023 13
33024 12
33025 12
33026 12
33027 13
33028 12
33029 12
33030 12
33031 12
33032 12
33033 12
33034 12
33035 12
33036 12
33037 12
33038 12
33039 12
33040 12
33041 12
33042 12
33043 12
33044 12
33045 12
33046 12
33047 12
33048 13
33049 12
33050 13
33051 13
33052 12
33053 13
33054 12
33055 12
33056 12
33057 12
33058 12
33059 13
33060 12
33061 12
33062 12
33063 13
33064 12
33065 12
33066 12
33067 13
33068 12
33069 13
33070 12
33071 12
33072 12
33073 13
33074 12
33075 12
33076 13
33077 13
33078 12
33079 13
33080 12
33081 13
33082 12
33083 12
33084 12
33085 12
33086 12
33087 12
33088 12
33089 12
33090 12
33091 12
33092 12
33093 12
33094 12
33095 12
33096 12
33097 13
33098 13
33099 13
33100 12
33101 13
33102 12
33103 12
33104 12
33105 13
33106 12
33107 12
33108 12
33109 12
33110 13
33111 12
33112 13
33113 13
33114 12
33115 13
33116 12
33117 12
33118 12
33119 12
33120 13
33121 12
33122 12
33123 12
33124 12
33125 12
33126 13
33127 12
33128 12
33129 12
33130 12
33131 12
33132 12
33133 13
33134 13
33135 12
33136 12
33137 12
33138 12
33139 13
33140 12
33141 12
33142 12
33143 13
33144 13
33145 12
33146 12
33147 13
33148 13
33149 13
33150 12
33151 12
33152 12
33153 1
33154 258
33155 129
33156 86
33157 66
33158 55
33159 43
33160 41
33161 36
33162 31
33163 30
33164 29
33165 23
33166 25
33167 23
33168 21
33169 22
33170 21
33171 17
33172 20
33173 18
33174 17
33175 17
33176 19
33177 14
33178 19
33179 16
33180 15
33181 15
33182 16
33183 12
33184 16
33185 15
33186 14
33187 14
33188 16
33189 11
33190 15
33191 13
33192 12
33193 14
33194 14
33195 12
33196 6
33197 13
33198 12
33199 13
33200 14
33201 10
33202 15
33203 14
33204 12
33205 12
33206 14
33207 10
33208 13
33209 12
33210 11
33211 13
33212 13
33213 10
33214 13
33215 13
33216 11
33217 12
33218 13
33219 9
33220 13
33221 12
33222 11
33223 11
33224 13
33225 9
33226 13
33227 11
33228 11
33229 12
33230 12
33231 10
33232 14
33233 11
33234 10
33235 11
33236 13
33237 9
33238 13
33239 3
33240 11
33241 11
33242 13
33243 9
33244 12
33245 11
33246 10
33247 11
33248 13
33249 9
33250 12
33251 11
33252 10
33253 11
33254 13
33255 10
33256 12
33257 13
33258 10
33259 11
33260 12
33261 9
33262 12
33263 12
33264 10
33265 11
33266 12
33267 10
33268 12
33269 11
33270 10
33271 11
33272 12
33273 9
33274 12
33275 11
33276 11
33277 11
33278 12
33279 9
33280 12
33281 11
33282 2
33283 11
33284 12
33285 9
33286 12
33287 11
33288 11
33289 11
33290 12
33291 9
33292 12
33293 11
33294 10
33295 11
33296 12
33297 9
33298 12
33299 11
33300 10
33301 11
33302 12
33303 9
33304 12
33305 11
33306 10
33307 12
33308 12
33309 10
33310 13
33311 11
33312 10
33313 11
33314 12
33315 9
33316 12
33317 11
33318 10
33319 11
33320 12
33321 9
33322 12
33323 11
33324 10
33325 3
33326 13
33327 9
33328 13
33329 11
33330 10
33331 11
33332 12
33333 9
33334 12
33335 11
33336 10
33337 11
33338 13
33339 9
33340 12
33341 11
33342 10
33343 12
33344 12
33345 9
33346 12
33347 12
33348 10
33349 11
33350 13
33351 9
33352 13
33353 11
33354 10
33355 11
33356 12
33357 9
33358 12
33359 11
33360 10
33361 11
33362 12
33363 10
33364 13
33365 11
33366 11
33367 11
33368 5
33369 10
33370 13
33371 11
33372 10
33373 11
33374 13
33375 9
33376 13
33377 11
33378 10
33379 11
33380 12
33381 9
33382 13
33383 11
33384 11
33385 11
33386 12
33387 9
33388 13
33389 11
33390 10
33391 11
33392 13
33393 9
33394 12
33395 11
33396 10
33397 11
33398 12
33399 9
33400 13
33401 12
33402 10
33403 11
33404 13
33405 9
33406 12
33407 11
33408 11
33409 11
33410 12
33411 1
33412 259
33413 131
33414 89
33415 68
33416 56
33417 47
33418 37
33419 37
33420 34
33421 31
33422 29
33423 27
33424 26
33425 20
33426 23
33427 22
33428 23
33429 21
33430 20
33431 20
33432 15
33433 19
33434 19
33435 18
33436 17
33437 17
33438 17
33439 13
33440 16
33441 16
33442 17
33443 17
33444 15
33445 15
33446 11
33447 16
33448 7
33449 15
33450 15
33451 14
33452 14
33453 10
33454 14
33455 14
33456 14
33457 14
33458 14
33459 14
33460 10
33461 13
33462 14
33463 14
33464 14
33465 13
33466 13
33467 9
33468 13
33469 14
33470 13
33471 13
33472 13
33473 13
33474 9
33475 13
33476 13
33477 13
33478 13
33479 13
33480 13
33481 9
33482 13
33483 13
33484 13
33485 5
33486 13
33487 13
33488 9
33489 13
33490 14
33491 13
33492 13
33493 13
33494 13
33495 9
33496 12
33497 12
33498 12
33499 13
33500 12
33501 12
33502 8
33503 12
33504 12
33505 12
33506 13
33507 13
33508 13
33509 9
33510 12
33511 13
33512 12
33513 12
33514 12
33515 12
33516 9
33517 12
33518 12
33519 12
33520 12
33521 12
33522 5
33523 9
33524 12
33525 12
33526 13
33527 12
33528 13
33529 12
33530 8
33531 12
33532 12
33533 12
33534 12
33535 12
33536 12
33537 8
33538 12
33539 12
33540 13
33541 13
33542 12
33543 12
33544 8
33545 12
33546 12
33547 12
33548 12
33549 12
33550 12
33551 8
33552 12
33553 12
33554 12
33555 13
33556 12
33557 12
33558 9
33559 5
33560 12
33561 12
33562 12
33563 12
33564 12
33565 8
33566 12
33567 12
33568 12
33569 12
33570 12
33571 12
33572 9
33573 12
33574 12
33575 12
33576 12
33577 12
33578 12
33579 8
33580 12
33581 12
33582 12
33583 12
33584 12
33585 12
33586 9
33587 12
33588 12
33589 12
33590 13
33591 13
33592 12
33593 9
33594 12
33595 12
33596 5
33597 12
33598 13
33599 12
33600 9
33601 13
33602 12
33603 12
33604 13
33605 12
33606 12
33607 9
33608 12
33609 13
33610 13
33611 12
33612 12
33613 12
33614 8
33615 12
33616 12
33617 13
33618 12
33619 12
33620 12
33621 9
33622 12
33623 12
33624 12
33625 13
33626 12
33627 12
33628 10
33629 12
33630 12
33631 12
33632 12
33633 5
33634 12
33635 8
33636 12
33637 12
33638 12
33639 12
33640 13
33641 12
33642 9
33643 13
33644 12
33645 13
33646 12
33647 12
33648 13
33649 9
33650 13
33651 12
33652 13
33653 12
33654 12
33655 12
33656 9
33657 13
33658 12
33659 12
33660 13
33661 13
33662 12
33663 9
33664 13
33665 13
33666 12
33667 13
33668 12
33669 13
33670 1
33671 260
33672 130
33673 89
33674 65
33675 52
33676 46
33677 43
33678 34
33679 35
33680 26
33681 29
33682 24
33683 20
33684 23
33685 20
33686 20
33687 22
33688 20
33689 20
33690 13
33691 19
33692 18
33693 19
33694 15
33695 14
33696 10
33697 17
33698 14
33699 17
33700 11
33701 16
33702 14
33703 16
33704 14
33705 12
33706 13
33707 15
33708 13
33709 9
33710 8
33711 14
33712 13
33713 14
33714 11
33715 11
33716 13
33717 14
33718 11
33719 14
33720 9
33721 14
33722 5
33723 13
33724 12
33725 10
33726 11
33727 14
33728 12
33729 13
33730 7
33731 14
33732 13
33733 13
33734 11
33735 4
33736 12
33737 13
33738 10
33739 14
33740 8
33741 13
33742 10
33743 13
33744 11
33745 10
33746 10
33747 13
33748 6
33749 13
33750 7
33751 12
33752 11
33753 12
33754 10
33755 10
33756 11
33757 12
33758 10
33759 12
33760 9
33761 7
33762 11
33763 12
33764 11
33765 9
33766 10
33767 12
33768 12
33769 13
33770 6
33771 12
33772 12
33773 12
33774 4
33775 9
33776 13
33777 13
33778 10
33779 12
33780 8
33781 12
33782 10
33783 12
33784 11
33785 10
33786 11
33787 8
33788 13
33789 12
33790 6
33791 12
33792 10
33793 12
33794 10
33795 11
33796 11
33797 12
33798 10
33799 12
33800 2
33801 12
33802 10
33803 12
33804 11
33805 11
33806 10
33807 12
33808 10
33809 12
33810 6
33811 12
33812 11
33813 8
33814 11
33815 10
33816 11
33817 12
33818 10
33819 12
33820 8
33821 12
33822 10
33823 13
33824 13
33825 9
33826 4
33827 12
33828 10
33829 12
33830 6
33831 12
33832 12
33833 12
33834 10
33835 9
33836 11
33837 12
33838 10
33839 7
33840 9
33841 12
33842 10
33843 12
33844 11
33845 10
33846 10
33847 12
33848 11
33849 12
33850 7
33851 12
33852 6
33853 12
33854 10
33855 9
33856 11
33857 12
33858 10
33859 13
33860 8
33861 12
33862 10
33863 12
33864 11
33865 4
33866 11
33867 12
33868 12
33869 12
33870 7
33871 13
33872 12
33873 13
33874 10
33875 9
33876 11
33877 12
33878 5
33879 12
33880 8
33881 12
33882 10
33883 12
33884 11
33885 10
33886 10
33887 12
33888 11
33889 12
33890 6
33891 7
33892 13
33893 12
33894 10
33895 10
33896 11
33897 13
33898 10
33899 13
33900 8
33901 12
33902 10
33903 12
33904 6
33905 9
33906 10
33907 13
33908 12
33909 12
33910 7
33911 13
33912 12
33913 12
33914 10
33915 11
33916 11
33917 9
33918 10
33919 13
33920 8
33921 13
33922 10
33923 13
33924 12
33925 10
33926 10
33927 12
33928 12
33929 12
33930 1
33931 261
33932 132
33933 87
33934 69
33935 56
33936 45
33937 42
33938 37
33939 29
33940 31
33941 29
33942 25
33943 26
33944 25
33945 21
33946 23
33947 22
33948 16
33949 20
33950 20
33951 17
33952 19
33953 18
33954 17
33955 18
33956 17
33957 12
33958 17
33959 9
33960 14
33961 16
33962 15
33963 13
33964 15
33965 15
33966 11
33967 15
33968 15
33969 13
33970 14
33971 15
33972 12
33973 14
33974 14
33975 10
33976 14
33977 14
33978 12
33979 15
33980 13
33981 13
33982 14
33983 14
33984 9
33985 13
33986 13
33987 11
33988 6
33989 13
33990 11
33991 14
33992 13
33993 10
33994 14
33995 13
33996 11
33997 14
33998 13
33999 11
34000 13
34001 13
34002 8
34003 13
34004 13
34005 11
34006 13
34007 13
34008 10
34009 13
34010 13
34011 9
34012 12
34013 13
34014 10
34015 12
34016 12
34017 3
34018 13
34019 12
34020 8
34021 13
34022 13
34023 10
34024 12
34025 13
34026 11
34027 13
34028 13
34029 8
34030 12
34031 12
34032 10
34033 12
34034 12
34035 11
34036 12
34037 13
34038 8
34039 12
34040 12
34041 10
34042 13
34043 12
34044 10
34045 12
34046 6
34047 9
34048 12
34049 12
34050 10
34051 12
34052 12
34053 10
34054 12
34055 13
34056 8
34057 12
34058 12
34059 10
34060 13
34061 13
34062 10
34063 12
34064 12
34065 8
34066 13
34067 12
34068 10
34069 12
34070 12
34071 10
34072 12
34073 12
34074 9
34075 6
34076 12
34077 10
34078 12
34079 13
34080 10
34081 12
34082 12
34083 8
34084 13
34085 12
34086 11
34087 12
34088 12
34089 10
34090 12
34091 12
34092 8
34093 13
34094 12
34095 10
34096 12
34097 12
34098 10
34099 13
34100 13
34101 8
34102 12
34103 13
34104 3
34105 12
34106 12
34107 10
34108 12
34109 12
34110 9
34111 12
34112 12
34113 10
34114 12
34115 12
34116 10
34117 13
34118 12
34119 8
34120 12
34121 12
34122 10
34123 12
34124 13
34125 11
34126 13
34127 12
34128 9
34129 13
34130 12
34131 10
34132 12
34133 6
34134 10
34135 13
34136 12
34137 9
34138 13
34139 12
34140 10
34141 13
34142 12
34143 10
34144 13
34145 12
34146 10
34147 12
34148 12
34149 10
34150 13
34151 12
34152 10
34153 12
34154 12
34155 10
34156 12
34157 13
34158 10
34159 12
34160 12
34161 10
34162 7
34163 12
34164 8
34165 13
34166 12
34167 10
34168 13
34169 12
34170 10
34171 13
34172 12
34173 8
34174 13
34175 12
34176 10
34177 13
34178 12
34179 10
34180 12
34181 13
34182 9
34183 12
34184 13
34185 10
34186 13
34187 12
34188 10
34189 12
34190 12
34191 1
34192 262
34193 131
34194 90
34195 67
34196 56
34197 46
34198 42
34199 36
34200 34
34201 30
34202 30
34203 26
34204 27
34205 23
34206 24
34207 21
34208 22
34209 20
34210 20
34211 18
34212 19
34213 17
34214 19
34215 17
34216 18
34217 16
34218 17
34219 15
34220 17
34221 15
34222 16
34223 14
34224 16
34225 14
34226 16
34227 14
34228 15
34229 15
34230 15
34231 14
34232 15
34233 13
34234 16
34235 13
34236 14
34237 13
34238 14
34239 12
34240 13
34241 12
34242 14
34243 12
34244 13
34245 12
34246 14
34247 12
34248 13
34249 12
34250 13
34251 12
34252 14
34253 12
34254 13
34255 13
34256 13
34257 12
34258 13
34259 12
34260 13
34261 11
34262 13
34263 12
34264 13
34265 11
34266 13
34267 11
34268 13
34269 11
34270 12
34271 12
34272 13
34273 11
34274 12
34275 11
34276 13
34277 11
34278 13
34279 11
34280 13
34281 12
34282 13
34283 11
34284 13
34285 11
34286 13
34287 12
34288 12
34289 12
34290 13
34291 11
34292 12
34293 12
34294 12
34295 12
34296 13
34297 12
34298 13
34299 11
34300 12
34301 11
34302 12
34303 11
34304 13
34305 11
34306 12
34307 11
34308 12
34309 11
34310 12
34311 11
34312 12
34313 11
34314 12
34315 11
34316 12
34317 11
34318 12
34319 11
34320 12
34321 11
34322 2
34323 11
34324 12
34325 11
34326 12
34327 11
34328 12
34329 11
34330 12
34331 11
34332 12
34333 11
34334 12
34335 11
34336 12
34337 11
34338 12
34339 11
34340 13
34341 11
34342 12
34343 11
34344 12
34345 11
34346 13
34347 11
34348 12
34349 12
34350 12
34351 12
34352 12
34353 11
34354 13
34355 11
34356 12
34357 12
34358 13
34359 11
34360 12
34361 11
34362 13
34363 11
34364 13
34365 11
34366 13
34367 11
34368 12
34369 11
34370 12
34371 11
34372 12
34373 11
34374 12
34375 11
34376 13
34377 11
34378 13
34379 11
34380 12
34381 12
34382 12
34383 11
34384 12
34385 11
34386 12
34387 11
34388 12
34389 11
34390 13
34391 12
34392 13
34393 12
34394 12
34395 11
34396 12
34397 11
34398 12
34399 11
34400 13
34401 11
34402 12
34403 11
34404 13
34405 11
34406 12
34407 11
34408 13
34409 11
34410 13
34411 11
34412 13
34413 11
34414 12
34415 11
34416 13
34417 11
34418 12
34419 11
34420 13
34421 11
34422 12
34423 11
34424 12
34425 11
34426 13
34427 11
34428 12
34429 11
34430 13
34431 11
34432 12
34433 12
34434 13
34435 11
34436 13
34437 11
34438 12
34439 11
34440 12
34441 12
34442 13
34443 12
34444 13
34445 11
34446 13
34447 11
34448 13
34449 11
34450 12
34451 12
34452 13
34453 1
34454 263
34455 133
34456 90
34457 69
34458 56
34459 48
34460 42
34461 39
34462 35
34463 32
34464 29
34465 28
34466 27
34467 25
34468 24
34469 23
34470 23
34471 21
34472 20
34473 20
34474 19
34475 19
34476 19
34477 18
34478 18
34479 17
34480 17
34481 17
34482 16
34483 16
34484 16
34485 17
34486 16
34487 15
34488 16
34489 15
34490 15
34491 15
34492 15
34493 15
34494 15
34495 15
34496 14
34497 14
34498 14
34499 14
34500 14
34501 14
34502 14
34503 14
34504 13
34505 14
34506 13
34507 14
34508 13
34509 13
34510 13
34511 13
34512 13
34513 13
34514 14
34515 13
34516 13
34517 13
34518 13
34519 13
34520 13
34521 13
34522 13
34523 13
34524 13
34525 13
34526 13
34527 13
34528 13
34529 12
34530 13
34531 13
34532 13
34533 13
34534 14
34535 13
34536 13
34537 13
34538 12
34539 13
34540 12
34541 13
34542 12
34543 13
34544 13
34545 13
34546 13
34547 12
34548 13
34549 12
34550 12
34551 13
34552 13
34553 13
34554 12
34555 12
34556 12
34557 12
34558 12
34559 13
34560 13
34561 13
34562 13
34563 12
34564 13
34565 12
34566 12
34567 12
34568 13
34569 12
34570 12
34571 12
34572 13
34573 12
34574 12
34575 12
34576 13
34577 12
34578 12
34579 12
34580 12
34581 12
34582 12
34583 13
34584 12
34585 12
34586 13
34587 12
34588 12
34589 12
34590 12
34591 12
34592 12
34593 13
34594 12
34595 12
34596 12
34597 13
34598 12
34599 12
34600 12
34601 13
34602 12
34603 12
34604 12
34605 12
34606 12
34607 13
34608 13
34609 12
34610 13
34611 12
34612 12
34613 12
34614 12
34615 12
34616 12
34617 12
34618 13
34619 12
34620 12
34621 12
34622 12
34623 12
34624 13
34625 13
34626 12
34627 12
34628 12
34629 12
34630 13
34631 12
34632 13
34633 13
34634 12
34635 12
34636 13
34637 13
34638 12
34639 12
34640 12
34641 12
34642 13
34643 12
34644 13
34645 12
34646 13
34647 13
34648 12
34649 13
34650 12
34651 12
34652 12
34653 12
34654 13
34655 13
34656 12
34657 12
34658 12
34659 12
34660 12
34661 13
34662 13
34663 12
34664 13
34665 12
34666 12
34667 12
34668 12
34669 12
34670 12
34671 12
34672 12
34673 12
34674 12
34675 12
34676 12
34677 12
34678 12
34679 13
34680 13
34681 12
34682 12
34683 13
34684 12
34685 12
34686 12
34687 12
34688 12
34689 12
34690 13
34691 13
34692 13
34693 12
34694 13
34695 13
34696 12
34697 12
34698 13
34699 12
34700 12
34701 12
34702 12
34703 13
34704 13
34705 12
34706 13
34707 12
34708 12
34709 13
34710 12
34711 12
34712 13
34713 13
34714 13
34715 13
34716 1
34717 264
34718 132
34719 88
34720 66
34721 57
34722 44
34723 42
34724 33
34725 32
34726 30
34727 24
34728 22
34729 27
34730 23
34731 21
34732 18
34733 23
34734 17
34735 22
34736 17
34737 17
34738 12
34739 19
34740 11
34741 18
34742 17
34743 15
34744 14
34745 16
34746 13
34747 16
34748 12
34749 8
34750 15
34751 15
34752 10
34753 15
34754 13
34755 13
34756 10
34757 15
34758 11
34759 15
34760 6
34761 12
34762 13
34763 14
34764 7
34765 14
34766 13
34767 11
34768 11
34769 14
34770 11
34771 9
34772 9
34773 11
34774 13
34775 13
34776 8
34777 13
34778 12
34779 11
34780 10
34781 13
34782 4
34783 13
34784 11
34785 12
34786 12
34787 13
34788 6
34789 13
34790 12
34791 11
34792 10
34793 8
34794 9
34795 13
34796 9
34797 11
34798 11
34799 12
34800 9
34801 12
34802 11
34803 11
34804 3
34805 12
34806 9
34807 13
34808 10
34809 10
34810 11
34811 12
34812 6
34813 12
34814 11
34815 5
34816 10
34817 12
34818 9
34819 12
34820 8
34821 11
34822 11
34823 12
34824 8
34825 12
34826 6
34827 11
34828 8
34829 12
34830 9
34831 13
34832 9
34833 10
34834 11
34835 13
34836 6
34837 7
34838 12
34839 10
34840 9
34841 12
34842 9
34843 12
34844 9
34845 10
34846 11
34847 12
34848 2
34849 12
34850 11
34851 10
34852 9
34853 12
34854 9
34855 12
34856 9
34857 10
34858 11
34859 7
34860 6
34861 13
34862 11
34863 10
34864 9
34865 12
34866 9
34867 12
34868 8
34869 10
34870 6
34871 12
34872 8
34873 12
34874 11
34875 11
34876 8
34877 12
34878 9
34879 12
34880 10
34881 5
34882 11
34883 12
34884 6
34885 12
34886 11
34887 10
34888 10
34889 12
34890 9
34891 12
34892 3
34893 11
34894 11
34895 12
34896 8
34897 12
34898 11
34899 11
34900 9
34901 12
34902 9
34903 8
34904 10
34905 10
34906 11
34907 13
34908 6
34909 13
34910 11
34911 11
34912 9
34913 13
34914 4
34915 12
34916 10
34917 11
34918 11
34919 12
34920 8
34921 12
34922 12
34923 11
34924 8
34925 9
34926 9
34927 12
34928 10
34929 10
34930 11
34931 12
34932 7
34933 13
34934 11
34935 10
34936 5
34937 12
34938 9
34939 12
34940 8
34941 11
34942 11
34943 12
34944 8
34945 13
34946 11
34947 7
34948 9
34949 12
34950 9
34951 12
34952 10
34953 11
34954 12
34955 12
34956 6
34957 13
34958 7
34959 10
34960 10
34961 12
34962 9
34963 12
34964 9
34965 11
34966 11
34967 13
34968 8
34969 8
34970 11
34971 11
34972 9
34973 12
34974 9
34975 12
34976 10
34977 11
34978 11
34979 13
34980 1
34981 265
34982 134
34983 91
34984 70
34985 53
34986 48
34987 42
34988 39
34989 35
34990 28
34991 30
34992 28
34993 26
34994 25
34995 20
34996 23
34997 22
34998 21
34999 20
35000 17
35001 19
35002 19
35003 19
35004 18
35005 14
35006 17
35007 17
35008 17
35009 17
35010 13
35011 16
35012 16
35013 16
35014 16
35015 12
35016 15
35017 15
35018 15
35019 15
35020 11
35021 14
35022 15
35023 14
35024 15
35025 12
35026 14
35027 14
35028 14
35029 15
35030 11
35031 14
35032 13
35033 5
35034 13
35035 11
35036 14
35037 13
35038 13
35039 14
35040 10
35041 13
35042 13
35043 13
35044 13
35045 10
35046 13
35047 13
35048 13
35049 13
35050 10
35051 13
35052 13
35053 13
35054 13
35055 10
35056 13
35057 13
35058 13
35059 13
35060 10
35061 13
35062 13
35063 13
35064 13
35065 11
35066 13
35067 12
35068 12
35069 12
35070 10
35071 12
35072 13
35073 12
35074 13
35075 9
35076 12
35077 13
35078 12
35079 12
35080 9
35081 13
35082 13
35083 12
35084 13
35085 9
35086 4
35087 13
35088 13
35089 12
35090 9
35091 13
35092 12
35093 13
35094 13
35095 10
35096 12
35097 12
35098 12
35099 12
35100 11
35101 12
35102 13
35103 13
35104 12
35105 11
35106 13
35107 12
35108 12
35109 12
35110 9
35111 12
35112 12
35113 12
35114 12
35115 9
35116 12
35117 12
35118 12
35119 13
35120 11
35121 12
35122 13
35123 13
35124 12
35125 11
35126 12
35127 12
35128 12
35129 12
35130 9
35131 13
35132 13
35133 12
35134 12
35135 9
35136 12
35137 12
35138 12
35139 4
35140 9
35141 13
35142 12
35143 13
35144 12
35145 9
35146 12
35147 12
35148 12
35149 12
35150 9
35151 13
35152 12
35153 12
35154 12
35155 10
35156 12
35157 12
35158 12
35159 13
35160 11
35161 13
35162 12
35163 13
35164 12
35165 10
35166 12
35167 13
35168 12
35169 12
35170 10
35171 13
35172 12
35173 12
35174 12
35175 9
35176 12
35177 13
35178 12
35179 12
35180 10
35181 13
35182 13
35183 13
35184 13
35185 9
35186 12
35187 13
35188 13
35189 13
35190 10
35191 12
35192 5
35193 13
35194 13
35195 11
35196 12
35197 12
35198 13
35199 12
35200 10
35201 13
35202 12
35203 13
35204 13
35205 9
35206 13
35207 13
35208 13
35209 13
35210 10
35211 13
35212 12
35213 12
35214 13
35215 10
35216 13
35217 12
35218 12
35219 13
35220 9
35221 13
35222 13
35223 13
35224 13
35225 11
35226 13
35227 12
35228 13
35229 13
35230 9
35231 13
35232 13
35233 13
35234 13
35235 9
35236 12
35237 12
35238 12
35239 13
35240 10
35241 13
35242 12
35243 13
35244 12
35245 1
35246 266
35247 133
35248 91
35249 68
35250 57
35251 47
35252 38
35253 37
35254 35
35255 30
35256 29
35257 26
35258 26
35259 19
35260 24
35261 21
35262 22
35263 20
35264 14
35265 19
35266 15
35267 18
35268 19
35269 17
35270 18
35271 17
35272 17
35273 11
35274 17
35275 15
35276 16
35277 15
35278 16
35279 14
35280 11
35281 14
35282 15
35283 7
35284 16
35285 13
35286 15
35287 9
35288 14
35289 13
35290 15
35291 13
35292 14
35293 12
35294 10
35295 14
35296 14
35297 12
35298 14
35299 14
35300 13
35301 8
35302 7
35303 12
35304 14
35305 12
35306 13
35307 12
35308 10
35309 11
35310 13
35311 12
35312 13
35313 12
35314 13
35315 8
35316 13
35317 12
35318 13
35319 11
35320 13
35321 5
35322 9
35323 11
35324 13
35325 12
35326 12
35327 12
35328 13
35329 7
35330 12
35331 13
35332 12
35333 12
35334 12
35335 11
35336 9
35337 11
35338 12
35339 11
35340 7
35341 12
35342 12
35343 7
35344 12
35345 11
35346 13
35347 11
35348 12
35349 12
35350 9
35351 11
35352 13
35353 11
35354 13
35355 12
35356 12
35357 7
35358 13
35359 5
35360 12
35361 11
35362 12
35363 12
35364 10
35365 11
35366 12
35367 11
35368 12
35369 11
35370 13
35371 7
35372 13
35373 12
35374 12
35375 11
35376 13
35377 11
35378 2
35379 11
35380 13
35381 11
35382 12
35383 12
35384 13
35385 7
35386 13
35387 11
35388 12
35389 11
35390 12
35391 11
35392 10
35393 11
35394 12
35395 11
35396 12
35397 5
35398 13
35399 7
35400 12
35401 11
35402 13
35403 11
35404 13
35405 11
35406 9
35407 12
35408 12
35409 11
35410 13
35411 11
35412 12
35413 7
35414 12
35415 12
35416 7
35417 11
35418 12
35419 11
35420 9
35421 11
35422 12
35423 12
35424 12
35425 12
35426 12
35427 7
35428 13
35429 12
35430 12
35431 11
35432 13
35433 11
35434 9
35435 5
35436 12
35437 11
35438 13
35439 12
35440 13
35441 7
35442 12
35443 12
35444 13
35445 12
35446 13
35447 11
35448 10
35449 12
35450 12
35451 12
35452 12
35453 11
35454 7
35455 7
35456 13
35457 12
35458 13
35459 11
35460 13
35461 12
35462 9
35463 11
35464 13
35465 11
35466 13
35467 11
35468 12
35469 7
35470 12
35471 11
35472 12
35473 5
35474 13
35475 11
35476 9
35477 11
35478 13
35479 11
35480 13
35481 11
35482 13
35483 9
35484 13
35485 12
35486 13
35487 12
35488 12
35489 12
35490 9
35491 12
35492 7
35493 11
35494 13
35495 11
35496 13
35497 7
35498 12
35499 11
35500 12
35501 11
35502 12
35503 11
35504 9
35505 12
35506 12
35507 11
35508 12
35509 11
35510 13
35511 1
35512 267
35513 135
35514 89
35515 70
35516 57
35517 46
35518 44
35519 38
35520 32
35521 32
35522 30
35523 26
35524 26
35525 25
35526 22
35527 23
35528 22
35529 19
35530 22
35531 20
35532 17
35533 19
35534 19
35535 17
35536 19
35537 17
35538 16
35539 17
35540 17
35541 14
35542 16
35543 16
35544 14
35545 16
35546 16
35547 13
35548 15
35549 15
35550 12
35551 15
35552 15
35553 12
35554 15
35555 14
35556 12
35557 14
35558 15
35559 12
35560 14
35561 14
35562 13
35563 13
35564 14
35565 12
35566 13
35567 14
35568 11
35569 13
35570 13
35571 12
35572 14
35573 13
35574 11
35575 13
35576 13
35577 11
35578 13
35579 13
35580 11
35581 13
35582 13
35583 11
35584 13
35585 13
35586 11
35587 12
35588 13
35589 11
35590 13
35591 13
35592 11
35593 12
35594 12
35595 10
35596 13
35597 13
35598 10
35599 13
35600 3
35601 11
35602 12
35603 13
35604 11
35605 13
35606 13
35607 11
35608 13
35609 12
35610 11
35611 13
35612 13
35613 10
35614 12
35615 13
35616 10
35617 12
35618 13
35619 12
35620 12
35621 13
35622 10
35623 13
35624 12
35625 10
35626 13
35627 12
35628 10
35629 12
35630 12
35631 10
35632 12
35633 12
35634 10
35635 12
35636 12
35637 10
35638 12
35639 12
35640 10
35641 12
35642 12
35643 11
35644 13
35645 13
35646 11
35647 12
35648 12
35649 10
35650 12
35651 12
35652 10
35653 12
35654 12
35655 10
35656 12
35657 12
35658 10
35659 12
35660 12
35661 10
35662 12
35663 13
35664 10
35665 12
35666 13
35667 10
35668 13
35669 12
35670 11
35671 13
35672 12
35673 10
35674 12
35675 12
35676 10
35677 13
35678 12
35679 10
35680 12
35681 12
35682 11
35683 12
35684 12
35685 10
35686 12
35687 12
35688 11
35689 3
35690 13
35691 10
35692 13
35693 13
35694 10
35695 12
35696 12
35697 10
35698 13
35699 12
35700 11
35701 12
35702 12
35703 10
35704 13
35705 13
35706 11
35707 13
35708 13
35709 10
35710 13
35711 12
35712 10
35713 12
35714 13
35715 11
35716 13
35717 12
35718 10
35719 13
35720 12
35721 11
35722 13
35723 12
35724 10
35725 12
35726 13
35727 10
35728 13
35729 12
35730 11
35731 12
35732 13
35733 10
35734 12
35735 12
35736 11
35737 13
35738 13
35739 11
35740 13
35741 12
35742 10
35743 12
35744 13
35745 10
35746 13
35747 12
35748 10
35749 13
35750 12
35751 11
35752 13
35753 13
35754 10
35755 12
35756 13
35757 10
35758 13
35759 12
35760 10
35761 13
35762 13
35763 11
35764 13
35765 13
35766 10
35767 13
35768 13
35769 10
35770 13
35771 12
35772 10
35773 12
35774 12
35775 10
35776 12
35777 13
35778 1
35779 268
35780 134
35781 92
35782 67
35783 57
35784 47
35785 43
35786 35
35787 35
35788 31
35789 30
35790 25
35791 26
35792 25
35793 24
35794 20
35795 23
35796 21
35797 20
35798 17
35799 20
35800 17
35801 19
35802 15
35803 18
35804 17
35805 19
35806 14
35807 18
35808 15
35809 17
35810 13
35811 16
35812 15
35813 16
35814 13
35815 15
35816 15
35817 15
35818 12
35819 15
35820 13
35821 16
35822 12
35823 14
35824 14
35825 14
35826 11
35827 14
35828 12
35829 14
35830 12
35831 13
35832 12
35833 13
35834 11
35835 14
35836 12
35837 13
35838 11
35839 13
35840 12
35841 13
35842 10
35843 13
35844 12
35845 4
35846 11
35847 12
35848 12
35849 14
35850 10
35851 13
35852 12
35853 13
35854 10
35855 13
35856 12
35857 13
35858 10
35859 13
35860 11
35861 13
35862 10
35863 12
35864 11
35865 13
35866 10
35867 13
35868 12
35869 13
35870 10
35871 13
35872 11
35873 13
35874 10
35875 13
35876 11
35877 13
35878 11
35879 12
35880 11
35881 13
35882 10
35883 12
35884 12
35885 13
35886 10
35887 12
35888 11
35889 13
35890 10
35891 12
35892 11
35893 13
35894 11
35895 12
35896 11
35897 13
35898 10
35899 13
35900 11
35901 12
35902 11
35903 12
35904 11
35905 12
35906 11
35907 13
35908 11
35909 12
35910 10
35911 13
35912 2
35913 13
35914 10
35915 12
35916 11
35917 13
35918 10
35919 12
35920 11
35921 12
35922 10
35923 12
35924 11
35925 13
35926 10
35927 13
35928 11
35929 12
35930 11
35931 13
35932 11
35933 12
35934 10
35935 13
35936 11
35937 12
35938 10
35939 12
35940 12
35941 12
35942 10
35943 13
35944 11
35945 12
35946 10
35947 13
35948 11
35949 12
35950 10
35951 13
35952 11
35953 13
35954 10
35955 12
35956 11
35957 13
35958 10
35959 13
35960 11
35961 12
35962 10
35963 13
35964 11
35965 13
35966 10
35967 13
35968 11
35969 13
35970 10
35971 13
35972 11
35973 13
35974 10
35975 12
35976 11
35977 12
35978 10
35979 4
35980 12
35981 13
35982 10
35983 13
35984 11
35985 13
35986 10
35987 12
35988 11
35989 12
35990 10
35991 13
35992 11
35993 12
35994 10
35995 13
35996 11
35997 13
35998 11
35999 12
36000 11
36001 12
36002 10
36003 13
36004 11
36005 12
36006 10
36007 13
36008 11
36009 13
36010 10
36011 13
36012 12
36013 13
36014 10
36015 13
36016 12
36017 13
36018 11
36019 13
36020 11
36021 13
36022 10
36023 13
36024 11
36025 13
36026 10
36027 12
36028 11
36029 13
36030 10
36031 12
36032 11
36033 13
36034 10
36035 13
36036 11
36037 13
36038 10
36039 13
36040 11
36041 13
36042 10
36043 13
36044 12
36045 13
36046 1
36047 269
36048 136
36049 92
36050 71
36051 58
36052 49
36053 43
36054 38
36055 36
36056 32
36057 30
36058 28
36059 27
36060 25
36061 24
36062 24
36063 22
36064 22
36065 21
36066 21
36067 21
36068 19
36069 19
36070 20
36071 18
36072 17
36073 17
36074 17
36075 16
36076 17
36077 16
36078 16
36079 16
36080 16
36081 15
36082 17
36083 15
36084 15
36085 15
36086 14
36087 15
36088 14
36089 14
36090 15
36091 15
36092 14
36093 14
36094 14
36095 14
36096 14
36097 14
36098 14
36099 14
36100 14
36101 13
36102 14
36103 14
36104 14
36105 13
36106 13
36107 13
36108 13
36109 13
36110 14
36111 13
36112 13
36113 13
36114 13
36115 13
36116 13
36117 13
36118 13
36119 13
36120 13
36121 13
36122 13
36123 13
36124 13
36125 12
36126 13
36127 13
36128 13
36129 13
36130 13
36131 12
36132 13
36133 13
36134 12
36135 14
36136 13
36137 12
36138 13
36139 13
36140 12
36141 13
36142 14
36143 13
36144 12
36145 13
36146 12
36147 13
36148 13
36149 12
36150 12
36151 12
36152 13
36153 13
36154 13
36155 12
36156 13
36157 13
36158 13
36159 13
36160 12
36161 13
36162 13
36163 13
36164 12
36165 12
36166 13
36167 13
36168 12
36169 13
36170 13
36171 13
36172 12
36173 12
36174 12
36175 12
36176 13
36177 13
36178 12
36179 12
36180 12
36181 12
36182 12
36183 12
36184 12
36185 13
36186 12
36187 12
36188 12
36189 12
36190 13
36191 12
36192 12
36193 12
36194 13
36195 13
36196 12
36197 12
36198 13
36199 12
36200 12
36201 12
36202 12
36203 13
36204 13
36205 13
36206 12
36207 12
36208 12
36209 13
36210 12
36211 12
36212 12
36213 13
36214 13
36215 12
36216 12
36217 12
36218 12
36219 14
36220 12
36221 12
36222 13
36223 13
36224 12
36225 13
36226 13
36227 12
36228 12
36229 12
36230 12
36231 13
36232 12
36233 13
36234 13
36235 13
36236 12
36237 13
36238 12
36239 13
36240 13
36241 12
36242 13
36243 13
36244 12
36245 12
36246 13
36247 13
36248 13
36249 13
36250 12
36251 13
36252 13
36253 13
36254 13
36255 13
36256 13
36257 13
36258 12
36259 13
36260 13
36261 13
36262 13
36263 12
36264 13
36265 13
36266 12
36267 12
36268 12
36269 13
36270 13
36271 13
36272 13
36273 13
36274 12
36275 12
36276 13
36277 13
36278 13
36279 13
36280 12
36281 13
36282 13
36283 12
36284 12
36285 13
36286 13
36287 13
36288 12
36289 13
36290 12
36291 13
36292 13
36293 13
36294 12
36295 13
36296 13
36297 12
36298 12
36299 13
36300 13
36301 13
36302 13
36303 13
36304 13
36305 13
36306 12
36307 12
36308 13
36309 12
36310 12
36311 13
36312 12
36313 13
36314 13
36315 1
36316 270
36317 135
36318 90
36319 69
36320 54
36321 45
36322 43
36323 37
36324 30
36325 27
36326 30
36327 24
36328 27
36329 24
36330 18
36331 23
36332 23
36333 15
36334 22
36335 15
36336 17
36337 18
36338 19
36339 15
36340 15
36341 16
36342 10
36343 16
36344 18
36345 9
36346 16
36347 15
36348 13
36349 15
36350 12
36351 9
36352 16
36353 13
36354 13
36355 10
36356 15
36357 11
36358 14
36359 13
36360 6
36361 13
36362 14
36363 10
36364 14
36365 9
36366 12
36367 12
36368 14
36369 5
36370 10
36371 13
36372 11
36373 12
36374 13
36375 6
36376 13
36377 13
36378 9
36379 13
36380 11
36381 10
36382 13
36383 12
36384 11
36385 8
36386 13
36387 7
36388 13
36389 11
36390 7
36391 12
36392 13
36393 9
36394 13
36395 8
36396 6
36397 11
36398 13
36399 9
36400 9
36401 12
36402 10
36403 11
36404 12
36405 3
36406 13
36407 11
36408 10
36409 11
36410 9
36411 10
36412 12
36413 11
36414 8
36415 8
36416 13
36417 9
36418 13
36419 11
36420 7
36421 12
36422 13
36423 4
36424 12
36425 8
36426 11
36427 11
36428 13
36429 9
36430 9
36431 11
36432 9
36433 11
36434 12
36435 6
36436 13
36437 12
36438 10
36439 11
36440 11
36441 8
36442 12
36443 11
36444 12
36445 8
36446 12
36447 9
36448 13
36449 11
36450 2
36451 11
36452 13
36453 9
36454 12
36455 8
36456 12
36457 11
36458 12
36459 8
36460 10
36461 11
36462 10
36463 11
36464 13
36465 6
36466 12
36467 11
36468 9
36469 11
36470 9
36471 9
36472 13
36473 11
36474 11
36475 8
36476 12
36477 4
36478 13
36479 11
36480 7
36481 11
36482 13
36483 9
36484 13
36485 8
36486 8
36487 11
36488 12
36489 10
36490 9
36491 11
36492 10
36493 11
36494 13
36495 3
36496 12
36497 11
36498 10
36499 12
36500 9
36501 9
36502 13
36503 11
36504 6
36505 8
36506 13
36507 9
36508 13
36509 11
36510 7
36511 11
36512 12
36513 7
36514 13
36515 8
36516 11
36517 11
36518 12
36519 9
36520 9
36521 11
36522 9
36523 11
36524 12
36525 6
36526 12
36527 11
36528 10
36529 11
36530 9
36531 5
36532 12
36533 11
36534 11
36535 8
36536 13
36537 9
36538 13
36539 11
36540 5
36541 11
36542 13
36543 9
36544 13
36545 8
36546 11
36547 11
36548 12
36549 8
36550 10
36551 11
36552 10
36553 11
36554 12
36555 7
36556 12
36557 11
36558 6
36559 11
36560 9
36561 10
36562 12
36563 11
36564 11
36565 10
36566 13
36567 7
36568 13
36569 11
36570 8
36571 11
36572 13
36573 9
36574 12
36575 8
36576 9
36577 12
36578 12
36579 10
36580 10
36581 12
36582 11
36583 11
36584 13
36585 1
36586 271
36587 137
36588 93
36589 71
36590 58
36591 49
36592 43
36593 40
36594 35
36595 32
36596 30
36597 28
36598 26
36599 25
36600 24
36601 23
36602 23
36603 21
36604 22
36605 21
36606 19
36607 20
36608 19
36609 18
36610 18
36611 18
36612 17
36613 17
36614 17
36615 16
36616 16
36617 17
36618 16
36619 16
36620 15
36621 16
36622 15
36623 15
36624 15
36625 15
36626 15
36627 15
36628 16
36629 15
36630 14
36631 14
36632 14
36633 14
36634 14
36635 14
36636 14
36637 14
36638 14
36639 14
36640 14
36641 13
36642 14
36643 14
36644 13
36645 13
36646 14
36647 14
36648 14
36649 13
36650 13
36651 13
36652 13
36653 13
36654 14
36655 13
36656 13
36657 13
36658 13
36659 13
36660 13
36661 13
36662 13
36663 13
36664 13
36665 13
36666 13
36667 13
36668 13
36669 12
36670 13
36671 12
36672 13
36673 13
36674 13
36675 12
36676 14
36677 12
36678 12
36679 12
36680 12
36681 12
36682 12
36683 12
36684 12
36685 13
36686 12
36687 12
36688 13
36689 12
36690 12
36691 12
36692 13
36693 12
36694 12
36695 12
36696 12
36697 13
36698 12
36699 12
36700 12
36701 12
36702 12
36703 12
36704 13
36705 12
36706 12
36707 12
36708 13
36709 12
36710 12
36711 12
36712 12
36713 12
36714 12
36715 12
36716 12
36717 12
36718 12
36719 12
36720 12
36721 12
36722 12
36723 12
36724 12
36725 12
36726 12
36727 12
36728 12
36729 12
36730 12
36731 12
36732 12
36733 13
36734 12
36735 12
36736 12
36737 12
36738 12
36739 12
36740 12
36741 12
36742 12
36743 12
36744 12
36745 12
36746 12
36747 12
36748 12
36749 13
36750 12
36751 12
36752 12
36753 12
36754 12
36755 12
36756 12
36757 12
36758 12
36759 12
36760 12
36761 12
36762 12
36763 12
36764 12
36765 13
36766 12
36767 12
36768 12
36769 12
36770 12
36771 12
36772 12
36773 12
36774 13
36775 12
36776 12
36777 12
36778 12
36779 12
36780 13
36781 12
36782 12
36783 12
36784 13
36785 12
36786 13
36787 13
36788 13
36789 13
36790 12
36791 12
36792 13
36793 12
36794 13
36795 13
36796 12
36797 12
36798 12
36799 12
36800 12
36801 12
36802 12
36803 13
36804 12
36805 12
36806 12
36807 13
36808 12
36809 12
36810 12
36811 13
36812 13
36813 12
36814 12
36815 13
36816 13
36817 12
36818 12
36819 13
36820 12
36821 13
36822 12
36823 12
36824 12
36825 12
36826 12
36827 12
36828 13
36829 13
36830 12
36831 13
36832 12
36833 12
36834 13
36835 12
36836 13
36837 12
36838 13
36839 13
36840 12
36841 13
36842 13
36843 12
36844 12
36845 13
36846 13
36847 13
36848 13
36849 12
36850 12
36851 13
36852 13
36853 13
36854 13
36855 13
36856 1
36857 272
36858 136
36859 93
36860 68
36861 58
36862 48
36863 43
36864 34
36865 36
36866 31
36867 30
36868 25
36869 27
36870 24
36871 25
36872 17
36873 16
36874 20
36875 21
36876 17
36877 20
36878 18
36879 20
36880 14
36881 18
36882 16
36883 17
36884 14
36885 16
36886 15
36887 16
36888 10
36889 16
36890 8
36891 16
36892 13
36893 15
36894 14
36895 15
36896 11
36897 15
36898 13
36899 15
36900 11
36901 14
36902 13
36903 14
36904 8
36905 14
36906 13
36907 8
36908 12
36909 15
36910 12
36911 14
36912 9
36913 13
36914 13
36915 14
36916 11
36917 13
36918 12
36919 13
36920 8
36921 13
36922 12
36923 14
36924 4
36925 13
36926 11
36927 13
36928 9
36929 13
36930 12
36931 13
36932 10
36933 14
36934 13
36935 13
36936 7
36937 12
36938 11
36939 14
36940 10
36941 7
36942 11
36943 12
36944 9
36945 12
36946 11
36947 12
36948 10
36949 13
36950 11
36951 13
36952 7
36953 13
36954 11
36955 13
36956 10
36957 13
36958 5
36959 12
36960 8
36961 13
36962 11
36963 13
36964 10
36965 12
36966 11
36967 12
36968 7
36969 13
36970 11
36971 13
36972 10
36973 13
36974 11
36975 7
36976 8
36977 12
36978 11
36979 14
36980 11
36981 12
36982 11
36983 12
36984 8
36985 13
36986 11
36987 12
36988 10
36989 12
36990 11
36991 12
36992 2
36993 12
36994 11
36995 12
36996 10
36997 12
36998 11
36999 13
37000 8
37001 12
37002 11
37003 12
37004 11
37005 13
37006 11
37007 12
37008 8
37009 7
37010 11
37011 13
37012 10
37013 13
37014 11
37015 13
37016 7
37017 12
37018 11
37019 12
37020 10
37021 13
37022 11
37023 13
37024 8
37025 12
37026 5
37027 13
37028 10
37029 12
37030 11
37031 13
37032 7
37033 13
37034 11
37035 13
37036 10
37037 12
37038 11
37039 12
37040 9
37041 12
37042 11
37043 7
37044 10
37045 13
37046 11
37047 12
37048 7
37049 13
37050 11
37051 13
37052 10
37053 13
37054 11
37055 13
37056 8
37057 13
37058 11
37059 13
37060 4
37061 13
37062 11
37063 13
37064 8
37065 13
37066 11
37067 13
37068 10
37069 13
37070 11
37071 13
37072 9
37073 12
37074 11
37075 13
37076 10
37077 8
37078 11
37079 12
37080 7
37081 12
37082 11
37083 13
37084 10
37085 13
37086 11
37087 13
37088 9
37089 13
37090 11
37091 12
37092 10
37093 13
37094 7
37095 12
37096 8
37097 13
37098 11
37099 12
37100 10
37101 12
37102 11
37103 12
37104 9
37105 13
37106 12
37107 13
37108 10
37109 13
37110 11
37111 7
37112 8
37113 12
37114 11
37115 13
37116 10
37117 13
37118 11
37119 13
37120 9
37121 13
37122 11
37123 13
37124 10
37125 13
37126 11
37127 13
37128 1
37129 273
37130 138
37131 91
37132 72
37133 58
37134 47
37135 39
37136 40
37137 33
37138 33
37139 31
37140 26
37141 21
37142 21
37143 22
37144 24
37145 23
37146 19
37147 21
37148 20
37149 13
37150 19
37151 19
37152 16
37153 18
37154 12
37155 15
37156 13
37157 17
37158 14
37159 16
37160 17
37161 14
37162 15
37163 12
37164 13
37165 16
37166 15
37167 7
37168 15
37169 15
37170 8
37171 15
37172 15
37173 12
37174 14
37175 14
37176 12
37177 10
37178 14
37179 12
37180 9
37181 13
37182 11
37183 14
37184 11
37185 11
37186 14
37187 13
37188 12
37189 13
37190 13
37191 7
37192 13
37193 8
37194 11
37195 13
37196 13
37197 11
37198 9
37199 13
37200 11
37201 13
37202 13
37203 11
37204 13
37205 9
37206 5
37207 12
37208 13
37209 11
37210 13
37211 13
37212 7
37213 13
37214 12
37215 11
37216 12
37217 13
37218 10
37219 3
37220 12
37221 10
37222 12
37223 13
37224 10
37225 12
37226 9
37227 11
37228 13
37229 13
37230 10
37231 12
37232 7
37233 6
37234 13
37235 13
37236 11
37237 13
37238 13
37239 10
37240 9
37241 13
37242 11
37243 12
37244 12
37245 5
37246 13
37247 9
37248 11
37249 12
37250 13
37251 10
37252 12
37253 12
37254 6
37255 12
37256 12
37257 10
37258 7
37259 12
37260 10
37261 10
37262 12
37263 10
37264 12
37265 12
37266 10
37267 13
37268 9
37269 10
37270 12
37271 7
37272 10
37273 12
37274 12
37275 6
37276 12
37277 12
37278 10
37279 13
37280 12
37281 10
37282 9
37283 13
37284 5
37285 12
37286 12
37287 11
37288 13
37289 9
37290 10
37291 13
37292 13
37293 11
37294 12
37295 13
37296 6
37297 7
37298 12
37299 10
37300 12
37301 13
37302 10
37303 9
37304 12
37305 10
37306 12
37307 12
37308 10
37309 12
37310 3
37311 10
37312 13
37313 12
37314 10
37315 12
37316 13
37317 7
37318 12
37319 13
37320 10
37321 13
37322 12
37323 5
37324 9
37325 12
37326 11
37327 13
37328 12
37329 10
37330 12
37331 9
37332 11
37333 13
37334 13
37335 11
37336 8
37337 12
37338 7
37339 12
37340 12
37341 10
37342 13
37343 13
37344 10
37345 9
37346 13
37347 10
37348 13
37349 9
37350 11
37351 12
37352 10
37353 10
37354 13
37355 13
37356 10
37357 12
37358 12
37359 6
37360 13
37361 12
37362 5
37363 13
37364 12
37365 11
37366 9
37367 12
37368 11
37369 12
37370 12
37371 11
37372 12
37373 9
37374 11
37375 7
37376 12
37377 10
37378 12
37379 13
37380 7
37381 12
37382 13
37383 10
37384 12
37385 12
37386 11
37387 9
37388 8
37389 10
37390 13
37391 13
37392 11
37393 12
37394 9
37395 12
37396 13
37397 13
37398 10
37399 12
37400 12
37401 1
37402 274
37403 137
37404 94
37405 70
37406 59
37407 48
37408 45
37409 38
37410 36
37411 31
37412 30
37413 27
37414 27
37415 24
37416 24
37417 23
37418 24
37419 21
37420 21
37421 19
37422 20
37423 18
37424 19
37425 17
37426 18
37427 16
37428 19
37429 16
37430 18
37431 16
37432 16
37433 15
37434 16
37435 15
37436 16
37437 14
37438 15
37439 15
37440 15
37441 13
37442 14
37443 13
37444 14
37445 13
37446 14
37447 13
37448 14
37449 13
37450 15
37451 13
37452 14
37453 12
37454 14
37455 12
37456 14
37457 14
37458 13
37459 12
37460 14
37461 12
37462 13
37463 12
37464 14
37465 12
37466 13
37467 12
37468 13
37469 11
37470 13
37471 12
37472 13
37473 13
37474 13
37475 12
37476 13
37477 11
37478 13
37479 11
37480 13
37481 12
37482 13
37483 11
37484 13
37485 12
37486 13
37487 11
37488 13
37489 12
37490 13
37491 11
37492 13
37493 11
37494 12
37495 13
37496 13
37497 11
37498 13
37499 11
37500 12
37501 11
37502 12
37503 11
37504 13
37505 11
37506 13
37507 11
37508 13
37509 11
37510 12
37511 11
37512 12
37513 11
37514 13
37515 11
37516 13
37517 11
37518 13
37519 11
37520 12
37521 12
37522 12
37523 11
37524 12
37525 11
37526 13
37527 11
37528 13
37529 11
37530 12
37531 11
37532 12
37533 11
37534 12
37535 11
37536 12
37537 11
37538 2
37539 11
37540 12
37541 11
37542 12
37543 11
37544 12
37545 11
37546 12
37547 11
37548 13
37549 11
37550 13
37551 11
37552 12
37553 11
37554 12
37555 12
37556 12
37557 11
37558 13
37559 11
37560 12
37561 11
37562 13
37563 11
37564 12
37565 11
37566 12
37567 11
37568 12
37569 11
37570 13
37571 11
37572 13
37573 11
37574 12
37575 11
37576 12
37577 11
37578 12
37579 11
37580 13
37581 11
37582 12
37583 11
37584 13
37585 11
37586 12
37587 11
37588 13
37589 11
37590 13
37591 11
37592 13
37593 11
37594 12
37595 11
37596 12
37597 11
37598 12
37599 11
37600 13
37601 11
37602 13
37603 11
37604 13
37605 11
37606 12
37607 11
37608 13
37609 12
37610 12
37611 11
37612 13
37613 11
37614 12
37615 11
37616 12
37617 11
37618 12
37619 11
37620 13
37621 11
37622 12
37623 11
37624 13
37625 11
37626 13
37627 11
37628 13
37629 11
37630 13
37631 11
37632 13
37633 11
37634 13
37635 11
37636 13
37637 11
37638 12
37639 11
37640 13
37641 11
37642 13
37643 11
37644 12
37645 11
37646 13
37647 11
37648 13
37649 11
37650 13
37651 11
37652 13
37653 11
37654 13
37655 11
37656 12
37657 11
37658 13
37659 11
37660 13
37661 11
37662 13
37663 11
37664 13
37665 11
37666 13
37667 12
37668 13
37669 11
37670 13
37671 11
37672 13
37673 11
37674 13
37675 1
37676 275
37677 139
37678 94
37679 72
37680 55
37681 50
37682 44
37683 39
37684 36
37685 29
37686 25
37687 29
37688 28
37689 26
37690 21
37691 23
37692 22
37693 22
37694 21
37695 17
37696 20
37697 14
37698 19
37699 18
37700 11
37701 18
37702 17
37703 18
37704 17
37705 13
37706 17
37707 16
37708 11
37709 16
37710 12
37711 16
37712 16
37713 15
37714 15
37715 13
37716 15
37717 15
37718 16
37719 10
37720 11
37721 14
37722 14
37723 15
37724 14
37725 7
37726 14
37727 14
37728 14
37729 14
37730 5
37731 14
37732 14
37733 14
37734 13
37735 10
37736 13
37737 13
37738 13
37739 13
37740 11
37741 8
37742 13
37743 13
37744 13
37745 10
37746 13
37747 13
37748 13
37749 13
37750 6
37751 13
37752 8
37753 13
37754 13
37755 10
37756 14
37757 13
37758 13
37759 13
37760 11
37761 13
37762 14
37763 9
37764 13
37765 9
37766 12
37767 13
37768 13
37769 13
37770 11
37771 12
37772 13
37773 12
37774 8
37775 6
37776 12
37777 12
37778 12
37779 13
37780 9
37781 12
37782 13
37783 13
37784 12
37785 4
37786 13
37787 13
37788 13
37789 12
37790 10
37791 13
37792 12
37793 13
37794 12
37795 9
37796 8
37797 13
37798 12
37799 12
37800 6
37801 12
37802 13
37803 12
37804 12
37805 9
37806 12
37807 8
37808 13
37809 13
37810 9
37811 12
37812 12
37813 12
37814 12
37815 9
37816 13
37817 13
37818 8
37819 12
37820 9
37821 12
37822 12
37823 13
37824 12
37825 6
37826 12
37827 12
37828 13
37829 8
37830 9
37831 12
37832 13
37833 12
37834 13
37835 10
37836 12
37837 13
37838 13
37839 12
37840 4
37841 12
37842 13
37843 12
37844 12
37845 9
37846 12
37847 12
37848 12
37849 12
37850 6
37851 8
37852 12
37853 13
37854 12
37855 10
37856 13
37857 13
37858 12
37859 12
37860 9
37861 12
37862 9
37863 14
37864 12
37865 9
37866 13
37867 13
37868 13
37869 12
37870 9
37871 13
37872 12
37873 8
37874 13
37875 6
37876 13
37877 12
37878 12
37879 12
37880 9
37881 13
37882 13
37883 13
37884 8
37885 10
37886 13
37887 13
37888 13
37889 12
37890 9
37891 12
37892 12
37893 13
37894 13
37895 5
37896 13
37897 13
37898 12
37899 13
37900 7
37901 13
37902 13
37903 12
37904 13
37905 9
37906 8
37907 13
37908 12
37909 12
37910 9
37911 12
37912 13
37913 13
37914 13
37915 9
37916 13
37917 8
37918 12
37919 12
37920 9
37921 13
37922 13
37923 13
37924 13
37925 6
37926 12
37927 12
37928 8
37929 12
37930 10
37931 13
37932 13
37933 13
37934 12
37935 10
37936 13
37937 12
37938 12
37939 8
37940 10
37941 13
37942 13
37943 13
37944 13
37945 10
37946 13
37947 12
37948 13
37949 13
37950 1
37951 276
37952 138
37953 92
37954 69
37955 59
37956 46
37957 44
37958 36
37959 33
37960 31
37961 31
37962 23
37963 28
37964 24
37965 22
37966 21
37967 24
37968 18
37969 21
37970 18
37971 19
37972 18
37973 12
37974 13
37975 18
37976 16
37977 16
37978 14
37979 17
37980 13
37981 16
37982 13
37983 14
37984 16
37985 15
37986 10
37987 15
37988 15
37989 13
37990 12
37991 15
37992 11
37993 14
37994 12
37995 13
37996 6
37997 14
37998 9
37999 14
38000 13
38001 12
38002 12
38003 15
38004 10
38005 13
38006 11
38007 11
38008 13
38009 13
38010 8
38011 13
38012 12
38013 11
38014 11
38015 13
38016 9
38017 13
38018 11
38019 4
38020 12
38021 13
38022 8
38023 13
38024 12
38025 12
38026 10
38027 13
38028 9
38029 13
38030 11
38031 11
38032 12
38033 13
38034 8
38035 13
38036 12
38037 11
38038 10
38039 12
38040 9
38041 13
38042 3
38043 10
38044 11
38045 13
38046 9
38047 13
38048 11
38049 10
38050 10
38051 12
38052 9
38053 12
38054 11
38055 11
38056 11
38057 13
38058 8
38059 12
38060 11
38061 10
38062 10
38063 12
38064 9
38065 6
38066 9
38067 10
38068 11
38069 13
38070 8
38071 12
38072 12
38073 11
38074 10
38075 12
38076 9
38077 12
38078 9
38079 11
38080 11
38081 13
38082 8
38083 12
38084 12
38085 10
38086 9
38087 12
38088 2
38089 12
38090 9
38091 10
38092 13
38093 12
38094 8
38095 13
38096 11
38097 11
38098 9
38099 12
38100 9
38101 12
38102 10
38103 11
38104 12
38105 12
38106 8
38107 13
38108 11
38109 10
38110 9
38111 6
38112 9
38113 12
38114 9
38115 10
38116 11
38117 12
38118 8
38119 13
38120 11
38121 10
38122 10
38123 12
38124 9
38125 12
38126 10
38127 10
38128 11
38129 13
38130 8
38131 12
38132 11
38133 10
38134 3
38135 12
38136 9
38137 12
38138 10
38139 11
38140 12
38141 12
38142 8
38143 12
38144 12
38145 10
38146 11
38147 12
38148 9
38149 12
38150 10
38151 11
38152 12
38153 13
38154 8
38155 12
38156 12
38157 4
38158 11
38159 13
38160 9
38161 12
38162 11
38163 11
38164 11
38165 12
38166 8
38167 13
38168 11
38169 11
38170 11
38171 12
38172 9
38173 13
38174 10
38175 10
38176 11
38177 12
38178 9
38179 13
38180 5
38181 11
38182 10
38183 12
38184 9
38185 12
38186 10
38187 11
38188 12
38189 13
38190 8
38191 12
38192 11
38193 12
38194 9
38195 12
38196 9
38197 12
38198 10
38199 11
38200 11
38201 13
38202 8
38203 7
38204 11
38205 11
38206 11
38207 12
38208 9
38209 13
38210 10
38211 10
38212 12
38213 12
38214 8
38215 13
38216 11
38217 10
38218 10
38219 13
38220 9
38221 12
38222 10
38223 11
38224 11
38225 13
38226 1
38227 277
38228 140
38229 95
38230 73
38231 59
38232 50
38233 44
38234 39
38235 36
38236 33
38237 30
38238 29
38239 28
38240 26
38241 25
38242 24
38243 23
38244 22
38245 21
38246 20
38247 20
38248 20
38249 19
38250 18
38251 20
38252 19
38253 18
38254 19
38255 18
38256 17
38257 16
38258 16
38259 16
38260 16
38261 16
38262 16
38263 15
38264 15
38265 15
38266 15
38267 15
38268 15
38269 16
38270 14
38271 15
38272 14
38273 14
38274 15
38275 15
38276 14
38277 14
38278 15
38279 14
38280 13
38281 14
38282 13
38283 14
38284 13
38285 14
38286 14
38287 13
38288 13
38289 13
38290 13
38291 13
38292 13
38293 13
38294 13
38295 13
38296 13
38297 13
38298 13
38299 13
38300 13
38301 13
38302 13
38303 13
38304 13
38305 13
38306 13
38307 13
38308 13
38309 13
38310 13
38311 13
38312 13
38313 13
38314 14
38315 13
38316 13
38317 13
38318 13
38319 12
38320 12
38321 13
38322 12
38323 13
38324 12
38325 12
38326 13
38327 12
38328 13
38329 12
38330 12
38331 12
38332 13
38333 13
38334 13
38335 12
38336 12
38337 12
38338 13
38339 13
38340 13
38341 12
38342 13
38343 13
38344 12
38345 13
38346 13
38347 13
38348 13
38349 13
38350 12
38351 12
38352 12
38353 12
38354 12
38355 12
38356 13
38357 13
38358 12
38359 13
38360 12
38361 12
38362 13
38363 12
38364 12
38365 12
38366 12
38367 13
38368 12
38369 12
38370 13
38371 12
38372 13
38373 13
38374 12
38375 12
38376 12
38377 12
38378 12
38379 12
38380 13
38381 13
38382 13
38383 13
38384 12
38385 12
38386 13
38387 13
38388 12
38389 13
38390 13
38391 13
38392 12
38393 12
38394 12
38395 13
38396 12
38397 13
38398 12
38399 12
38400 12
38401 13
38402 12
38403 13
38404 12
38405 12
38406 12
38407 12
38408 12
38409 12
38410 12
38411 13
38412 13
38413 13
38414 13
38415 13
38416 13
38417 13
38418 13
38419 13
38420 13
38421 13
38422 13
38423 12
38424 13
38425 12
38426 12
38427 13
38428 13
38429 13
38430 12
38431 12
38432 13
38433 13
38434 13
38435 13
38436 13
38437 13
38438 12
38439 13
38440 13
38441 13
38442 12
38443 12
38444 13
38445 13
38446 13
38447 12
38448 13
38449 13
38450 12
38451 13
38452 12
38453 12
38454 13
38455 13
38456 13
38457 13
38458 12
38459 12
38460 12
38461 13
38462 13
38463 13
38464 13
38465 13
38466 12
38467 13
38468 12
38469 13
38470 12
38471 12
38472 12
38473 13
38474 13
38475 13
38476 13
38477 13
38478 13
38479 12
38480 13
38481 13
38482 13
38483 13
38484 13
38485 13
38486 13
38487 13
38488 12
38489 12
38490 13
38491 13
38492 12
38493 13
38494 13
38495 12
38496 13
38497 13
38498 13
38499 13
38500 13
38501 12
38502 13
38503 1
38504 278
38505 139
38506 95
38507 71
38508 59
38509 49
38510 44
38511 38
38512 37
38513 32
38514 31
38515 27
38516 27
38517 24
38518 25
38519 22
38520 23
38521 21
38522 21
38523 19
38524 20
38525 18
38526 19
38527 17
38528 20
38529 17
38530 18
38531 16
38532 17
38533 15
38534 16
38535 15
38536 16
38537 14
38538 16
38539 14
38540 15
38541 14
38542 15
38543 14
38544 15
38545 13
38546 15
38547 14
38548 14
38549 13
38550 16
38551 13
38552 15
38553 13
38554 14
38555 12
38556 14
38557 14
38558 14
38559 12
38560 14
38561 13
38562 13
38563 12
38564 14
38565 12
38566 14
38567 12
38568 14
38569 12
38570 15
38571 12
38572 13
38573 11
38574 13
38575 12
38576 13
38577 12
38578 13
38579 12
38580 13
38581 12
38582 13
38583 11
38584 13
38585 12
38586 14
38587 12
38588 13
38589 13
38590 12
38591 12
38592 14
38593 11
38594 14
38595 11
38596 13
38597 11
38598 13
38599 11
38600 12
38601 11
38602 13
38603 11
38604 13
38605 11
38606 13
38607 12
38608 13
38609 11
38610 13
38611 11
38612 13
38613 11
38614 12
38615 11
38616 13
38617 11
38618 13
38619 11
38620 13
38621 12
38622 13
38623 11
38624 13
38625 12
38626 13
38627 11
38628 12
38629 11
38630 12
38631 11
38632 13
38633 11
38634 12
38635 11
38636 12
38637 11
38638 12
38639 11
38640 12
38641 11
38642 2
38643 12
38644 12
38645 11
38646 12
38647 11
38648 12
38649 11
38650 12
38651 11
38652 13
38653 11
38654 12
38655 11
38656 12
38657 11
38658 13
38659 11
38660 13
38661 11
38662 13
38663 12
38664 13
38665 11
38666 12
38667 11
38668 12
38669 11
38670 12
38671 11
38672 13
38673 11
38674 13
38675 11
38676 12
38677 11
38678 13
38679 11
38680 13
38681 11
38682 13
38683 11
38684 12
38685 11
38686 13
38687 11
38688 12
38689 11
38690 14
38691 11
38692 13
38693 11
38694 12
38695 12
38696 13
38697 11
38698 12
38699 11
38700 13
38701 11
38702 12
38703 11
38704 12
38705 11
38706 13
38707 11
38708 13
38709 11
38710 12
38711 11
38712 12
38713 11
38714 13
38715 11
38716 12
38717 11
38718 13
38719 11
38720 13
38721 11
38722 12
38723 11
38724 13
38725 11
38726 12
38727 11
38728 12
38729 11
38730 13
38731 11
38732 13
38733 11
38734 12
38735 11
38736 13
38737 12
38738 13
38739 11
38740 13
38741 11
38742 13
38743 11
38744 12
38745 11
38746 12
38747 11
38748 12
38749 11
38750 13
38751 11
38752 13
38753 11
38754 13
38755 12
38756 13
38757 12
38758 13
38759 11
38760 13
38761 12
38762 13
38763 12
38764 13
38765 11
38766 13
38767 11
38768 13
38769 11
38770 13
38771 12
38772 13
38773 11
38774 13
38775 11
38776 13
38777 11
38778 12
38779 11
38780 13
38781 1
38782 279
38783 141
38784 93
38785 73
38786 60
38787 48
38788 44
38789 41
38790 31
38791 33
38792 31
38793 27
38794 27
38795 26
38796 22
38797 24
38798 23
38799 17
38800 21
38801 21
38802 18
38803 19
38804 19
38805 16
38806 20
38807 18
38808 13
38809 17
38810 17
38811 15
38812 9
38813 17
38814 14
38815 16
38816 15
38817 11
38818 15
38819 15
38820 14
38821 15
38822 15
38823 13
38824 15
38825 14
38826 10
38827 14
38828 14
38829 13
38830 14
38831 14
38832 13
38833 14
38834 14
38835 9
38836 13
38837 13
38838 13
38839 15
38840 13
38841 11
38842 13
38843 6
38844 9
38845 13
38846 13
38847 11
38848 13
38849 13
38850 11
38851 14
38852 13
38853 10
38854 13
38855 13
38856 11
38857 13
38858 13
38859 11
38860 13
38861 13
38862 9
38863 13
38864 13
38865 11
38866 12
38867 13
38868 11
38869 12
38870 12
38871 8
38872 13
38873 13
38874 3
38875 13
38876 13
38877 10
38878 13
38879 12
38880 9
38881 13
38882 13
38883 10
38884 13
38885 12
38886 11
38887 13
38888 12
38889 8
38890 13
38891 12
38892 10
38893 13
38894 12
38895 10
38896 12
38897 12
38898 8
38899 12
38900 12
38901 11
38902 13
38903 13
38904 10
38905 6
38906 13
38907 8
38908 12
38909 12
38910 10
38911 12
38912 12
38913 11
38914 13
38915 12
38916 8
38917 12
38918 12
38919 10
38920 12
38921 12
38922 10
38923 12
38924 12
38925 8
38926 12
38927 13
38928 11
38929 12
38930 12
38931 10
38932 12
38933 12
38934 8
38935 13
38936 6
38937 10
38938 13
38939 13
38940 11
38941 12
38942 12
38943 8
38944 12
38945 12
38946 10
38947 12
38948 13
38949 10
38950 12
38951 13
38952 8
38953 12
38954 12
38955 10
38956 12
38957 12
38958 10
38959 12
38960 13
38961 9
38962 12
38963 12
38964 10
38965 12
38966 12
38967 3
38968 13
38969 13
38970 8
38971 12
38972 12
38973 11
38974 12
38975 12
38976 11
38977 13
38978 13
38979 8
38980 12
38981 12
38982 11
38983 12
38984 13
38985 11
38986 12
38987 12
38988 8
38989 12
38990 13
38991 11
38992 12
38993 13
38994 11
38995 13
38996 13
38997 8
38998 6
38999 12
39000 10
39001 12
39002 13
39003 11
39004 12
39005 13
39006 8
39007 13
39008 12
39009 11
39010 13
39011 13
39012 11
39013 12
39014 12
39015 8
39016 13
39017 13
39018 10
39019 12
39020 13
39021 10
39022 13
39023 12
39024 10
39025 12
39026 13
39027 11
39028 12
39029 7
39030 11
39031 12
39032 13
39033 8
39034 12
39035 13
39036 10
39037 13
39038 12
39039 11
39040 13
39041 13
39042 8
39043 13
39044 13
39045 10
39046 13
39047 12
39048 11
39049 13
39050 13
39051 8
39052 12
39053 13
39054 10
39055 13
39056 13
39057 11
39058 13
39059 13
39060 1
39061 280
39062 140
39063 96
39064 70
39065 56
39066 49
39067 40
39068 35
39069 36
39070 28
39071 31
39072 26
39073 27
39074 20
39075 21
39076 19
39077 24
39078 21
39079 21
39080 14
39081 16
39082 18
39083 19
39084 14
39085 15
39086 17
39087 18
39088 10
39089 17
39090 12
39091 17
39092 12
39093 17
39094 16
39095 8
39096 13
39097 16
39098 14
39099 15
39100 7
39101 15
39102 9
39103 15
39104 12
39105 12
39106 13
39107 14
39108 10
39109 10
39110 9
39111 14
39112 11
39113 14
39114 12
39115 11
39116 5
39117 13
39118 14
39119 13
39120 7
39121 14
39122 12
39123 10
39124 9
39125 11
39126 12
39127 13
39128 12
39129 14
39130 4
39131 15
39132 10
39133 13
39134 11
39135 10
39136 10
39137 9
39138 12
39139 14
39140 5
39141 13
39142 12
39143 13
39144 6
39145 10
39146 11
39147 14
39148 8
39149 12
39150 8
39151 9
39152 10
39153 13
39154 11
39155 9
39156 9
39157 13
39158 7
39159 13
39160 7
39161 13
39162 11
39163 13
39164 9
39165 5
39166 11
39167 13
39168 10
39169 13
39170 8
39171 13
39172 4
39173 13
39174 11
39175 10
39176 10
39177 13
39178 11
39179 9
39180 5
39181 13
39182 12
39183 13
39184 10
39185 9
39186 8
39187 12
39188 8
39189 12
39190 9
39191 12
39192 10
39193 8
39194 11
39195 9
39196 9
39197 12
39198 11
39199 12
39200 2
39201 12
39202 11
39203 12
39204 9
39205 9
39206 11
39207 8
39208 10
39209 12
39210 8
39211 12
39212 8
39213 12
39214 8
39215 9
39216 10
39217 13
39218 11
39219 13
39220 5
39221 9
39222 11
39223 13
39224 10
39225 10
39226 11
39227 13
39228 4
39229 13
39230 8
39231 13
39232 10
39233 13
39234 11
39235 5
39236 9
39237 12
39238 11
39239 13
39240 7
39241 13
39242 7
39243 12
39244 9
39245 9
39246 11
39247 13
39248 10
39249 9
39250 8
39251 12
39252 8
39253 12
39254 11
39255 10
39256 6
39257 13
39258 11
39259 13
39260 5
39261 13
39262 12
39263 8
39264 10
39265 10
39266 11
39267 12
39268 8
39269 13
39270 4
39271 13
39272 11
39273 13
39274 12
39275 11
39276 9
39277 9
39278 11
39279 13
39280 7
39281 13
39282 11
39283 12
39284 5
39285 10
39286 11
39287 13
39288 10
39289 13
39290 9
39291 9
39292 9
39293 13
39294 11
39295 9
39296 10
39297 13
39298 7
39299 12
39300 5
39301 13
39302 11
39303 12
39304 10
39305 7
39306 12
39307 13
39308 8
39309 13
39310 10
39311 13
39312 6
39313 13
39314 11
39315 10
39316 10
39317 12
39318 11
39319 9
39320 7
39321 13
39322 11
39323 13
39324 9
39325 9
39326 9
39327 13
39328 10
39329 13
39330 8
39331 13
39332 8
39333 9
39334 11
39335 9
39336 11
39337 13
39338 11
39339 13
39340 1
39341 281
39342 142
39343 96
39344 74
39345 60
39346 51
39347 46
39348 41
39349 37
39350 33
39351 31
39352 29
39353 27
39354 26
39355 25
39356 24
39357 24
39358 22
39359 21
39360 21
39361 20
39362 20
39363 20
39364 19
39365 18
39366 18
39367 18
39368 18
39369 18
39370 17
39371 17
39372 17
39373 16
39374 16
39375 16
39376 17
39377 15
39378 16
39379 15
39380 15
39381 15
39382 15
39383 15
39384 14
39385 15
39386 15
39387 14
39388 14
39389 14
39390 14
39391 14
39392 14
39393 15
39394 14
39395 14
39396 14
39397 14
39398 14
39399 14
39400 13
39401 13
39402 14
39403 14
39404 13
39405 13
39406 13
39407 13
39408 13
39409 13
39410 13
39411 13
39412 13
39413 13
39414 13
39415 13
39416 13
39417 13
39418 13
39419 13
39420 13
39421 13
39422 13
39423 13
39424 13
39425 13
39426 13
39427 13
39428 13
39429 13
39430 12
39431 13
39432 13
39433 13
39434 13
39435 13
39436 13
39437 13
39438 12
39439 13
39440 13
39441 14
39442 13
39443 13
39444 13
39445 13
39446 12
39447 13
39448 13
39449 13
39450 13
39451 12
39452 12
39453 13
39454 12
39455 13
39456 13
39457 13
39458 12
39459 12
39460 13
39461 12
39462 13
39463 12
39464 13
39465 12
39466 12
39467 13
39468 12
39469 13
39470 13
39471 13
39472 12
39473 13
39474 13
39475 13
39476 12
39477 12
39478 12
39479 13
39480 12
39481 12
39482 13
39483 12
39484 12
39485 12
39486 13
39487 13
39488 13
39489 12
39490 13
39491 13
39492 13
39493 12
39494 13
39495 12
39496 12
39497 13
39498 12
39499 13
39500 12
39501 13
39502 12
39503 12
39504 13
39505 13
39506 13
39507 12
39508 13
39509 12
39510 12
39511 13
39512 12
39513 13
39514 13
39515 12
39516 13
39517 13
39518 13
39519 13
39520 13
39521 12
39522 13
39523 12
39524 13
39525 13
39526 13
39527 13
39528 13
39529 13
39530 13
39531 12
39532 13
39533 13
39534 13
39535 12
39536 12
39537 13
39538 13
39539 13
39540 12
39541 12
39542 12
39543 12
39544 13
39545 13
39546 13
39547 13
39548 13
39549 12
39550 13
39551 12
39552 13
39553 12
39554 13
39555 12
39556 13
39557 13
39558 12
39559 13
39560 13
39561 13
39562 12
39563 12
39564 13
39565 13
39566 13
39567 13
39568 13
39569 13
39570 13
39571 12
39572 12
39573 13
39574 13
39575 13
39576 13
39577 13
39578 12
39579 13
39580 13
39581 12
39582 12
39583 13
39584 13
39585 13
39586 13
39587 12
39588 13
39589 12
39590 13
39591 13
39592 13
39593 13
39594 13
39595 13
39596 12
39597 13
39598 13
39599 13
39600 13
39601 12
39602 13
39603 13
39604 13
39605 13
39606 13
39607 13
39608 13
39609 13
39610 13
39611 12
39612 12
39613 13
39614 13
39615 13
39616 13
39617 13
39618 13
39619 13
39620 13
39621 1
39622 282
39623 141
39624 94
39625 72
39626 60
39627 47
39628 45
39629 39
39630 34
39631 32
39632 31
39633 25
39634 28
39635 26
39636 23
39637 22
39638 23
39639 18
39640 21
39641 19
39642 18
39643 19
39644 20
39645 15
39646 19
39647 16
39648 16
39649 16
39650 17
39651 13
39652 17
39653 16
39654 14
39655 15
39656 16
39657 12
39658 16
39659 14
39660 14
39661 14
39662 17
39663 11
39664 15
39665 13
39666 12
39667 13
39668 6
39669 12
39670 14
39671 13
39672 13
39673 13
39674 15
39675 11
39676 14
39677 13
39678 11
39679 13
39680 13
39681 10
39682 13
39683 12
39684 11
39685 12
39686 14
39687 10
39688 14
39689 12
39690 11
39691 12
39692 13
39693 10
39694 13
39695 12
39696 11
39697 12
39698 13
39699 9
39700 13
39701 11
39702 11
39703 12
39704 13
39705 9
39706 14
39707 11
39708 12
39709 12
39710 13
39711 10
39712 13
39713 11
39714 11
39715 3
39716 13
39717 9
39718 12
39719 12
39720 10
39721 11
39722 13
39723 10
39724 12
39725 11
39726 10
39727 12
39728 13
39729 9
39730 13
39731 11
39732 10
39733 11
39734 13
39735 9
39736 13
39737 11
39738 10
39739 11
39740 13
39741 9
39742 13
39743 12
39744 10
39745 11
39746 12
39747 9
39748 13
39749 12
39750 10
39751 11
39752 12
39753 9
39754 13
39755 11
39756 10
39757 11
39758 12
39759 9
39760 12
39761 11
39762 2
39763 11
39764 12
39765 9
39766 12
39767 11
39768 10
39769 11
39770 13
39771 9
39772 12
39773 11
39774 10
39775 12
39776 13
39777 9
39778 12
39779 11
39780 10
39781 12
39782 13
39783 9
39784 13
39785 11
39786 10
39787 11
39788 12
39789 9
39790 13
39791 11
39792 10
39793 11
39794 13
39795 9
39796 12
39797 11
39798 10
39799 11
39800 12
39801 9
39802 13
39803 11
39804 10
39805 12
39806 12
39807 9
39808 12
39809 3
39810 11
39811 11
39812 13
39813 10
39814 12
39815 12
39816 10
39817 11
39818 13
39819 9
39820 13
39821 11
39822 10
39823 11
39824 12
39825 9
39826 13
39827 11
39828 11
39829 11
39830 12
39831 9
39832 13
39833 11
39834 10
39835 12
39836 13
39837 9
39838 12
39839 11
39840 10
39841 11
39842 12
39843 9
39844 13
39845 12
39846 10
39847 12
39848 12
39849 9
39850 12
39851 13
39852 11
39853 11
39854 13
39855 9
39856 5
39857 11
39858 11
39859 11
39860 13
39861 9
39862 13
39863 11
39864 10
39865 11
39866 12
39867 9
39868 12
39869 11
39870 10
39871 12
39872 12
39873 9
39874 13
39875 11
39876 10
39877 11
39878 13
39879 11
39880 13
39881 11
39882 11
39883 11
39884 13
39885 9
39886 13
39887 11
39888 10
39889 12
39890 13
39891 9
39892 12
39893 12
39894 11
39895 11
39896 13
39897 9
39898 12
39899 11
39900 11
39901 11
39902 13
39903 1
39904 283
39905 143
39906 97
39907 74
39908 60
39909 51
39910 45
39911 40
39912 37
39913 34
39914 31
39915 29
39916 28
39917 26
39918 25
39919 24
39920 23
39921 22
39922 23
39923 21
39924 20
39925 20
39926 20
39927 19
39928 20
39929 18
39930 18
39931 17
39932 18
39933 17
39934 16
39935 16
39936 16
39937 16
39938 16
39939 16
39940 15
39941 15
39942 15
39943 15
39944 15
39945 15
39946 15
39947 15
39948 15
39949 15
39950 15
39951 14
39952 14
39953 14
39954 15
39955 15
39956 14
39957 14
39958 14
39959 13
39960 14
39961 13
39962 13
39963 14
39964 14
39965 14
39966 14
39967 13
39968 14
39969 13
39970 13
39971 14
39972 14
39973 13
39974 13
39975 13
39976 13
39977 13
39978 13
39979 13
39980 14
39981 13
39982 13
39983 13
39984 13
39985 13
39986 13
39987 12
39988 13
39989 13
39990 13
39991 13
39992 12
39993 13
39994 13
39995 14
39996 13
39997 13
39998 13
39999 13
40000 13
40001 12
40002 12
40003 13
40004 14
40005 13
40006 13
40007 12
40008 13
40009 13
40010 13
40011 13
40012 12
40013 12
40014 12
40015 13
40016 13
40017 12
40018 13
40019 13
40020 13
40021 13
40022 12
40023 12
40024 12
40025 12
40026 13
40027 12
40028 12
40029 13
40030 12
40031 13
40032 12
40033 12
40034 12
40035 12
40036 12
40037 12
40038 12
40039 12
40040 12
40041 12
40042 13
40043 12
40044 13
40045 13
40046 12
40047 13
40048 12
40049 12
40050 12
40051 12
40052 12
40053 12
40054 12
40055 12
40056 13
40057 12
40058 13
40059 12
40060 13
40061 12
40062 12
40063 13
40064 12
40065 12
40066 12
40067 12
40068 13
40069 13
40070 12
40071 13
40072 12
40073 12
40074 12
40075 12
40076 12
40077 12
40078 13
40079 12
40080 12
40081 13
40082 12
40083 12
40084 13
40085 12
40086 13
40087 12
40088 12
40089 13
40090 12
40091 12
40092 12
40093 12
40094 12
40095 12
40096 13
40097 12
40098 13
40099 12
40100 13
40101 13
40102 12
40103 12
40104 12
40105 12
40106 12
40107 13
40108 13
40109 13
40110 13
40111 12
40112 13
40113 12
40114 12
40115 13
40116 13
40117 12
40118 13
40119 13
40120 13
40121 13
40122 13
40123 12
40124 13
40125 13
40126 12
40127 12
40128 13
40129 13
40130 12
40131 13
40132 13
40133 12
40134 12
40135 12
40136 13
40137 12
40138 13
40139 12
40140 13
40141 13
40142 12
40143 13
40144 13
40145 13
40146 13
40147 12
40148 13
40149 12
40150 12
40151 13
40152 13
40153 12
40154 12
40155 13
40156 13
40157 13
40158 13
40159 13
40160 12
40161 13
40162 13
40163 13
40164 13
40165 12
40166 13
40167 12
40168 12
40169 13
40170 13
40171 12
40172 13
40173 13
40174 13
40175 13
40176 13
40177 13
40178 13
40179 12
40180 13
40181 13
40182 12
40183 12
40184 12
40185 13
40186 1
40187 284
40188 142
40189 97
40190 71
40191 61
40192 50
40193 45
40194 37
40195 37
40196 32
40197 32
40198 26
40199 27
40200 25
40201 25
40202 21
40203 23
40204 21
40205 21
40206 18
40207 20
40208 18
40209 19
40210 16
40211 18
40212 17
40213 18
40214 16
40215 18
40216 16
40217 18
40218 15
40219 16
40220 15
40221 16
40222 14
40223 16
40224 14
40225 15
40226 12
40227 15
40228 14
40229 15
40230 12
40231 15
40232 13
40233 14
40234 12
40235 14
40236 14
40237 15
40238 11
40239 14
40240 13
40241 15
40242 11
40243 14
40244 12
40245 14
40246 11
40247 13
40248 12
40249 14
40250 11
40251 14
40252 12
40253 13
40254 10
40255 13
40256 12
40257 4
40258 11
40259 13
40260 13
40261 13
40262 10
40263 15
40264 12
40265 13
40266 11
40267 13
40268 11
40269 13
40270 10
40271 12
40272 13
40273 13
40274 10
40275 13
40276 12
40277 13
40278 10
40279 12
40280 12
40281 13
40282 10
40283 13
40284 12
40285 12
40286 10
40287 13
40288 11
40289 13
40290 10
40291 13
40292 12
40293 13
40294 10
40295 12
40296 11
40297 13
40298 10
40299 12
40300 12
40301 12
40302 11
40303 13
40304 11
40305 13
40306 10
40307 12
40308 11
40309 13
40310 10
40311 12
40312 11
40313 13
40314 11
40315 13
40316 11
40317 13
40318 10
40319 13
40320 11
40321 12
40322 10
40323 12
40324 12
40325 12
40326 10
40327 12
40328 2
40329 12
40330 10
40331 12
40332 12
40333 12
40334 10
40335 12
40336 11
40337 13
40338 10
40339 12
40340 11
40341 13
40342 11
40343 13
40344 11
40345 12
40346 10
40347 13
40348 11
40349 12
40350 10
40351 13
40352 11
40353 13
40354 10
40355 12
40356 12
40357 12
40358 10
40359 12
40360 11
40361 12
40362 10
40363 13
40364 12
40365 12
40366 10
40367 13
40368 11
40369 12
40370 10
40371 12
40372 12
40373 13
40374 10
40375 12
40376 12
40377 12
40378 10
40379 13
40380 11
40381 12
40382 10
40383 13
40384 12
40385 12
40386 10
40387 13
40388 11
40389 13
40390 10
40391 13
40392 12
40393 12
40394 10
40395 13
40396 11
40397 12
40398 10
40399 4
40400 11
40401 13
40402 10
40403 13
40404 12
40405 12
40406 11
40407 13
40408 12
40409 13
40410 10
40411 13
40412 12
40413 13
40414 10
40415 12
40416 11
40417 13
40418 10
40419 13
40420 12
40421 12
40422 12
40423 12
40424 11
40425 13
40426 10
40427 13
40428 11
40429 12
40430 11
40431 13
40432 12
40433 13
40434 10
40435 13
40436 11
40437 12
40438 10
40439 13
40440 11
40441 13
40442 10
40443 13
40444 11
40445 12
40446 10
40447 13
40448 11
40449 12
40450 10
40451 13
40452 12
40453 12
40454 12
40455 13
40456 11
40457 13
40458 10
40459 13
40460 11
40461 13
40462 10
40463 13
40464 12
40465 13
40466 10
40467 13
40468 12
40469 13
40470 1
40471 285
40472 144
40473 95
40474 75
40475 57
40476 49
40477 45
40478 40
40479 34
40480 30
40481 31
40482 27
40483 28
40484 26
40485 19
40486 25
40487 24
40488 20
40489 15
40490 18
40491 18
40492 20
40493 20
40494 18
40495 15
40496 18
40497 16
40498 17
40499 19
40500 11
40501 18
40502 16
40503 14
40504 16
40505 14
40506 14
40507 16
40508 9
40509 14
40510 13
40511 15
40512 13
40513 15
40514 15
40515 9
40516 14
40517 14
40518 12
40519 14
40520 11
40521 12
40522 16
40523 14
40524 12
40525 10
40526 14
40527 5
40528 14
40529 14
40530 8
40531 14
40532 14
40533 11
40534 14
40535 10
40536 12
40537 13
40538 13
40539 11
40540 10
40541 13
40542 11
40543 13
40544 13
40545 8
40546 7
40547 13
40548 12
40549 13
40550 10
40551 11
40552 13
40553 13
40554 11
40555 10
40556 13
40557 10
40558 13
40559 13
40560 7
40561 12
40562 13
40563 11
40564 12
40565 3
40566 11
40567 13
40568 12
40569 11
40570 9
40571 12
40572 11
40573 13
40574 12
40575 7
40576 13
40577 13
40578 11
40579 12
40580 10
40581 11
40582 13
40583 12
40584 4
40585 10
40586 12
40587 11
40588 13
40589 13
40590 7
40591 14
40592 13
40593 10
40594 12
40595 10
40596 11
40597 12
40598 12
40599 11
40600 9
40601 12
40602 11
40603 8
40604 12
40605 7
40606 12
40607 13
40608 10
40609 12
40610 10
40611 11
40612 12
40613 12
40614 11
40615 10
40616 12
40617 10
40618 13
40619 12
40620 7
40621 12
40622 8
40623 11
40624 12
40625 9
40626 11
40627 12
40628 12
40629 11
40630 10
40631 12
40632 10
40633 13
40634 13
40635 7
40636 12
40637 13
40638 10
40639 12
40640 9
40641 4
40642 12
40643 12
40644 11
40645 10
40646 12
40647 11
40648 12
40649 13
40650 7
40651 12
40652 13
40653 11
40654 12
40655 9
40656 11
40657 12
40658 13
40659 11
40660 3
40661 12
40662 11
40663 13
40664 12
40665 7
40666 12
40667 13
40668 10
40669 12
40670 10
40671 11
40672 12
40673 13
40674 11
40675 10
40676 12
40677 11
40678 13
40679 7
40680 7
40681 13
40682 13
40683 11
40684 12
40685 10
40686 11
40687 13
40688 13
40689 11
40690 9
40691 13
40692 10
40693 13
40694 13
40695 7
40696 13
40697 13
40698 5
40699 13
40700 9
40701 11
40702 12
40703 12
40704 11
40705 10
40706 12
40707 11
40708 13
40709 13
40710 7
40711 12
40712 13
40713 10
40714 12
40715 10
40716 11
40717 8
40718 12
40719 11
40720 10
40721 13
40722 11
40723 12
40724 13
40725 9
40726 13
40727 13
40728 11
40729 12
40730 9
40731 11
40732 13
40733 12
40734 11
40735 10
40736 7
40737 11
40738 13
40739 13
40740 7
40741 13
40742 13
40743 11
40744 12
40745 10
40746 11
40747 12
40748 12
40749 11
40750 10
40751 13
40752 11
40753 13
40754 13
40755 1
40756 286
40757 143
40758 98
40759 73
40760 61
40761 50
40762 45
40763 39
40764 37
40765 32
40766 26
40767 28
40768 22
40769 25
40770 25
40771 24
40772 23
40773 22
40774 23
40775 20
40776 20
40777 13
40778 20
40779 18
40780 19
40781 11
40782 18
40783 16
40784 18
40785 16
40786 17
40787 15
40788 11
40789 15
40790 16
40791 15
40792 16
40793 14
40794 10
40795 14
40796 15
40797 15
40798 15
40799 8
40800 15
40801 14
40802 14
40803 13
40804 14
40805 13
40806 14
40807 7
40808 14
40809 13
40810 9
40811 12
40812 14
40813 12
40814 13
40815 12
40816 13
40817 12
40818 14
40819 13
40820 8
40821 7
40822 13
40823 12
40824 14
40825 12
40826 13
40827 12
40828 13
40829 11
40830 13
40831 13
40832 8
40833 6
40834 13
40835 12
40836 13
40837 12
40838 13
40839 11
40840 13
40841 12
40842 13
40843 7
40844 13
40845 11
40846 9
40847 12
40848 13
40849 11
40850 12
40851 12
40852 13
40853 11
40854 9
40855 11
40856 13
40857 12
40858 13
40859 6
40860 12
40861 12
40862 13
40863 11
40864 13
40865 6
40866 12
40867 11
40868 14
40869 11
40870 12
40871 12
40872 8
40873 11
40874 12
40875 11
40876 8
40877 11
40878 13
40879 11
40880 12
40881 11
40882 12
40883 11
40884 12
40885 6
40886 12
40887 6
40888 13
40889 11
40890 12
40891 11
40892 12
40893 11
40894 12
40895 11
40896 13
40897 11
40898 2
40899 11
40900 13
40901 11
40902 12
40903 11
40904 12
40905 11
40906 12
40907 11
40908 12
40909 6
40910 12
40911 6
40912 12
40913 11
40914 12
40915 11
40916 12
40917 11
40918 13
40919 11
40920 8
40921 11
40922 12
40923 11
40924 8
40925 11
40926 12
40927 11
40928 14
40929 11
40930 12
40931 6
40932 12
40933 11
40934 13
40935 11
40936 12
40937 6
40938 12
40939 12
40940 13
40941 11
40942 9
40943 11
40944 12
40945 11
40946 12
40947 11
40948 12
40949 11
40950 8
40951 11
40952 12
40953 7
40954 13
40955 11
40956 12
40957 11
40958 12
40959 11
40960 13
40961 11
40962 13
40963 6
40964 8
40965 12
40966 13
40967 11
40968 13
40969 11
40970 13
40971 11
40972 13
40973 11
40974 13
40975 7
40976 8
40977 11
40978 12
40979 12
40980 13
40981 12
40982 12
40983 11
40984 13
40985 11
40986 8
40987 11
40988 13
40989 7
40990 13
40991 11
40992 13
40993 11
40994 13
40995 11
40996 13
40997 6
40998 12
40999 12
41000 14
41001 11
41002 8
41003 11
41004 13
41005 11
41006 12
41007 11
41008 8
41009 11
41010 13
41011 11
41012 12
41013 12
41014 13
41015 6
41016 13
41017 11
41018 13
41019 7
41020 12
41021 11
41022 13
41023 11
41024 13
41025 11
41026 13
41027 11
41028 8
41029 11
41030 8
41031 11
41032 13
41033 11
41034 13
41035 11
41036 12
41037 11
41038 13
41039 11
41040 13
41041 1
41042 287
41043 145
41044 98
41045 75
41046 61
41047 52
41048 41
41049 42
41050 38
41051 34
41052 32
41053 30
41054 28
41055 22
41056 26
41057 24
41058 24
41059 23
41060 21
41061 21
41062 16
41063 20
41064 20
41065 19
41066 19
41067 18
41068 18
41069 14
41070 17
41071 17
41072 17
41073 17
41074 17
41075 16
41076 12
41077 16
41078 16
41079 16
41080 15
41081 15
41082 7
41083 11
41084 15
41085 15
41086 15
41087 14
41088 14
41089 15
41090 10
41091 14
41092 14
41093 15
41094 14
41095 14
41096 15
41097 11
41098 14
41099 14
41100 13
41101 14
41102 13
41103 13
41104 10
41105 14
41106 13
41107 13
41108 13
41109 14
41110 15
41111 9
41112 13
41113 13
41114 13
41115 13
41116 13
41117 13
41118 9
41119 13
41120 13
41121 13
41122 13
41123 5
41124 13
41125 9
41126 13
41127 13
41128 13
41129 12
41130 13
41131 13
41132 10
41133 13
41134 12
41135 13
41136 13
41137 12
41138 13
41139 9
41140 13
41141 13
41142 13
41143 13
41144 13
41145 12
41146 9
41147 13
41148 13
41149 13
41150 12
41151 13
41152 13
41153 9
41154 13
41155 12
41156 13
41157 12
41158 12
41159 12
41160 9
41161 12
41162 13
41163 13
41164 5
41165 13
41166 12
41167 9
41168 13
41169 13
41170 12
41171 13
41172 13
41173 13
41174 9
41175 12
41176 12
41177 12
41178 12
41179 12
41180 13
41181 9
41182 12
41183 12
41184 13
41185 13
41186 12
41187 12
41188 9
41189 13
41190 12
41191 12
41192 12
41193 12
41194 12
41195 9
41196 13
41197 13
41198 13
41199 12
41200 13
41201 13
41202 9
41203 12
41204 13
41205 5
41206 12
41207 13
41208 12
41209 9
41210 12
41211 12
41212 12
41213 13
41214 12
41215 13
41216 9
41217 12
41218 13
41219 12
41220 13
41221 13
41222 12
41223 9
41224 12
41225 13
41226 13
41227 12
41228 13
41229 13
41230 9
41231 12
41232 12
41233 12
41234 13
41235 12
41236 13
41237 9
41238 13
41239 12
41240 12
41241 13
41242 13
41243 12
41244 9
41245 12
41246 5
41247 13
41248 12
41249 13
41250 13
41251 9
41252 12
41253 13
41254 13
41255 12
41256 13
41257 12
41258 9
41259 13
41260 12
41261 12
41262 13
41263 12
41264 13
41265 9
41266 12
41267 12
41268 12
41269 13
41270 13
41271 13
41272 9
41273 12
41274 12
41275 13
41276 13
41277 12
41278 13
41279 9
41280 12
41281 13
41282 13
41283 13
41284 12
41285 13
41286 9
41287 5
41288 12
41289 13
41290 13
41291 13
41292 13
41293 11
41294 12
41295 13
41296 12
41297 13
41298 12
41299 12
41300 9
41301 13
41302 13
41303 13
41304 13
41305 13
41306 12
41307 9
41308 13
41309 12
41310 13
41311 13
41312 12
41313 12
41314 9
41315 13
41316 13
41317 12
41318 13
41319 13
41320 13
41321 9
41322 13
41323 13
41324 13
41325 12
41326 13
41327 13
41328 1
41329 288
41330 144
41331 96
41332 72
41333 61
41334 48
41335 47
41336 36
41337 32
41338 33
41339 31
41340 24
41341 29
41342 25
41343 23
41344 18
41345 24
41346 16
41347 22
41348 18
41349 18
41350 19
41351 20
41352 12
41353 19
41354 17
41355 13
41356 15
41357 17
41358 13
41359 17
41360 9
41361 14
41362 16
41363 17
41364 8
41365 15
41366 14
41367 13
41368 11
41369 15
41370 11
41371 15
41372 12
41373 10
41374 14
41375 15
41376 6
41377 15
41378 13
41379 12
41380 11
41381 14
41382 8
41383 14
41384 11
41385 13
41386 13
41387 13
41388 9
41389 13
41390 13
41391 9
41392 6
41393 14
41394 10
41395 13
41396 12
41397 11
41398 12
41399 13
41400 4
41401 14
41402 12
41403 11
41404 10
41405 13
41406 10
41407 12
41408 7
41409 9
41410 12
41411 13
41412 8
41413 13
41414 12
41415 12
41416 9
41417 12
41418 7
41419 13
41420 10
41421 11
41422 11
41423 13
41424 3
41425 12
41426 11
41427 8
41428 10
41429 12
41430 9
41431 12
41432 9
41433 10
41434 12
41435 13
41436 5
41437 12
41438 11
41439 10
41440 7
41441 13
41442 9
41443 13
41444 10
41445 8
41446 11
41447 12
41448 6
41449 12
41450 11
41451 10
41452 10
41453 13
41454 7
41455 12
41456 6
41457 12
41458 11
41459 12
41460 7
41461 13
41462 13
41463 9
41464 10
41465 12
41466 9
41467 12
41468 10
41469 10
41470 11
41471 12
41472 2
41473 12
41474 11
41475 10
41476 10
41477 12
41478 9
41479 12
41480 10
41481 9
41482 12
41483 13
41484 7
41485 12
41486 11
41487 12
41488 6
41489 12
41490 7
41491 13
41492 10
41493 10
41494 11
41495 12
41496 6
41497 12
41498 11
41499 8
41500 10
41501 12
41502 9
41503 12
41504 7
41505 10
41506 11
41507 12
41508 5
41509 12
41510 12
41511 10
41512 9
41513 12
41514 9
41515 12
41516 10
41517 8
41518 11
41519 12
41520 3
41521 12
41522 11
41523 10
41524 10
41525 13
41526 7
41527 12
41528 9
41529 12
41530 12
41531 13
41532 8
41533 13
41534 11
41535 9
41536 7
41537 12
41538 10
41539 12
41540 10
41541 10
41542 11
41543 12
41544 4
41545 13
41546 12
41547 10
41548 10
41549 13
41550 10
41551 12
41552 6
41553 9
41554 11
41555 13
41556 9
41557 13
41558 12
41559 12
41560 10
41561 12
41562 8
41563 12
41564 10
41565 10
41566 12
41567 13
41568 5
41569 12
41570 11
41571 8
41572 10
41573 13
41574 9
41575 13
41576 10
41577 10
41578 12
41579 12
41580 7
41581 13
41582 11
41583 10
41584 7
41585 12
41586 9
41587 12
41588 10
41589 8
41590 11
41591 13
41592 7
41593 12
41594 12
41595 11
41596 10
41597 13
41598 7
41599 13
41600 8
41601 12
41602 11
41603 13
41604 8
41605 13
41606 12
41607 9
41608 9
41609 13
41610 10
41611 13
41612 10
41613 10
41614 12
41615 13
41616 1
41617 289
41618 146
41619 99
41620 76
41621 62
41622 52
41623 46
41624 42
41625 37
41626 34
41627 32
41628 30
41629 29
41630 27
41631 25
41632 25
41633 17
41634 22
41635 23
41636 22
41637 21
41638 20
41639 20
41640 19
41641 19
41642 18
41643 18
41644 18
41645 18
41646 17
41647 17
41648 17
41649 17
41650 10
41651 16
41652 16
41653 16
41654 15
41655 15
41656 15
41657 15
41658 15
41659 15
41660 15
41661 15
41662 14
41663 15
41664 14
41665 15
41666 14
41667 8
41668 15
41669 16
41670 14
41671 15
41672 14
41673 14
41674 14
41675 15
41676 14
41677 14
41678 14
41679 14
41680 13
41681 13
41682 14
41683 14
41684 8
41685 14
41686 13
41687 13
41688 13
41689 13
41690 13
41691 13
41692 13
41693 13
41694 13
41695 14
41696 13
41697 13
41698 13
41699 13
41700 13
41701 7
41702 13
41703 13
41704 13
41705 13
41706 13
41707 13
41708 13
41709 13
41710 12
41711 13
41712 13
41713 13
41714 12
41715 13
41716 14
41717 13
41718 7
41719 13
41720 12
41721 13
41722 13
41723 13
41724 13
41725 13
41726 12
41727 12
41728 13
41729 13
41730 12
41731 12
41732 13
41733 13
41734 12
41735 7
41736 12
41737 12
41738 12
41739 12
41740 13
41741 13
41742 13
41743 12
41744 13
41745 12
41746 13
41747 12
41748 13
41749 13
41750 12
41751 12
41752 8
41753 12
41754 12
41755 12
41756 13
41757 13
41758 13
41759 13
41760 12
41761 12
41762 13
41763 13
41764 13
41765 13
41766 12
41767 12
41768 12
41769 8
41770 12
41771 12
41772 13
41773 13
41774 12
41775 12
41776 12
41777 13
41778 12
41779 13
41780 13
41781 13
41782 12
41783 12
41784 12
41785 12
41786 7
41787 12
41788 12
41789 13
41790 12
41791 12
41792 13
41793 13
41794 12
41795 12
41796 12
41797 13
41798 13
41799 13
41800 13
41801 12
41802 12
41803 7
41804 13
41805 13
41806 13
41807 12
41808 12
41809 13
41810 13
41811 12
41812 12
41813 13
41814 13
41815 13
41816 12
41817 12
41818 12
41819 13
41820 7
41821 12
41822 12
41823 12
41824 12
41825 13
41826 12
41827 13
41828 12
41829 13
41830 12
41831 13
41832 13
41833 13
41834 13
41835 13
41836 12
41837 8
41838 12
41839 12
41840 13
41841 13
41842 13
41843 13
41844 13
41845 13
41846 13
41847 13
41848 13
41849 13
41850 12
41851 13
41852 13
41853 13
41854 7
41855 12
41856 13
41857 13
41858 13
41859 13
41860 12
41861 13
41862 12
41863 12
41864 13
41865 13
41866 13
41867 13
41868 13
41869 13
41870 13
41871 8
41872 12
41873 12
41874 13
41875 12
41876 13
41877 13
41878 13
41879 13
41880 12
41881 13
41882 13
41883 13
41884 13
41885 13
41886 13
41887 13
41888 8
41889 12
41890 13
41891 13
41892 13
41893 13
41894 13
41895 12
41896 13
41897 13
41898 13
41899 13
41900 13
41901 13
41902 13
41903 13
41904 12
41905 1
41906 290
41907 145
41908 99
41909 74
41910 58
41911 51
41912 46
41913 40
41914 38
41915 29
41916 32
41917 28
41918 29
41919 25
41920 22
41921 24
41922 24
41923 21
41924 23
41925 16
41926 22
41927 18
41928 20
41929 18
41930 15
41931 18
41932 18
41933 16
41934 10
41935 12
41936 18
41937 16
41938 16
41939 16
41940 13
41941 14
41942 17
41943 14
41944 16
41945 11
41946 15
41947 13
41948 15
41949 14
41950 12
41951 14
41952 14
41953 13
41954 14
41955 10
41956 14
41957 13
41958 15
41959 13
41960 11
41961 12
41962 14
41963 5
41964 14
41965 9
41966 14
41967 12
41968 14
41969 13
41970 10
41971 12
41972 13
41973 12
41974 13
41975 10
41976 14
41977 12
41978 13
41979 12
41980 10
41981 12
41982 13
41983 12
41984 13
41985 8
41986 13
41987 12
41988 13
41989 12
41990 10
41991 11
41992 6
41993 11
41994 13
41995 9
41996 13
41997 12
41998 13
41999 11
42000 11
42001 11
42002 13
42003 11
42004 14
42005 8
42006 14
42007 11
42008 12
42009 11
42010 10
42011 11
42012 13
42013 11
42014 12
42015 8
42016 13
42017 11
42018 13
42019 11
42020 10
42021 4
42022 13
42023 11
42024 13
42025 8
42026 12
42027 12
42028 12
42029 11
42030 11
42031 12
42032 12
42033 11
42034 12
42035 9
42036 13
42037 11
42038 12
42039 11
42040 11
42041 11
42042 12
42043 12
42044 12
42045 8
42046 12
42047 11
42048 12
42049 11
42050 2
42051 11
42052 12
42053 11
42054 12
42055 8
42056 12
42057 11
42058 12
42059 11
42060 10
42061 11
42062 12
42063 11
42064 13
42065 9
42066 12
42067 11
42068 12
42069 11
42070 10
42071 11
42072 12
42073 12
42074 12
42075 8
42076 13
42077 11
42078 13
42079 4
42080 10
42081 11
42082 13
42083 11
42084 13
42085 8
42086 12
42087 11
42088 13
42089 11
42090 10
42091 11
42092 12
42093 11
42094 13
42095 8
42096 13
42097 11
42098 13
42099 11
42100 11
42101 11
42102 12
42103 12
42104 12
42105 9
42106 13
42107 11
42108 6
42109 11
42110 10
42111 11
42112 13
42113 12
42114 12
42115 8
42116 13
42117 12
42118 12
42119 11
42120 10
42121 11
42122 12
42123 11
42124 13
42125 9
42126 13
42127 11
42128 13
42129 11
42130 10
42131 11
42132 13
42133 11
42134 13
42135 9
42136 12
42137 5
42138 13
42139 11
42140 11
42141 11
42142 13
42143 12
42144 12
42145 10
42146 13
42147 11
42148 12
42149 11
42150 10
42151 11
42152 12
42153 12
42154 13
42155 10
42156 13
42157 11
42158 12
42159 11
42160 10
42161 11
42162 12
42163 11
42164 13
42165 8
42166 6
42167 12
42168 13
42169 11
42170 10
42171 11
42172 13
42173 11
42174 13
42175 8
42176 13
42177 11
42178 12
42179 11
42180 10
42181 11
42182 13
42183 11
42184 13
42185 9
42186 12
42187 12
42188 13
42189 11
42190 10
42191 11
42192 12
42193 11
42194 13
42195 1
42196 291
42197 147
42198 97
42199 76
42200 62
42201 50
42202 46
42203 41
42204 35
42205 34
42206 32
42207 28
42208 28
42209 27
42210 23
42211 24
42212 25
42213 20
42214 22
42215 22
42216 18
42217 20
42218 20
42219 18
42220 19
42221 18
42222 16
42223 18
42224 18
42225 15
42226 17
42227 18
42228 15
42229 16
42230 16
42231 14
42232 15
42233 16
42234 13
42235 16
42236 16
42237 13
42238 15
42239 15
42240 13
42241 15
42242 14
42243 13
42244 14
42245 14
42246 12
42247 14
42248 14
42249 12
42250 15
42251 14
42252 11
42253 14
42254 13
42255 11
42256 14
42257 15
42258 11
42259 14
42260 13
42261 11
42262 14
42263 13
42264 12
42265 13
42266 13
42267 11
42268 13
42269 13
42270 11
42271 13
42272 14
42273 11
42274 13
42275 14
42276 11
42277 13
42278 13
42279 11
42280 13
42281 13
42282 11
42283 13
42284 13
42285 11
42286 13
42287 13
42288 10
42289 13
42290 13
42291 11
42292 3
42293 13
42294 11
42295 13
42296 12
42297 11
42298 13
42299 13
42300 11
42301 13
42302 13
42303 11
42304 13
42305 13
42306 11
42307 13
42308 13
42309 11
42310 12
42311 13
42312 12
42313 13
42314 13
42315 11
42316 12
42317 12
42318 11
42319 12
42320 13
42321 11
42322 14
42323 13
42324 10
42325 13
42326 12
42327 11
42328 13
42329 12
42330 11
42331 12
42332 12
42333 11
42334 12
42335 12
42336 10
42337 13
42338 12
42339 10
42340 12
42341 12
42342 10
42343 12
42344 13
42345 10
42346 12
42347 12
42348 11
42349 12
42350 12
42351 11
42352 12
42353 13
42354 11
42355 12
42356 13
42357 10
42358 13
42359 13
42360 11
42361 13
42362 12
42363 11
42364 12
42365 12
42366 11
42367 13
42368 13
42369 11
42370 13
42371 12
42372 11
42373 12
42374 13
42375 11
42376 12
42377 13
42378 11
42379 13
42380 12
42381 11
42382 12
42383 12
42384 11
42385 12
42386 12
42387 10
42388 13
42389 3
42390 11
42391 12
42392 13
42393 10
42394 12
42395 12
42396 11
42397 12
42398 13
42399 11
42400 13
42401 13
42402 11
42403 13
42404 12
42405 10
42406 13
42407 12
42408 11
42409 13
42410 12
42411 10
42412 12
42413 13
42414 11
42415 12
42416 13
42417 11
42418 12
42419 13
42420 11
42421 13
42422 13
42423 11
42424 13
42425 13
42426 11
42427 12
42428 13
42429 11
42430 12
42431 13
42432 10
42433 12
42434 13
42435 11
42436 12
42437 13
42438 11
42439 13
42440 13
42441 11
42442 13
42443 13
42444 11
42445 13
42446 12
42447 11
42448 12
42449 12
42450 11
42451 13
42452 12
42453 11
42454 13
42455 12
42456 11
42457 13
42458 13
42459 10
42460 13
42461 13
42462 11
42463 13
42464 13
42465 11
42466 12
42467 13
42468 11
42469 13
42470 13
42471 11
42472 13
42473 13
42474 11
42475 13
42476 13
42477 10
42478 13
42479 13
42480 11
42481 13
42482 13
42483 11
42484 13
42485 12
42486 1
42487 292
42488 146
42489 100
42490 73
42491 62
42492 51
42493 46
42494 38
42495 38
42496 33
42497 32
42498 27
42499 28
42500 25
42501 26
42502 22
42503 23
42504 22
42505 22
42506 18
42507 20
42508 19
42509 20
42510 16
42511 20
42512 18
42513 18
42514 15
42515 17
42516 16
42517 17
42518 15
42519 16
42520 15
42521 16
42522 13
42523 16
42524 14
42525 17
42526 13
42527 15
42528 14
42529 15
42530 12
42531 15
42532 13
42533 15
42534 12
42535 14
42536 13
42537 14
42538 11
42539 14
42540 13
42541 14
42542 11
42543 14
42544 13
42545 13
42546 11
42547 14
42548 12
42549 14
42550 11
42551 14
42552 12
42553 13
42554 11
42555 14
42556 12
42557 13
42558 10
42559 4
42560 12
42561 13
42562 10
42563 14
42564 12
42565 13
42566 10
42567 14
42568 12
42569 13
42570 10
42571 13
42572 13
42573 13
42574 11
42575 14
42576 12
42577 13
42578 10
42579 12
42580 11
42581 13
42582 10
42583 13
42584 11
42585 13
42586 10
42587 12
42588 12
42589 13
42590 10
42591 13
42592 12
42593 13
42594 10
42595 13
42596 12
42597 13
42598 10
42599 13
42600 12
42601 13
42602 10
42603 13
42604 11
42605 13
42606 10
42607 13
42608 11
42609 13
42610 11
42611 13
42612 11
42613 13
42614 10
42615 12
42616 11
42617 12
42618 10
42619 12
42620 11
42621 13
42622 10
42623 13
42624 11
42625 13
42626 10
42627 12
42628 11
42629 13
42630 10
42631 13
42632 2
42633 13
42634 10
42635 13
42636 11
42637 12
42638 10
42639 12
42640 11
42641 13
42642 10
42643 13
42644 11
42645 12
42646 10
42647 12
42648 11
42649 12
42650 10
42651 13
42652 11
42653 13
42654 10
42655 13
42656 11
42657 13
42658 10
42659 13
42660 11
42661 13
42662 10
42663 13
42664 12
42665 12
42666 10
42667 13
42668 11
42669 13
42670 10
42671 13
42672 11
42673 13
42674 10
42675 13
42676 12
42677 12
42678 10
42679 13
42680 11
42681 13
42682 10
42683 13
42684 11
42685 12
42686 10
42687 13
42688 12
42689 13
42690 10
42691 13
42692 12
42693 13
42694 10
42695 13
42696 11
42697 13
42698 10
42699 13
42700 11
42701 13
42702 10
42703 13
42704 11
42705 4
42706 10
42707 13
42708 11
42709 13
42710 10
42711 13
42712 11
42713 13
42714 10
42715 13
42716 11
42717 13
42718 10
42719 13
42720 11
42721 13
42722 10
42723 13
42724 11
42725 13
42726 10
42727 13
42728 11
42729 13
42730 10
42731 13
42732 12
42733 13
42734 10
42735 13
42736 11
42737 13
42738 10
42739 13
42740 11
42741 13
42742 10
42743 13
42744 11
42745 13
42746 10
42747 13
42748 12
42749 12
42750 10
42751 13
42752 12
42753 13
42754 10
42755 13
42756 12
42757 13
42758 10
42759 13
42760 11
42761 12
42762 11
42763 13
42764 11
42765 13
42766 10
42767 13
42768 11
42769 13
42770 10
42771 13
42772 12
42773 13
42774 10
42775 13
42776 11
42777 13
42778 1
42779 293
42780 148
42781 100
42782 77
42783 62
42784 53
42785 46
42786 41
42787 38
42788 35
42789 32
42790 30
42791 28
42792 27
42793 26
42794 25
42795 25
42796 23
42797 22
42798 21
42799 21
42800 21
42801 20
42802 21
42803 19
42804 18
42805 18
42806 18
42807 17
42808 17
42809 17
42810 16
42811 17
42812 16
42813 17
42814 18
42815 16
42816 16
42817 15
42818 16
42819 15
42820 15
42821 16
42822 15
42823 15
42824 15
42825 16
42826 14
42827 14
42828 14
42829 14
42830 14
42831 15
42832 14
42833 14
42834 14
42835 14
42836 14
42837 14
42838 15
42839 15
42840 14
42841 14
42842 14
42843 14
42844 13
42845 14
42846 14
42847 13
42848 13
42849 13
42850 13
42851 13
42852 13
42853 13
42854 13
42855 13
42856 13
42857 13
42858 13
42859 13
42860 13
42861 13
42862 13
42863 13
42864 13
42865 13
42866 13
42867 13
42868 13
42869 13
42870 13
42871 13
42872 12
42873 13
42874 14
42875 13
42876 13
42877 13
42878 13
42879 13
42880 12
42881 13
42882 13
42883 13
42884 13
42885 13
42886 13
42887 13
42888 13
42889 13
42890 13
42891 13
42892 13
42893 13
42894 13
42895 13
42896 13
42897 13
42898 13
42899 13
42900 13
42901 12
42902 12
42903 13
42904 12
42905 13
42906 13
42907 13
42908 13
42909 13
42910 12
42911 13
42912 13
42913 12
42914 13
42915 12
42916 13
42917 13
42918 12
42919 13
42920 13
42921 12
42922 13
42923 13
42924 13
42925 13
42926 13
42927 13
42928 12
42929 13
42930 13
42931 12
42932 13
42933 13
42934 12
42935 13
42936 12
42937 13
42938 12
42939 12
42940 13
42941 13
42942 13
42943 13
42944 13
42945 12
42946 13
42947 12
42948 12
42949 13
42950 12
42951 13
42952 13
42953 13
42954 13
42955 13
42956 12
42957 13
42958 13
42959 13
42960 13
42961 13
42962 12
42963 13
42964 13
42965 13
42966 13
42967 13
42968 13
42969 12
42970 13
42971 13
42972 13
42973 13
42974 12
42975 13
42976 13
42977 12
42978 13
42979 13
42980 12
42981 13
42982 13
42983 13
42984 13
42985 13
42986 13
42987 13
42988 12
42989 13
42990 13
42991 13
42992 13
42993 13
42994 13
42995 13
42996 13
42997 13
42998 12
42999 13
43000 13
43001 13
43002 13
43003 14
43004 12
43005 13
43006 13
43007 13
43008 13
43009 13
43010 13
43011 13
43012 13
43013 13
43014 13
43015 13
43016 13
43017 13
43018 13
43019 13
43020 13
43021 13
43022 12
43023 13
43024 13
43025 12
43026 13
43027 13
43028 13
43029 13
43030 13
43031 13
43032 13
43033 13
43034 13
43035 13
43036 13
43037 13
43038 13
43039 13
43040 12
43041 13
43042 13
43043 13
43044 13
43045 13
43046 13
43047 13
43048 13
43049 12
43050 13
43051 13
43052 13
43053 13
43054 13
43055 13
43056 13
43057 13
43058 13
43059 13
43060 13
43061 13
43062 13
43063 13
43064 13
43065 13
43066 13
43067 12
43068 13
43069 13
43070 13
43071 1
43072 294
43073 147
43074 98
43075 75
43076 63
43077 49
43078 42
43079 40
43080 35
43081 33
43082 32
43083 26
43084 28
43085 21
43086 23
43087 23
43088 24
43089 19
43090 22
43091 20
43092 14
43093 19
43094 20
43095 16
43096 19
43097 18
43098 17
43099 12
43100 18
43101 14
43102 17
43103 15
43104 14
43105 15
43106 12
43107 12
43108 16
43109 14
43110 13
43111 14
43112 15
43113 7
43114 16
43115 13
43116 13
43117 14
43118 14
43119 12
43120 6
43121 13
43122 13
43123 14
43124 15
43125 11
43126 15
43127 9
43128 12
43129 12
43130 14
43131 10
43132 13
43133 12
43134 7
43135 12
43136 14
43137 10
43138 14
43139 12
43140 12
43141 8
43142 13
43143 10
43144 14
43145 12
43146 11
43147 12
43148 10
43149 10
43150 13
43151 12
43152 11
43153 12
43154 13
43155 5
43156 13
43157 11
43158 10
43159 11
43160 13
43161 9
43162 10
43163 11
43164 12
43165 12
43166 12
43167 10
43168 13
43169 3
43170 11
43171 11
43172 13
43173 10
43174 12
43175 12
43176 7
43177 11
43178 13
43179 9
43180 13
43181 11
43182 10
43183 7
43184 12
43185 9
43186 12
43187 11
43188 10
43189 12
43190 10
43191 10
43192 14
43193 11
43194 11
43195 12
43196 12
43197 5
43198 12
43199 11
43200 10
43201 11
43202 13
43203 9
43204 10
43205 11
43206 10
43207 12
43208 12
43209 9
43210 12
43211 7
43212 10
43213 11
43214 12
43215 9
43216 12
43217 11
43218 2
43219 11
43220 12
43221 9
43222 12
43223 11
43224 10
43225 7
43226 12
43227 9
43228 12
43229 11
43230 10
43231 11
43232 10
43233 9
43234 12
43235 11
43236 10
43237 11
43238 12
43239 5
43240 12
43241 12
43242 11
43243 11
43244 13
43245 10
43246 10
43247 12
43248 10
43249 11
43250 12
43251 9
43252 12
43253 7
43254 10
43255 11
43256 12
43257 9
43258 12
43259 11
43260 7
43261 11
43262 12
43263 10
43264 12
43265 11
43266 11
43267 3
43268 12
43269 10
43270 12
43271 12
43272 11
43273 11
43274 10
43275 9
43276 13
43277 11
43278 10
43279 11
43280 13
43281 5
43282 13
43283 12
43284 10
43285 11
43286 13
43287 9
43288 10
43289 12
43290 10
43291 11
43292 13
43293 9
43294 12
43295 8
43296 10
43297 11
43298 13
43299 9
43300 12
43301 11
43302 7
43303 11
43304 12
43305 9
43306 12
43307 11
43308 10
43309 9
43310 13
43311 9
43312 12
43313 12
43314 10
43315 11
43316 5
43317 9
43318 13
43319 11
43320 10
43321 11
43322 13
43323 5
43324 13
43325 12
43326 10
43327 11
43328 12
43329 10
43330 9
43331 12
43332 10
43333 11
43334 13
43335 10
43336 13
43337 7
43338 10
43339 12
43340 12
43341 9
43342 13
43343 11
43344 7
43345 11
43346 13
43347 9
43348 12
43349 11
43350 10
43351 8
43352 13
43353 9
43354 12
43355 12
43356 11
43357 11
43358 9
43359 9
43360 13
43361 12
43362 11
43363 12
43364 13
43365 1
43366 295
43367 149
43368 101
43369 77
43370 59
43371 53
43372 48
43373 43
43374 38
43375 31
43376 33
43377 30
43378 29
43379 27
43380 22
43381 25
43382 24
43383 23
43384 22
43385 18
43386 21
43387 20
43388 21
43389 19
43390 16
43391 18
43392 20
43393 18
43394 18
43395 14
43396 17
43397 18
43398 17
43399 16
43400 13
43401 17
43402 16
43403 17
43404 16
43405 12
43406 15
43407 15
43408 15
43409 15
43410 12
43411 15
43412 15
43413 14
43414 15
43415 11
43416 14
43417 15
43418 14
43419 14
43420 11
43421 14
43422 14
43423 14
43424 5
43425 11
43426 14
43427 14
43428 13
43429 14
43430 10
43431 13
43432 13
43433 14
43434 14
43435 10
43436 14
43437 13
43438 13
43439 13
43440 10
43441 13
43442 14
43443 13
43444 13
43445 10
43446 14
43447 13
43448 13
43449 13
43450 11
43451 13
43452 13
43453 13
43454 13
43455 10
43456 13
43457 13
43458 13
43459 13
43460 9
43461 12
43462 13
43463 13
43464 13
43465 10
43466 12
43467 13
43468 13
43469 12
43470 11
43471 13
43472 13
43473 13
43474 13
43475 9
43476 13
43477 12
43478 13
43479 13
43480 10
43481 13
43482 13
43483 4
43484 13
43485 9
43486 12
43487 13
43488 13
43489 13
43490 9
43491 12
43492 12
43493 13
43494 12
43495 9
43496 12
43497 13
43498 13
43499 13
43500 9
43501 12
43502 12
43503 13
43504 12
43505 9
43506 12
43507 13
43508 13
43509 12
43510 10
43511 12
43512 13
43513 13
43514 12
43515 10
43516 12
43517 13
43518 13
43519 12
43520 9
43521 12
43522 13
43523 12
43524 12
43525 9
43526 13
43527 13
43528 13
43529 12
43530 9
43531 12
43532 13
43533 12
43534 12
43535 9
43536 13
43537 13
43538 13
43539 12
43540 9
43541 12
43542 4
43543 13
43544 13
43545 10
43546 12
43547 13
43548 12
43549 13
43550 9
43551 12
43552 13
43553 13
43554 13
43555 10
43556 12
43557 12
43558 13
43559 12
43560 9
43561 12
43562 12
43563 13
43564 12
43565 9
43566 13
43567 13
43568 13
43569 12
43570 10
43571 12
43572 13
43573 13
43574 13
43575 9
43576 13
43577 13
43578 13
43579 13
43580 9
43581 12
43582 12
43583 13
43584 13
43585 9
43586 13
43587 13
43588 13
43589 13
43590 10
43591 12
43592 12
43593 13
43594 13
43595 9
43596 13
43597 13
43598 12
43599 12
43600 9
43601 5
43602 13
43603 12
43604 13
43605 10
43606 12
43607 13
43608 13
43609 13
43610 10
43611 13
43612 13
43613 13
43614 13
43615 9
43616 13
43617 13
43618 13
43619 13
43620 9
43621 12
43622 13
43623 13
43624 13
43625 9
43626 13
43627 13
43628 13
43629 13
43630 11
43631 13
43632 13
43633 13
43634 13
43635 10
43636 13
43637 13
43638 12
43639 13
43640 9
43641 12
43642 14
43643 13
43644 13
43645 9
43646 12
43647 13
43648 12
43649 13
43650 10
43651 12
43652 13
43653 13
43654 13
43655 10
43656 13
43657 13
43658 13
43659 13
43660 1
43661 296
43662 148
43663 101
43664 74
43665 63
43666 52
43667 47
43668 37
43669 39
43670 33
43671 32
43672 27
43673 29
43674 27
43675 26
43676 20
43677 24
43678 22
43679 22
43680 19
43681 21
43682 19
43683 20
43684 15
43685 19
43686 17
43687 18
43688 15
43689 18
43690 16
43691 17
43692 13
43693 17
43694 15
43695 16
43696 14
43697 8
43698 14
43699 16
43700 11
43701 15
43702 14
43703 15
43704 12
43705 15
43706 14
43707 15
43708 10
43709 15
43710 13
43711 15
43712 12
43713 14
43714 13
43715 14
43716 10
43717 14
43718 12
43719 14
43720 11
43721 14
43722 12
43723 14
43724 9
43725 15
43726 13
43727 14
43728 11
43729 13
43730 13
43731 13
43732 9
43733 13
43734 4
43735 13
43736 12
43737 13
43738 12
43739 13
43740 9
43741 14
43742 12
43743 13
43744 10
43745 13
43746 13
43747 13
43748 9
43749 13
43750 12
43751 13
43752 11
43753 13
43754 12
43755 13
43756 9
43757 13
43758 12
43759 13
43760 10
43761 12
43762 12
43763 13
43764 8
43765 13
43766 12
43767 13
43768 10
43769 13
43770 11
43771 5
43772 9
43773 13
43774 11
43775 12
43776 11
43777 13
43778 12
43779 13
43780 9
43781 12
43782 11
43783 12
43784 10
43785 13
43786 12
43787 13
43788 9
43789 13
43790 12
43791 13
43792 10
43793 13
43794 12
43795 13
43796 8
43797 12
43798 12
43799 12
43800 10
43801 12
43802 12
43803 13
43804 8
43805 12
43806 12
43807 12
43808 2
43809 12
43810 12
43811 12
43812 8
43813 13
43814 12
43815 12
43816 10
43817 12
43818 11
43819 12
43820 8
43821 13
43822 13
43823 13
43824 10
43825 13
43826 12
43827 13
43828 9
43829 13
43830 12
43831 13
43832 10
43833 12
43834 11
43835 12
43836 8
43837 13
43838 11
43839 13
43840 11
43841 12
43842 11
43843 13
43844 9
43845 5
43846 11
43847 13
43848 10
43849 13
43850 12
43851 13
43852 8
43853 13
43854 11
43855 12
43856 10
43857 12
43858 12
43859 13
43860 9
43861 12
43862 12
43863 13
43864 10
43865 13
43866 11
43867 13
43868 9
43869 13
43870 11
43871 12
43872 10
43873 12
43874 12
43875 12
43876 9
43877 13
43878 11
43879 13
43880 11
43881 12
43882 4
43883 12
43884 9
43885 12
43886 11
43887 13
43888 10
43889 13
43890 12
43891 12
43892 8
43893 12
43894 11
43895 13
43896 11
43897 13
43898 11
43899 13
43900 9
43901 13
43902 12
43903 12
43904 11
43905 13
43906 12
43907 12
43908 10
43909 12
43910 11
43911 13
43912 10
43913 13
43914 12
43915 12
43916 8
43917 13
43918 11
43919 7
43920 10
43921 13
43922 11
43923 12
43924 9
43925 13
43926 12
43927 13
43928 10
43929 13
43930 11
43931 12
43932 9
43933 13
43934 12
43935 13
43936 10
43937 13
43938 12
43939 13
43940 9
43941 13
43942 12
43943 13
43944 10
43945 12
43946 11
43947 13
43948 9
43949 13
43950 12
43951 13
43952 10
43953 13
43954 12
43955 12
43956 1
43957 297
43958 150
43959 99
43960 78
43961 63
43962 51
43963 47
43964 43
43965 33
43966 35
43967 27
43968 28
43969 28
43970 27
43971 24
43972 25
43973 25
43974 18
43975 22
43976 21
43977 20
43978 15
43979 20
43980 17
43981 19
43982 19
43983 11
43984 18
43985 19
43986 15
43987 17
43988 17
43989 9
43990 16
43991 17
43992 12
43993 16
43994 16
43995 13
43996 16
43997 16
43998 13
43999 15
44000 10
44001 10
44002 15
44003 16
44004 12
44005 16
44006 14
44007 12
44008 14
44009 14
44010 7
44011 9
44012 14
44013 13
44014 14
44015 13
44016 12
44017 13
44018 14
44019 9
44020 14
44021 14
44022 6
44023 15
44024 14
44025 12
44026 13
44027 13
44028 10
44029 13
44030 13
44031 11
44032 13
44033 8
44034 11
44035 13
44036 13
44037 6
44038 13
44039 14
44040 11
44041 13
44042 13
44043 11
44044 8
44045 13
44046 9
44047 13
44048 13
44049 12
44050 13
44051 13
44052 12
44053 13
44054 12
44055 3
44056 13
44057 13
44058 11
44059 12
44060 13
44061 11
44062 13
44063 13
44064 6
44065 13
44066 8
44067 11
44068 13
44069 13
44070 10
44071 13
44072 13
44073 8
44074 13
44075 13
44076 10
44077 8
44078 13
44079 11
44080 13
44081 13
44082 8
44083 13
44084 12
44085 12
44086 12
44087 12
44088 6
44089 12
44090 12
44091 6
44092 12
44093 13
44094 11
44095 13
44096 13
44097 10
44098 13
44099 8
44100 9
44101 13
44102 13
44103 11
44104 13
44105 13
44106 11
44107 13
44108 13
44109 9
44110 8
44111 13
44112 10
44113 13
44114 13
44115 11
44116 13
44117 12
44118 6
44119 12
44120 12
44121 6
44122 12
44123 12
44124 11
44125 12
44126 13
44127 8
44128 13
44129 13
44130 11
44131 13
44132 8
44133 10
44134 13
44135 13
44136 8
44137 13
44138 12
44139 10
44140 13
44141 13
44142 11
44143 8
44144 13
44145 6
44146 13
44147 13
44148 11
44149 13
44150 12
44151 11
44152 12
44153 13
44154 3
44155 12
44156 12
44157 11
44158 12
44159 13
44160 11
44161 13
44162 12
44163 9
44164 13
44165 8
44166 11
44167 13
44168 13
44169 11
44170 13
44171 12
44172 6
44173 13
44174 13
44175 10
44176 8
44177 13
44178 11
44179 13
44180 13
44181 10
44182 13
44183 13
44184 10
44185 12
44186 13
44187 6
44188 12
44189 12
44190 8
44191 13
44192 13
44193 10
44194 13
44195 13
44196 11
44197 13
44198 8
44199 7
44200 13
44201 13
44202 11
44203 13
44204 12
44205 11
44206 13
44207 13
44208 8
44209 8
44210 13
44211 10
44212 13
44213 13
44214 10
44215 13
44216 13
44217 9
44218 13
44219 12
44220 7
44221 12
44222 12
44223 11
44224 13
44225 13
44226 6
44227 13
44228 13
44229 11
44230 13
44231 10
44232 12
44233 13
44234 13
44235 9
44236 12
44237 13
44238 11
44239 13
44240 13
44241 11
44242 8
44243 13
44244 9
44245 13
44246 13
44247 11
44248 13
44249 13
44250 11
44251 13
44252 12
44253 1
44254 298
44255 149
44256 102
44257 76
44258 63
44259 52
44260 47
44261 41
44262 38
44263 34
44264 33
44265 29
44266 29
44267 26
44268 26
44269 23
44270 25
44271 22
44272 22
44273 20
44274 21
44275 19
44276 20
44277 18
44278 19
44279 17
44280 18
44281 17
44282 17
44283 16
44284 17
44285 16
44286 17
44287 16
44288 17
44289 15
44290 16
44291 14
44292 16
44293 15
44294 15
44295 14
44296 15
44297 14
44298 15
44299 14
44300 15
44301 15
44302 16
44303 13
44304 14
44305 13
44306 14
44307 13
44308 15
44309 13
44310 14
44311 13
44312 14
44313 13
44314 13
44315 12
44316 14
44317 12
44318 14
44319 12
44320 14
44321 12
44322 14
44323 12
44324 13
44325 14
44326 13
44327 12
44328 14
44329 12
44330 14
44331 13
44332 13
44333 11
44334 13
44335 12
44336 13
44337 12
44338 13
44339 12
44340 13
44341 11
44342 13
44343 12
44344 13
44345 11
44346 13
44347 11
44348 13
44349 11
44350 13
44351 12
44352 13
44353 12
44354 14
44355 11
44356 13
44357 12
44358 13
44359 13
44360 13
44361 11
44362 13
44363 11
44364 12
44365 11
44366 13
44367 11
44368 13
44369 11
44370 14
44371 11
44372 12
44373 11
44374 13
44375 12
44376 13
44377 11
44378 12
44379 11
44380 13
44381 11
44382 13
44383 11
44384 12
44385 11
44386 13
44387 11
44388 14
44389 11
44390 12
44391 13
44392 12
44393 11
44394 13
44395 11
44396 13
44397 11
44398 12
44399 11
44400 13
44401 11
44402 2
44403 11
44404 13
44405 11
44406 12
44407 11
44408 13
44409 11
44410 13
44411 11
44412 12
44413 13
44414 12
44415 11
44416 13
44417 11
44418 13
44419 11
44420 12
44421 11
44422 13
44423 11
44424 13
44425 11
44426 12
44427 11
44428 12
44429 11
44430 13
44431 11
44432 12
44433 11
44434 13
44435 11
44436 13
44437 11
44438 13
44439 11
44440 12
44441 11
44442 13
44443 11
44444 13
44445 12
44446 13
44447 11
44448 13
44449 11
44450 14
44451 11
44452 13
44453 11
44454 13
44455 11
44456 12
44457 11
44458 13
44459 11
44460 13
44461 11
44462 13
44463 11
44464 12
44465 11
44466 13
44467 12
44468 13
44469 11
44470 13
44471 11
44472 13
44473 11
44474 12
44475 11
44476 14
44477 12
44478 13
44479 12
44480 13
44481 11
44482 13
44483 12
44484 13
44485 11
44486 13
44487 11
44488 13
44489 11
44490 13
44491 12
44492 13
44493 12
44494 13
44495 12
44496 13
44497 11
44498 13
44499 13
44500 13
44501 11
44502 13
44503 12
44504 13
44505 11
44506 13
44507 11
44508 13
44509 11
44510 13
44511 12
44512 13
44513 11
44514 12
44515 11
44516 13
44517 11
44518 13
44519 12
44520 13
44521 11
44522 13
44523 11
44524 13
44525 11
44526 13
44527 11
44528 13
44529 11
44530 13
44531 11
44532 12
44533 12
44534 13
44535 11
44536 13
44537 12
44538 13
44539 12
44540 13
44541 12
44542 13
44543 11
44544 13
44545 11
44546 13
44547 11
44548 13
44549 12
44550 13
44551 1
44552 299
44553 151
44554 102
44555 78
44556 64
44557 54
44558 47
44559 42
44560 39
44561 35
44562 32
44563 31
44564 23
44565 27
44566 26
44567 25
44568 24
44569 23
44570 22
44571 22
44572 21
44573 21
44574 13
44575 19
44576 19
44577 13
44578 18
44579 18
44580 19
44581 18
44582 18
44583 17
44584 17
44585 17
44586 16
44587 16
44588 16
44589 16
44590 10
44591 15
44592 15
44593 15
44594 15
44595 15
44596 16
44597 8
44598 15
44599 15
44600 14
44601 15
44602 15
44603 9
44604 14
44605 14
44606 14
44607 14
44608 14
44609 14
44610 14
44611 14
44612 14
44613 14
44614 14
44615 14
44616 8
44617 13
44618 14
44619 14
44620 7
44621 14
44622 14
44623 13
44624 13
44625 13
44626 13
44627 13
44628 13
44629 8
44630 13
44631 14
44632 13
44633 13
44634 13
44635 13
44636 13
44637 13
44638 13
44639 13
44640 13
44641 13
44642 8
44643 7
44644 13
44645 12
44646 13
44647 13
44648 13
44649 13
44650 13
44651 13
44652 13
44653 13
44654 13
44655 9
44656 12
44657 14
44658 13
44659 13
44660 13
44661 13
44662 13
44663 13
44664 13
44665 12
44666 6
44667 13
44668 8
44669 12
44670 13
44671 12
44672 12
44673 13
44674 14
44675 13
44676 13
44677 13
44678 12
44679 13
44680 13
44681 8
44682 12
44683 12
44684 12
44685 13
44686 13
44687 13
44688 13
44689 6
44690 12
44691 12
44692 12
44693 12
44694 8
44695 12
44696 12
44697 12
44698 12
44699 13
44700 13
44701 13
44702 13
44703 12
44704 12
44705 12
44706 12
44707 8
44708 12
44709 12
44710 12
44711 12
44712 6
44713 13
44714 13
44715 13
44716 13
44717 12
44718 12
44719 12
44720 8
44721 12
44722 13
44723 12
44724 13
44725 13
44726 13
44727 13
44728 13
44729 12
44730 12
44731 13
44732 12
44733 8
44734 12
44735 6
44736 12
44737 12
44738 12
44739 13
44740 13
44741 13
44742 12
44743 13
44744 12
44745 12
44746 8
44747 13
44748 13
44749 13
44750 12
44751 12
44752 13
44753 13
44754 13
44755 12
44756 12
44757 13
44758 7
44759 8
44760 13
44761 13
44762 13
44763 12
44764 13
44765 12
44766 13
44767 13
44768 13
44769 12
44770 13
44771 13
44772 8
44773 12
44774 13
44775 12
44776 13
44777 13
44778 12
44779 13
44780 13
44781 7
44782 13
44783 14
44784 13
44785 8
44786 12
44787 13
44788 13
44789 13
44790 13
44791 13
44792 13
44793 13
44794 12
44795 12
44796 13
44797 12
44798 9
44799 13
44800 12
44801 13
44802 12
44803 13
44804 6
44805 13
44806 13
44807 13
44808 13
44809 13
44810 12
44811 8
44812 12
44813 13
44814 12
44815 12
44816 13
44817 13
44818 13
44819 13
44820 13
44821 13
44822 13
44823 13
44824 8
44825 13
44826 13
44827 7
44828 13
44829 13
44830 12
44831 13
44832 13
44833 13
44834 13
44835 13
44836 13
44837 8
44838 12
44839 13
44840 13
44841 13
44842 13
44843 12
44844 13
44845 13
44846 13
44847 12
44848 13
44849 13
44850 1
44851 300
44852 150
44853 100
44854 75
44855 60
44856 50
44857 47
44858 39
44859 36
44860 30
44861 33
44862 25
44863 29
44864 26
44865 20
44866 22
44867 24
44868 19
44869 22
44870 15
44871 19
44872 19
44873 20
44874 14
44875 12
44876 17
44877 16
44878 15
44879 18
44880 10
44881 17
44882 14
44883 15
44884 15
44885 13
44886 11
44887 16
44888 16
44889 14
44890 9
44891 15
44892 13
44893 15
44894 13
44895 9
44896 14
44897 15
44898 10
44899 14
44900 6
44901 13
44902 12
44903 15
44904 11
44905 11
44906 11
44907 13
44908 13
44909 14
44910 5
44911 14
44912 12
44913 12
44914 11
44915 10
44916 10
44917 14
44918 11
44919 11
44920 9
44921 13
44922 8
44923 13
44924 12
44925 4
44926 10
44927 13
44928 9
44929 13
44930 7
44931 11
44932 12
44933 13
44934 8
44935 11
44936 12
44937 12
44938 10
44939 13
44940 6
44941 13
44942 11
44943 11
44944 11
44945 10
44946 9
44947 13
44948 13
44949 11
44950 3
44951 12
44952 10
44953 13
44954 10
44955 7
44956 12
44957 13
44958 8
44959 13
44960 8
44961 11
44962 10
44963 13
44964 9
44965 10
44966 10
44967 11
44968 11
44969 13
44970 4
44971 13
44972 11
44973 11
44974 10
44975 6
44976 9
44977 13
44978 10
44979 11
44980 9
44981 13
44982 8
44983 13
44984 11
44985 8
44986 10
44987 13
44988 9
44989 12
44990 8
44991 11
44992 11
44993 13
44994 8
44995 9
44996 11
44997 11
44998 10
44999 12
45000 2
45001 12
45002 10
45003 11
45004 11
45005 9
45006 8
45007 13
45008 11
45009 11
45010 8
45011 12
45012 9
45013 13
45014 10
45015 8
45016 11
45017 13
45018 8
45019 13
45020 9
45021 11
45022 10
45023 13
45024 9
45025 6
45026 10
45027 11
45028 11
45029 13
45030 4
45031 13
45032 11
45033 11
45034 10
45035 10
45036 9
45037 13
45038 10
45039 11
45040 8
45041 13
45042 8
45043 13
45044 11
45045 7
45046 10
45047 13
45048 9
45049 12
45050 3
45051 11
45052 11
45053 13
45054 9
45055 9
45056 11
45057 11
45058 11
45059 13
45060 6
45061 12
45062 10
45063 11
45064 12
45065 11
45066 8
45067 13
45068 11
45069 11
45070 7
45071 13
45072 9
45073 13
45074 10
45075 4
45076 11
45077 13
45078 8
45079 13
45080 9
45081 11
45082 10
45083 13
45084 9
45085 10
45086 10
45087 12
45088 11
45089 13
45090 5
45091 13
45092 11
45093 11
45094 10
45095 10
45096 9
45097 13
45098 10
45099 11
45100 5
45101 13
45102 8
45103 13
45104 11
45105 7
45106 10
45107 13
45108 9
45109 12
45110 8
45111 11
45112 12
45113 13
45114 8
45115 11
45116 11
45117 12
45118 10
45119 13
45120 6
45121 12
45122 10
45123 11
45124 11
45125 7
45126 8
45127 13
45128 11
45129 11
45130 7
45131 13
45132 9
45133 13
45134 10
45135 9
45136 11
45137 13
45138 8
45139 13
45140 9
45141 11
45142 11
45143 13
45144 10
45145 10
45146 10
45147 11
45148 12
45149 13
45150 1
45151 301
45152 152
45153 103
45154 79
45155 64
45156 54
45157 43
45158 42
45159 39
45160 35
45161 33
45162 31
45163 30
45164 23
45165 26
45166 26
45167 24
45168 23
45169 22
45170 22
45171 17
45172 20
45173 20
45174 19
45175 19
45176 19
45177 20
45178 14
45179 17
45180 17
45181 17
45182 17
45183 17
45184 17
45185 12
45186 16
45187 16
45188 16
45189 16
45190 15
45191 15
45192 11
45193 7
45194 15
45195 15
45196 15
45197 15
45198 15
45199 12
45200 14
45201 15
45202 14
45203 15
45204 14
45205 14
45206 10
45207 14
45208 14
45209 14
45210 14
45211 14
45212 14
45213 10
45214 14
45215 14
45216 13
45217 14
45218 14
45219 14
45220 10
45221 13
45222 13
45223 13
45224 14
45225 13
45226 13
45227 9
45228 13
45229 13
45230 14
45231 13
45232 13
45233 13
45234 9
45235 13
45236 5
45237 13
45238 13
45239 13
45240 13
45241 10
45242 13
45243 13
45244 13
45245 13
45246 12
45247 13
45248 9
45249 13
45250 13
45251 13
45252 13
45253 13
45254 13
45255 9
45256 13
45257 13
45258 13
45259 13
45260 12
45261 12
45262 9
45263 13
45264 13
45265 13
45266 13
45267 12
45268 13
45269 10
45270 12
45271 13
45272 12
45273 13
45274 13
45275 13
45276 9
45277 13
45278 12
45279 5
45280 13
45281 13
45282 13
45283 10
45284 12
45285 13
45286 13
45287 13
45288 12
45289 12
45290 9
45291 12
45292 13
45293 13
45294 13
45295 12
45296 12
45297 9
45298 13
45299 12
45300 12
45301 12
45302 12
45303 12
45304 9
45305 12
45306 12
45307 13
45308 12
45309 13
45310 12
45311 9
45312 12
45313 12
45314 13
45315 13
45316 13
45317 12
45318 9
45319 13
45320 13
45321 13
45322 5
45323 12
45324 13
45325 9
45326 13
45327 12
45328 13
45329 12
45330 13
45331 12
45332 10
45333 13
45334 12
45335 12
45336 13
45337 13
45338 12
45339 9
45340 12
45341 12
45342 13
45343 13
45344 13
45345 13
45346 9
45347 13
45348 12
45349 13
45350 12
45351 13
45352 13
45353 9
45354 13
45355 12
45356 13
45357 13
45358 13
45359 13
45360 9
45361 13
45362 13
45363 12
45364 13
45365 5
45366 13
45367 9
45368 12
45369 13
45370 13
45371 13
45372 13
45373 13
45374 9
45375 13
45376 13
45377 13
45378 13
45379 13
45380 13
45381 9
45382 13
45383 12
45384 13
45385 13
45386 13
45387 13
45388 9
45389 13
45390 13
45391 13
45392 12
45393 13
45394 13
45395 10
45396 13
45397 13
45398 13
45399 13
45400 13
45401 13
45402 10
45403 13
45404 13
45405 13
45406 13
45407 13
45408 5
45409 9
45410 13
45411 12
45412 12
45413 13
45414 13
45415 13
45416 9
45417 13
45418 13
45419 12
45420 13
45421 13
45422 13
45423 9
45424 13
45425 13
45426 13
45427 12
45428 13
45429 13
45430 9
45431 13
45432 13
45433 13
45434 13
45435 13
45436 13
45437 9
45438 13
45439 13
45440 13
45441 12
45442 13
45443 13
45444 9
45445 13
45446 13
45447 13
45448 13
45449 13
45450 13
45451 1
45452 302
45453 151
45454 103
45455 77
45456 64
45457 53
45458 49
45459 41
45460 39
45461 34
45462 33
45463 29
45464 30
45465 26
45466 27
45467 25
45468 25
45469 22
45470 24
45471 20
45472 21
45473 19
45474 20
45475 18
45476 21
45477 17
45478 18
45479 17
45480 18
45481 16
45482 17
45483 16
45484 17
45485 16
45486 17
45487 15
45488 16
45489 14
45490 16
45491 15
45492 16
45493 14
45494 15
45495 14
45496 15
45497 14
45498 15
45499 13
45500 15
45501 13
45502 14
45503 13
45504 15
45505 13
45506 14
45507 13
45508 14
45509 13
45510 14
45511 12
45512 14
45513 13
45514 14
45515 13
45516 14
45517 12
45518 14
45519 12
45520 14
45521 12
45522 13
45523 13
45524 13
45525 12
45526 13
45527 12
45528 14
45529 12
45530 13
45531 12
45532 13
45533 11
45534 13
45535 12
45536 13
45537 12
45538 13
45539 12
45540 13
45541 12
45542 13
45543 11
45544 13
45545 12
45546 13
45547 11
45548 13
45549 13
45550 13
45551 11
45552 13
45553 12
45554 12
45555 11
45556 13
45557 11
45558 13
45559 11
45560 13
45561 11
45562 13
45563 11
45564 13
45565 11
45566 13
45567 11
45568 13
45569 11
45570 13
45571 11
45572 13
45573 11
45574 12
45575 11
45576 13
45577 11
45578 13
45579 11
45580 12
45581 11
45582 13
45583 11
45584 13
45585 11
45586 12
45587 12
45588 13
45589 12
45590 13
45591 11
45592 13
45593 11
45594 13
45595 11
45596 13
45597 11
45598 13
45599 11
45600 12
45601 11
45602 2
45603 11
45604 12
45605 11
45606 13
45607 11
45608 13
45609 11
45610 13
45611 11
45612 13
45613 11
45614 13
45615 11
45616 13
45617 12
45618 12
45619 11
45620 13
45621 11
45622 12
45623 11
45624 12
45625 11
45626 12
45627 11
45628 13
45629 11
45630 12
45631 11
45632 13
45633 11
45634 13
45635 11
45636 13
45637 11
45638 13
45639 11
45640 13
45641 11
45642 13
45643 11
45644 13
45645 11
45646 13
45647 11
45648 13
45649 11
45650 12
45651 11
45652 13
45653 11
45654 13
45655 11
45656 12
45657 11
45658 13
45659 11
45660 13
45661 11
45662 13
45663 11
45664 13
45665 11
45666 13
45667 11
45668 12
45669 11
45670 13
45671 11
45672 13
45673 11
45674 13
45675 11
45676 13
45677 11
45678 13
45679 12
45680 13
45681 11
45682 12
45683 11
45684 13
45685 11
45686 13
45687 11
45688 13
45689 11
45690 13
45691 11
45692 13
45693 11
45694 13
45695 12
45696 13
45697 11
45698 13
45699 11
45700 13
45701 11
45702 12
45703 11
45704 13
45705 11
45706 13
45707 11
45708 13
45709 11
45710 13
45711 12
45712 13
45713 11
45714 13
45715 11
45716 12
45717 12
45718 13
45719 11
45720 12
45721 11
45722 13
45723 11
45724 13
45725 11
45726 13
45727 11
45728 13
45729 11
45730 13
45731 11
45732 13
45733 11
45734 13
45735 12
45736 13
45737 11
45738 13
45739 11
45740 13
45741 11
45742 13
45743 12
45744 13
45745 12
45746 13
45747 12
45748 13
45749 11
45750 13
45751 11
45752 13
45753 1
45754 303
45755 153
45756 101
45757 79
45758 64
45759 52
45760 48
45761 44
45762 36
45763 36
45764 33
45765 29
45766 30
45767 28
45768 24
45769 25
45770 24
45771 21
45772 22
45773 22
45774 19
45775 21
45776 20
45777 17
45778 21
45779 20
45780 17
45781 19
45782 19
45783 15
45784 17
45785 18
45786 14
45787 17
45788 17
45789 14
45790 16
45791 16
45792 14
45793 16
45794 16
45795 13
45796 15
45797 15
45798 13
45799 15
45800 15
45801 13
45802 15
45803 14
45804 13
45805 15
45806 15
45807 12
45808 14
45809 14
45810 12
45811 14
45812 14
45813 12
45814 13
45815 14
45816 13
45817 14
45818 14
45819 12
45820 13
45821 14
45822 12
45823 14
45824 13
45825 13
45826 13
45827 13
45828 11
45829 13
45830 13
45831 11
45832 13
45833 13
45834 11
45835 13
45836 13
45837 11
45838 14
45839 13
45840 11
45841 13
45842 14
45843 11
45844 13
45845 13
45846 11
45847 12
45848 13
45849 10
45850 13
45851 13
45852 11
45853 13
45854 3
45855 11
45856 13
45857 12
45858 10
45859 13
45860 13
45861 12
45862 12
45863 13
45864 11
45865 12
45866 13
45867 11
45868 13
45869 13
45870 11
45871 13
45872 13
45873 10
45874 13
45875 13
45876 10
45877 13
45878 13
45879 10
45880 12
45881 13
45882 11
45883 13
45884 13
45885 10
45886 13
45887 13
45888 11
45889 12
45890 13
45891 10
45892 12
45893 13
45894 11
45895 12
45896 12
45897 10
45898 12
45899 13
45900 12
45901 13
45902 13
45903 10
45904 12
45905 12
45906 10
45907 13
45908 13
45909 12
45910 13
45911 12
45912 10
45913 12
45914 12
45915 11
45916 13
45917 12
45918 10
45919 13
45920 12
45921 11
45922 13
45923 12
45924 10
45925 13
45926 13
45927 11
45928 13
45929 12
45930 10
45931 13
45932 13
45933 10
45934 13
45935 13
45936 10
45937 12
45938 13
45939 10
45940 12
45941 13
45942 11
45943 12
45944 12
45945 11
45946 13
45947 12
45948 12
45949 13
45950 13
45951 10
45952 12
45953 13
45954 11
45955 3
45956 13
45957 11
45958 13
45959 13
45960 10
45961 13
45962 12
45963 11
45964 13
45965 12
45966 11
45967 12
45968 13
45969 10
45970 12
45971 13
45972 10
45973 13
45974 13
45975 10
45976 13
45977 13
45978 10
45979 13
45980 13
45981 11
45982 13
45983 12
45984 11
45985 13
45986 13
45987 11
45988 13
45989 12
45990 12
45991 13
45992 13
45993 11
45994 13
45995 12
45996 12
45997 12
45998 13
45999 11
46000 13
46001 12
46002 10
46003 13
46004 13
46005 11
46006 13
46007 13
46008 11
46009 13
46010 12
46011 10
46012 13
46013 13
46014 12
46015 13
46016 13
46017 12
46018 13
46019 13
46020 10
46021 13
46022 13
46023 10
46024 13
46025 13
46026 11
46027 13
46028 12
46029 11
46030 13
46031 13
46032 10
46033 13
46034 13
46035 10
46036 13
46037 13
46038 11
46039 13
46040 13
46041 12
46042 13
46043 13
46044 11
46045 13
46046 13
46047 10
46048 13
46049 13
46050 11
46051 13
46052 13
46053 11
46054 13
46055 13
46056 1
46057 304
46058 152
46059 104
46060 76
46061 65
46062 53
46063 48
46064 38
46065 39
46066 34
46067 33
46068 28
46069 29
46070 26
46071 26
46072 19
46073 25
46074 23
46075 16
46076 19
46077 21
46078 20
46079 21
46080 15
46081 21
46082 18
46083 19
46084 15
46085 18
46086 17
46087 17
46088 11
46089 17
46090 16
46091 16
46092 14
46093 16
46094 8
46095 16
46096 11
46097 16
46098 14
46099 15
46100 12
46101 15
46102 14
46103 15
46104 9
46105 15
46106 15
46107 15
46108 11
46109 14
46110 13
46111 14
46112 10
46113 8
46114 14
46115 14
46116 11
46117 14
46118 12
46119 14
46120 8
46121 13
46122 12
46123 13
46124 12
46125 14
46126 12
46127 13
46128 10
46129 15
46130 12
46131 14
46132 4
46133 13
46134 12
46135 13
46136 8
46137 13
46138 12
46139 13
46140 10
46141 13
46142 12
46143 13
46144 9
46145 13
46146 12
46147 13
46148 11
46149 13
46150 13
46151 7
46152 7
46153 13
46154 11
46155 13
46156 10
46157 13
46158 11
46159 13
46160 9
46161 12
46162 12
46163 13
46164 10
46165 13
46166 12
46167 13
46168 7
46169 13
46170 5
46171 13
46172 10
46173 13
46174 11
46175 13
46176 9
46177 13
46178 11
46179 13
46180 10
46181 13
46182 12
46183 12
46184 7
46185 12
46186 12
46187 13
46188 10
46189 7
46190 11
46191 12
46192 10
46193 14
46194 11
46195 13
46196 10
46197 13
46198 11
46199 13
46200 7
46201 12
46202 11
46203 13
46204 10
46205 13
46206 11
46207 12
46208 2
46209 12
46210 11
46211 13
46212 10
46213 13
46214 11
46215 12
46216 7
46217 13
46218 11
46219 13
46220 10
46221 13
46222 11
46223 13
46224 10
46225 12
46226 11
46227 7
46228 10
46229 13
46230 12
46231 12
46232 7
46233 12
46234 12
46235 13
46236 10
46237 13
46238 11
46239 12
46240 9
46241 12
46242 11
46243 13
46244 10
46245 13
46246 5
46247 12
46248 7
46249 13
46250 12
46251 13
46252 10
46253 13
46254 12
46255 12
46256 9
46257 13
46258 11
46259 13
46260 10
46261 13
46262 11
46263 13
46264 7
46265 7
46266 12
46267 13
46268 10
46269 13
46270 11
46271 13
46272 9
46273 13
46274 11
46275 13
46276 10
46277 13
46278 12
46279 13
46280 7
46281 12
46282 12
46283 13
46284 4
46285 13
46286 12
46287 13
46288 10
46289 12
46290 12
46291 13
46292 10
46293 13
46294 12
46295 12
46296 7
46297 13
46298 11
46299 13
46300 10
46301 13
46302 11
46303 8
46304 9
46305 13
46306 11
46307 13
46308 10
46309 13
46310 11
46311 13
46312 7
46313 13
46314 12
46315 13
46316 10
46317 13
46318 11
46319 12
46320 9
46321 13
46322 7
46323 13
46324 10
46325 13
46326 11
46327 13
46328 9
46329 12
46330 11
46331 13
46332 11
46333 13
46334 11
46335 13
46336 9
46337 13
46338 12
46339 13
46340 10
46341 7
46342 12
46343 13
46344 7
46345 13
46346 12
46347 13
46348 10
46349 13
46350 11
46351 13
46352 9
46353 13
46354 11
46355 13
46356 10
46357 13
46358 11
46359 13
46360 1
46361 305
46362 154
46363 104
46364 80
46365 61
46366 55
46367 48
46368 44
46369 40
46370 32
46371 33
46372 31
46373 29
46374 28
46375 23
46376 26
46377 25
46378 24
46379 24
46380 19
46381 21
46382 21
46383 21
46384 20
46385 16
46386 19
46387 19
46388 20
46389 18
46390 14
46391 17
46392 18
46393 17
46394 17
46395 13
46396 18
46397 16
46398 16
46399 17
46400 12
46401 16
46402 16
46403 17
46404 15
46405 12
46406 15
46407 15
46408 15
46409 15
46410 11
46411 14
46412 15
46413 15
46414 14
46415 11
46416 14
46417 14
46418 14
46419 14
46420 11
46421 5
46422 14
46423 14
46424 14
46425 11
46426 14
46427 14
46428 14
46429 13
46430 10
46431 14
46432 13
46433 13
46434 13
46435 10
46436 13
46437 13
46438 13
46439 13
46440 11
46441 13
46442 13
46443 13
46444 13
46445 10
46446 13
46447 13
46448 13
46449 13
46450 10
46451 13
46452 13
46453 13
46454 13
46455 11
46456 13
46457 13
46458 13
46459 13
46460 10
46461 13
46462 13
46463 13
46464 13
46465 9
46466 12
46467 13
46468 13
46469 13
46470 10
46471 13
46472 13
46473 13
46474 13
46475 10
46476 13
46477 13
46478 13
46479 13
46480 9
46481 13
46482 4
46483 13
46484 13
46485 10
46486 13
46487 13
46488 12
46489 13
46490 9
46491 12
46492 13
46493 13
46494 13
46495 10
46496 12
46497 13
46498 13
46499 13
46500 9
46501 13
46502 13
46503 12
46504 13
46505 9
46506 13
46507 13
46508 13
46509 12
46510 9
46511 13
46512 12
46513 12
46514 13
46515 9
46516 12
46517 13
46518 13
46519 13
46520 9
46521 14
46522 12
46523 13
46524 13
46525 9
46526 13
46527 13
46528 13
46529 12
46530 10
46531 12
46532 13
46533 13
46534 12
46535 9
46536 13
46537 12
46538 13
46539 13
46540 10
46541 13
46542 13
46543 4
46544 12
46545 9
46546 12
46547 13
46548 13
46549 13
46550 9
46551 13
46552 13
46553 13
46554 13
46555 10
46556 13
46557 13
46558 13
46559 12
46560 9
46561 13
46562 13
46563 13
46564 13
46565 10
46566 13
46567 12
46568 13
46569 13
46570 10
46571 13
46572 13
46573 12
46574 13
46575 9
46576 13
46577 13
46578 12
46579 13
46580 9
46581 13
46582 13
46583 12
46584 13
46585 10
46586 13
46587 12
46588 13
46589 13
46590 10
46591 13
46592 13
46593 13
46594 13
46595 10
46596 13
46597 13
46598 13
46599 13
46600 10
46601 13
46602 13
46603 13
46604 5
46605 11
46606 13
46607 13
46608 13
46609 13
46610 9
46611 13
46612 13
46613 13
46614 13
46615 10
46616 13
46617 13
46618 13
46619 12
46620 10
46621 13
46622 12
46623 13
46624 13
46625 9
46626 13
46627 13
46628 13
46629 13
46630 9
46631 12
46632 12
46633 13
46634 13
46635 10
46636 13
46637 13
46638 13
46639 13
46640 10
46641 13
46642 13
46643 13
46644 13
46645 10
46646 13
46647 13
46648 12
46649 13
46650 10
46651 13
46652 13
46653 13
46654 13
46655 9
46656 13
46657 13
46658 13
46659 13
46660 10
46661 13
46662 13
46663 12
46664 13
46665 1
46666 306
46667 153
46668 102
46669 78
46670 65
46671 51
46672 48
46673 42
46674 34
46675 34
46676 34
46677 27
46678 29
46679 26
46680 24
46681 25
46682 18
46683 17
46684 22
46685 21
46686 19
46687 19
46688 21
46689 16
46690 19
46691 18
46692 14
46693 17
46694 19
46695 14
46696 18
46697 16
46698 15
46699 9
46700 16
46701 10
46702 16
46703 16
46704 13
46705 14
46706 15
46707 12
46708 15
46709 14
46710 11
46711 14
46712 15
46713 11
46714 16
46715 15
46716 6
46717 13
46718 14
46719 8
46720 14
46721 13
46722 12
46723 12
46724 14
46725 10
46726 14
46727 12
46728 9
46729 13
46730 14
46731 10
46732 15
46733 6
46734 12
46735 13
46736 14
46737 8
46738 13
46739 12
46740 13
46741 12
46742 13
46743 10
46744 13
46745 12
46746 9
46747 12
46748 13
46749 10
46750 7
46751 12
46752 11
46753 12
46754 13
46755 7
46756 13
46757 12
46758 11
46759 11
46760 13
46761 9
46762 13
46763 11
46764 9
46765 11
46766 12
46767 3
46768 13
46769 13
46770 11
46771 12
46772 13
46773 7
46774 13
46775 11
46776 11
46777 12
46778 13
46779 9
46780 12
46781 12
46782 8
46783 11
46784 7
46785 10
46786 13
46787 11
46788 11
46789 11
46790 13
46791 7
46792 12
46793 11
46794 10
46795 12
46796 13
46797 10
46798 13
46799 11
46800 8
46801 6
46802 13
46803 10
46804 14
46805 11
46806 10
46807 12
46808 13
46809 8
46810 12
46811 11
46812 12
46813 12
46814 12
46815 9
46816 12
46817 11
46818 2
46819 11
46820 12
46821 9
46822 12
46823 12
46824 11
46825 11
46826 12
46827 8
46828 13
46829 12
46830 10
46831 11
46832 13
46833 10
46834 13
46835 6
46836 8
46837 11
46838 13
46839 10
46840 13
46841 12
46842 10
46843 11
46844 12
46845 7
46846 13
46847 11
46848 11
46849 11
46850 13
46851 10
46852 7
46853 11
46854 8
46855 12
46856 12
46857 9
46858 13
46859 11
46860 11
46861 11
46862 13
46863 7
46864 13
46865 11
46866 10
46867 11
46868 13
46869 3
46870 12
46871 11
46872 9
46873 11
46874 13
46875 9
46876 13
46877 11
46878 11
46879 12
46880 13
46881 7
46882 12
46883 11
46884 11
46885 11
46886 7
46887 10
46888 12
46889 11
46890 8
46891 12
46892 13
46893 9
46894 13
46895 12
46896 12
46897 12
46898 13
46899 8
46900 13
46901 11
46902 11
46903 6
46904 13
46905 10
46906 13
46907 11
46908 9
46909 12
46910 14
46911 10
46912 12
46913 11
46914 11
46915 11
46916 13
46917 7
46918 13
46919 11
46920 5
46921 11
46922 13
46923 9
46924 13
46925 12
46926 9
46927 12
46928 13
46929 10
46930 13
46931 12
46932 10
46933 11
46934 13
46935 8
46936 12
46937 7
46938 11
46939 11
46940 13
46941 10
46942 13
46943 12
46944 9
46945 11
46946 13
46947 9
46948 13
46949 12
46950 11
46951 12
46952 13
46953 8
46954 8
46955 11
46956 11
46957 11
46958 13
46959 10
46960 13
46961 12
46962 9
46963 11
46964 13
46965 9
46966 13
46967 11
46968 11
46969 11
46970 13
46971 1
46972 307
46973 155
46974 105
46975 80
46976 65
46977 55
46978 48
46979 43
46980 39
46981 36
46982 33
46983 31
46984 29
46985 28
46986 27
46987 25
46988 25
46989 23
46990 23
46991 22
46992 21
46993 21
46994 20
46995 20
46996 20
46997 19
46998 19
46999 18
47000 18
47001 18
47002 17
47003 17
47004 17
47005 16
47006 17
47007 17
47008 17
47009 16
47010 16
47011 16
47012 16
47013 16
47014 16
47015 15
47016 15
47017 15
47018 15
47019 15
47020 16
47021 15
47022 15
47023 14
47024 15
47025 14
47026 14
47027 14
47028 14
47029 14
47030 16
47031 15
47032 14
47033 14
47034 14
47035 14
47036 14
47037 14
47038 14
47039 14
47040 14
47041 13
47042 13
47043 13
47044 13
47045 13
47046 14
47047 13
47048 13
47049 13
47050 13
47051 13
47052 13
47053 13
47054 13
47055 13
47056 13
47057 13
47058 13
47059 13
47060 13
47061 13
47062 13
47063 13
47064 13
47065 13
47066 13
47067 13
47068 13
47069 12
47070 13
47071 13
47072 13
47073 13
47074 13
47075 13
47076 13
47077 13
47078 13
47079 12
47080 13
47081 13
47082 13
47083 13
47084 13
47085 13
47086 13
47087 12
47088 13
47089 13
47090 13
47091 12
47092 13
47093 13
47094 13
47095 12
47096 13
47097 13
47098 13
47099 13
47100 13
47101 12
47102 13
47103 13
47104 13
47105 13
47106 13
47107 13
47108 12
47109 12
47110 13
47111 13
47112 13
47113 13
47114 13
47115 13
47116 13
47117 12
47118 13
47119 13
47120 13
47121 13
47122 12
47123 13
47124 12
47125 12
47126 13
47127 12
47128 13
47129 13
47130 13
47131 13
47132 12
47133 13
47134 13
47135 13
47136 13
47137 13
47138 13
47139 13
47140 12
47141 12
47142 13
47143 13
47144 13
47145 13
47146 13
47147 13
47148 12
47149 13
47150 13
47151 12
47152 13
47153 13
47154 12
47155 13
47156 12
47157 13
47158 12
47159 13
47160 13
47161 13
47162 12
47163 13
47164 13
47165 13
47166 13
47167 13
47168 13
47169 13
47170 12
47171 13
47172 13
47173 13
47174 13
47175 13
47176 13
47177 13
47178 13
47179 13
47180 12
47181 13
47182 13
47183 12
47184 13
47185 13
47186 13
47187 13
47188 13
47189 13
47190 13
47191 13
47192 13
47193 12
47194 13
47195 13
47196 12
47197 13
47198 13
47199 13
47200 13
47201 13
47202 13
47203 13
47204 12
47205 13
47206 13
47207 13
47208 13
47209 13
47210 13
47211 13
47212 13
47213 13
47214 13
47215 13
47216 13
47217 12
47218 13
47219 12
47220 13
47221 13
47222 13
47223 13
47224 13
47225 13
47226 13
47227 13
47228 12
47229 13
47230 13
47231 12
47232 13
47233 13
47234 13
47235 12
47236 13
47237 13
47238 13
47239 13
47240 13
47241 13
47242 13
47243 13
47244 13
47245 13
47246 12
47247 13
47248 13
47249 12
47250 13
47251 13
47252 13
47253 13
47254 13
47255 13
47256 13
47257 13
47258 13
47259 13
47260 13
47261 13
47262 13
47263 13
47264 13
47265 13
47266 13
47267 13
47268 13
47269 13
47270 13
47271 13
47272 13
47273 13
47274 13
47275 13
47276 13
47277 13
47278 1
47279 308
47280 154
47281 105
47282 77
47283 65
47284 54
47285 44
47286 40
47287 40
47288 35
47289 28
47290 28
47291 30
47292 22
47293 27
47294 23
47295 26
47296 22
47297 24
47298 19
47299 17
47300 14
47301 21
47302 17
47303 21
47304 17
47305 19
47306 11
47307 18
47308 16
47309 17
47310 14
47311 12
47312 16
47313 13
47314 14
47315 16
47316 14
47317 16
47318 13
47319 16
47320 10
47321 15
47322 7
47323 15
47324 14
47325 15
47326 12
47327 11
47328 15
47329 14
47330 12
47331 16
47332 13
47333 9
47334 7
47335 14
47336 14
47337 14
47338 12
47339 14
47340 12
47341 11
47342 12
47343 14
47344 7
47345 14
47346 12
47347 13
47348 8
47349 14
47350 11
47351 14
47352 12
47353 13
47354 12
47355 4
47356 12
47357 13
47358 10
47359 13
47360 12
47361 13
47362 6
47363 13
47364 12
47365 13
47366 5
47367 13
47368 12
47369 9
47370 10
47371 13
47372 12
47373 13
47374 12
47375 13
47376 9
47377 8
47378 12
47379 13
47380 12
47381 13
47382 10
47383 9
47384 11
47385 13
47386 10
47387 13
47388 7
47389 13
47390 6
47391 13
47392 12
47393 13
47394 10
47395 12
47396 12
47397 9
47398 10
47399 8
47400 11
47401 13
47402 10
47403 13
47404 8
47405 13
47406 10
47407 13
47408 12
47409 12
47410 5
47411 9
47412 11
47413 13
47414 10
47415 13
47416 12
47417 12
47418 6
47419 12
47420 11
47421 9
47422 12
47423 12
47424 11
47425 9
47426 10
47427 13
47428 12
47429 13
47430 10
47431 12
47432 2
47433 12
47434 10
47435 13
47436 12
47437 13
47438 10
47439 9
47440 11
47441 12
47442 12
47443 8
47444 11
47445 12
47446 6
47447 12
47448 12
47449 13
47450 10
47451 13
47452 11
47453 9
47454 5
47455 12
47456 12
47457 13
47458 10
47459 13
47460 8
47461 13
47462 10
47463 13
47464 11
47465 8
47466 10
47467 9
47468 12
47469 12
47470 10
47471 13
47472 12
47473 13
47474 6
47475 13
47476 7
47477 13
47478 10
47479 13
47480 11
47481 9
47482 10
47483 13
47484 12
47485 12
47486 12
47487 8
47488 8
47489 13
47490 12
47491 13
47492 12
47493 12
47494 10
47495 9
47496 12
47497 13
47498 5
47499 12
47500 12
47501 13
47502 6
47503 12
47504 11
47505 13
47506 10
47507 13
47508 12
47509 4
47510 10
47511 13
47512 11
47513 13
47514 10
47515 13
47516 8
47517 13
47518 12
47519 13
47520 7
47521 13
47522 11
47523 9
47524 12
47525 12
47526 10
47527 13
47528 12
47529 13
47530 7
47531 9
47532 12
47533 13
47534 11
47535 13
47536 11
47537 9
47538 10
47539 13
47540 11
47541 13
47542 5
47543 13
47544 8
47545 13
47546 12
47547 13
47548 11
47549 13
47550 10
47551 9
47552 11
47553 10
47554 10
47555 13
47556 12
47557 13
47558 6
47559 13
47560 11
47561 13
47562 11
47563 12
47564 7
47565 9
47566 10
47567 13
47568 11
47569 13
47570 10
47571 13
47572 8
47573 13
47574 10
47575 8
47576 12
47577 13
47578 10
47579 9
47580 12
47581 13
47582 10
47583 13
47584 11
47585 12
47586 1
47587 309
47588 156
47589 103
47590 81
47591 66
47592 53
47593 50
47594 43
47595 37
47596 36
47597 34
47598 29
47599 30
47600 28
47601 24
47602 26
47603 24
47604 21
47605 24
47606 23
47607 19
47608 21
47609 21
47610 19
47611 19
47612 19
47613 17
47614 19
47615 18
47616 16
47617 17
47618 17
47619 15
47620 17
47621 17
47622 14
47623 16
47624 16
47625 14
47626 15
47627 16
47628 13
47629 15
47630 16
47631 13
47632 15
47633 15
47634 13
47635 15
47636 14
47637 13
47638 16
47639 15
47640 12
47641 14
47642 14
47643 12
47644 14
47645 14
47646 12
47647 14
47648 14
47649 11
47650 15
47651 14
47652 11
47653 14
47654 14
47655 12
47656 14
47657 13
47658 11
47659 14
47660 13
47661 13
47662 14
47663 14
47664 11
47665 13
47666 15
47667 11
47668 13
47669 13
47670 11
47671 13
47672 13
47673 12
47674 13
47675 13
47676 11
47677 13
47678 13
47679 11
47680 13
47681 13
47682 12
47683 13
47684 13
47685 11
47686 13
47687 13
47688 10
47689 3
47690 12
47691 11
47692 13
47693 13
47694 11
47695 13
47696 12
47697 10
47698 13
47699 13
47700 11
47701 12
47702 13
47703 11
47704 13
47705 13
47706 11
47707 13
47708 13
47709 11
47710 13
47711 13
47712 11
47713 13
47714 12
47715 12
47716 13
47717 12
47718 10
47719 13
47720 13
47721 11
47722 13
47723 12
47724 10
47725 13
47726 13
47727 10
47728 12
47729 13
47730 10
47731 13
47732 13
47733 10
47734 12
47735 12
47736 10
47737 12
47738 12
47739 11
47740 12
47741 12
47742 11
47743 12
47744 12
47745 10
47746 12
47747 12
47748 10
47749 13
47750 12
47751 10
47752 13
47753 12
47754 10
47755 13
47756 13
47757 10
47758 12
47759 13
47760 10
47761 13
47762 13
47763 10
47764 12
47765 13
47766 11
47767 12
47768 12
47769 10
47770 13
47771 12
47772 11
47773 13
47774 13
47775 11
47776 13
47777 13
47778 11
47779 12
47780 12
47781 11
47782 13
47783 13
47784 10
47785 12
47786 12
47787 10
47788 12
47789 13
47790 11
47791 12
47792 3
47793 10
47794 13
47795 13
47796 10
47797 12
47798 13
47799 10
47800 13
47801 13
47802 11
47803 12
47804 13
47805 11
47806 13
47807 12
47808 11
47809 13
47810 12
47811 11
47812 12
47813 13
47814 10
47815 13
47816 13
47817 11
47818 13
47819 13
47820 11
47821 13
47822 13
47823 11
47824 13
47825 13
47826 11
47827 12
47828 13
47829 11
47830 13
47831 13
47832 10
47833 13
47834 13
47835 11
47836 13
47837 13
47838 10
47839 12
47840 13
47841 11
47842 13
47843 13
47844 11
47845 13
47846 13
47847 11
47848 13
47849 13
47850 10
47851 13
47852 13
47853 11
47854 13
47855 12
47856 11
47857 13
47858 12
47859 10
47860 13
47861 13
47862 11
47863 12
47864 13
47865 11
47866 13
47867 13
47868 11
47869 12
47870 13
47871 11
47872 12
47873 13
47874 10
47875 13
47876 13
47877 11
47878 13
47879 13
47880 11
47881 13
47882 13
47883 11
47884 13
47885 13
47886 11
47887 12
47888 13
47889 11
47890 13
47891 13
47892 11
47893 13
47894 13
47895 1
47896 310
47897 155
47898 106
47899 79
47900 62
47901 54
47902 49
47903 42
47904 40
47905 31
47906 33
47907 30
47908 29
47909 28
47910 23
47911 24
47912 26
47913 23
47914 23
47915 17
47916 22
47917 20
47918 21
47919 19
47920 16
47921 18
47922 19
47923 17
47924 19
47925 13
47926 10
47927 16
47928 17
47929 17
47930 13
47931 15
47932 17
47933 15
47934 16
47935 11
47936 16
47937 14
47938 16
47939 14
47940 13
47941 14
47942 15
47943 13
47944 16
47945 10
47946 15
47947 13
47948 14
47949 13
47950 11
47951 13
47952 14
47953 13
47954 15
47955 9
47956 14
47957 5
47958 14
47959 12
47960 11
47961 13
47962 14
47963 12
47964 13
47965 9
47966 14
47967 12
47968 13
47969 12
47970 11
47971 12
47972 13
47973 12
47974 13
47975 10
47976 15
47977 12
47978 13
47979 12
47980 10
47981 12
47982 13
47983 12
47984 13
47985 9
47986 13
47987 12
47988 6
47989 12
47990 11
47991 12
47992 13
47993 12
47994 13
47995 8
47996 13
47997 11
47998 13
47999 12
48000 10
48001 12
48002 13
48003 12
48004 13
48005 9
48006 12
48007 12
48008 13
48009 12
48010 10
48011 12
48012 13
48013 11
48014 13
48015 8
48016 13
48017 11
48018 13
48019 4
48020 10
48021 12
48022 13
48023 11
48024 13
48025 8
48026 12
48027 11
48028 13
48029 12
48030 10
48031 11
48032 13
48033 11
48034 13
48035 8
48036 13
48037 11
48038 13
48039 11
48040 10
48041 11
48042 13
48043 11
48044 12
48045 8
48046 12
48047 11
48048 13
48049 12
48050 2
48051 12
48052 13
48053 11
48054 12
48055 8
48056 12
48057 11
48058 13
48059 11
48060 10
48061 11
48062 13
48063 11
48064 13
48065 8
48066 12
48067 11
48068 13
48069 11
48070 10
48071 12
48072 13
48073 11
48074 12
48075 8
48076 13
48077 11
48078 13
48079 12
48080 10
48081 4
48082 13
48083 11
48084 13
48085 8
48086 13
48087 11
48088 13
48089 11
48090 10
48091 12
48092 13
48093 12
48094 12
48095 9
48096 12
48097 12
48098 13
48099 12
48100 10
48101 11
48102 13
48103 11
48104 13
48105 8
48106 13
48107 11
48108 13
48109 12
48110 11
48111 12
48112 6
48113 11
48114 12
48115 8
48116 13
48117 11
48118 13
48119 12
48120 10
48121 11
48122 13
48123 11
48124 12
48125 8
48126 13
48127 11
48128 13
48129 12
48130 11
48131 12
48132 13
48133 11
48134 13
48135 8
48136 12
48137 11
48138 13
48139 12
48140 11
48141 12
48142 13
48143 5
48144 13
48145 8
48146 13
48147 11
48148 13
48149 12
48150 10
48151 12
48152 13
48153 12
48154 13
48155 8
48156 13
48157 11
48158 13
48159 12
48160 10
48161 12
48162 13
48163 11
48164 13
48165 10
48166 13
48167 11
48168 13
48169 12
48170 10
48171 12
48172 13
48173 11
48174 6
48175 8
48176 13
48177 11
48178 13
48179 12
48180 10
48181 12
48182 13
48183 11
48184 13
48185 8
48186 13
48187 11
48188 13
48189 12
48190 10
48191 12
48192 13
48193 12
48194 13
48195 8
48196 13
48197 11
48198 13
48199 12
48200 10
48201 11
48202 13
48203 11
48204 13
48205 1
48206 311
48207 157
48208 106
48209 81
48210 66
48211 56
48212 49
48213 45
48214 40
48215 36
48216 34
48217 32
48218 30
48219 28
48220 27
48221 26
48222 25
48223 24
48224 23
48225 23
48226 23
48227 21
48228 21
48229 20
48230 20
48231 19
48232 19
48233 18
48234 18
48235 18
48236 18
48237 18
48238 17
48239 17
48240 16
48241 17
48242 16
48243 16
48244 16
48245 16
48246 16
48247 15
48248 17
48249 15
48250 16
48251 15
48252 15
48253 15
48254 14
48255 14
48256 15
48257 15
48258 15
48259 14
48260 15
48261 14
48262 14
48263 14
48264 14
48265 14
48266 14
48267 14
48268 14
48269 15
48270 14
48271 14
48272 14
48273 14
48274 13
48275 14
48276 13
48277 14
48278 14
48279 13
48280 13
48281 13
48282 13
48283 14
48284 14
48285 13
48286 13
48287 13
48288 13
48289 13
48290 13
48291 13
48292 13
48293 13
48294 14
48295 13
48296 13
48297 13
48298 13
48299 13
48300 13
48301 13
48302 13
48303 13
48304 14
48305 13
48306 13
48307 13
48308 13
48309 13
48310 13
48311 13
48312 13
48313 13
48314 13
48315 13
48316 13
48317 13
48318 13
48319 13
48320 13
48321 13
48322 13
48323 13
48324 13
48325 13
48326 13
48327 13
48328 13
48329 13
48330 13
48331 13
48332 13
48333 13
48334 13
48335 13
48336 13
48337 13
48338 13
48339 13
48340 13
48341 13
48342 13
48343 13
48344 13
48345 13
48346 13
48347 13
48348 13
48349 13
48350 13
48351 13
48352 13
48353 13
48354 13
48355 13
48356 13
48357 13
48358 13
48359 13
48360 13
48361 13
48362 13
48363 13
48364 13
48365 13
48366 13
48367 13
48368 13
48369 13
48370 13
48371 13
48372 13
48373 13
48374 13
48375 13
48376 13
48377 13
48378 13
48379 13
48380 13
48381 13
48382 13
48383 13
48384 13
48385 13
48386 13
48387 13
48388 13
48389 13
48390 13
48391 13
48392 13
48393 13
48394 13
48395 13
48396 13
48397 13
48398 13
48399 13
48400 13
48401 13
48402 13
48403 13
48404 13
48405 13
48406 13
48407 13
48408 13
48409 13
48410 13
48411 13
48412 13
48413 13
48414 13
48415 13
48416 13
48417 13
48418 13
48419 13
48420 13
48421 13
48422 13
48423 13
48424 13
48425 13
48426 13
48427 13
48428 13
48429 13
48430 13
48431 13
48432 13
48433 13
48434 13
48435 13
48436 13
48437 13
48438 13
48439 13
48440 13
48441 13
48442 13
48443 13
48444 13
48445 13
48446 13
48447 13
48448 13
48449 13
48450 13
48451 13
48452 13
48453 13
48454 13
48455 13
48456 13
48457 13
48458 13
48459 13
48460 13
48461 13
48462 13
48463 13
48464 13
48465 13
48466 13
48467 13
48468 13
48469 13
48470 13
48471 13
48472 13
48473 13
48474 13
48475 13
48476 13
48477 13
48478 13
48479 13
48480 13
48481 13
48482 13
48483 13
48484 13
48485 13
48486 13
48487 13
48488 13
48489 13
48490 13
48491 13
48492 13
48493 13
48494 13
48495 13
48496 13
48497 13
48498 13
48499 13
48500 13
48501 13
48502 13
48503 13
48504 13
48505 13
48506 13
48507 13
48508 13
48509 13
48510 13
48511 13
48512 13
48513 13
48514 13
48515 13
48516 1
48517 312
48518 156
48519 104
48520 78
48521 66
48522 52
48523 49
48524 39
48525 37
48526 35
48527 34
48528 26
48529 24
48530 27
48531 25
48532 21
48533 25
48534 20
48535 23
48536 19
48537 19
48538 19
48539 21
48540 13
48541 20
48542 12
48543 17
48544 17
48545 19
48546 14
48547 18
48548 13
48549 15
48550 15
48551 17
48552 11
48553 17
48554 16
48555 8
48556 12
48557 16
48558 12
48559 15
48560 13
48561 13
48562 14
48563 15
48564 8
48565 15
48566 13
48567 14
48568 6
48569 15
48570 11
48571 14
48572 10
48573 12
48574 12
48575 14
48576 9
48577 14
48578 13
48579 12
48580 11
48581 9
48582 10
48583 14
48584 11
48585 12
48586 12
48587 14
48588 7
48589 13
48590 12
48591 13
48592 10
48593 15
48594 4
48595 14
48596 9
48597 11
48598 12
48599 13
48600 8
48601 14
48602 12
48603 11
48604 9
48605 13
48606 10
48607 8
48608 11
48609 12
48610 13
48611 13
48612 7
48613 13
48614 12
48615 11
48616 12
48617 13
48618 10
48619 13
48620 3
48621 10
48622 11
48623 13
48624 9
48625 13
48626 11
48627 11
48628 9
48629 13
48630 9
48631 13
48632 11
48633 5
48634 12
48635 13
48636 6
48637 13
48638 12
48639 11
48640 10
48641 13
48642 9
48643 13
48644 9
48645 10
48646 6
48647 13
48648 8
48649 13
48650 11
48651 11
48652 9
48653 13
48654 10
48655 13
48656 11
48657 11
48658 11
48659 7
48660 6
48661 13
48662 11
48663 10
48664 10
48665 13
48666 11
48667 13
48668 10
48669 10
48670 11
48671 13
48672 2
48673 13
48674 11
48675 10
48676 9
48677 13
48678 11
48679 13
48680 10
48681 10
48682 11
48683 13
48684 6
48685 7
48686 11
48687 11
48688 11
48689 13
48690 10
48691 13
48692 9
48693 11
48694 11
48695 13
48696 8
48697 13
48698 6
48699 10
48700 9
48701 13
48702 9
48703 13
48704 10
48705 11
48706 12
48707 13
48708 6
48709 13
48710 11
48711 5
48712 11
48713 13
48714 9
48715 13
48716 9
48717 11
48718 11
48719 13
48720 9
48721 13
48722 11
48723 10
48724 3
48725 13
48726 10
48727 13
48728 11
48729 11
48730 12
48731 13
48732 7
48733 13
48734 11
48735 11
48736 11
48737 8
48738 9
48739 13
48740 9
48741 10
48742 12
48743 13
48744 8
48745 13
48746 11
48747 10
48748 9
48749 13
48750 4
48751 13
48752 10
48753 10
48754 11
48755 13
48756 7
48757 13
48758 12
48759 10
48760 11
48761 13
48762 9
48763 9
48764 9
48765 11
48766 11
48767 13
48768 8
48769 13
48770 11
48771 11
48772 10
48773 13
48774 10
48775 13
48776 5
48777 10
48778 12
48779 13
48780 6
48781 13
48782 12
48783 11
48784 10
48785 13
48786 10
48787 13
48788 9
48789 7
48790 11
48791 13
48792 8
48793 13
48794 11
48795 11
48796 9
48797 13
48798 9
48799 14
48800 10
48801 10
48802 7
48803 13
48804 7
48805 13
48806 11
48807 11
48808 10
48809 13
48810 11
48811 13
48812 9
48813 11
48814 11
48815 8
48816 8
48817 13
48818 11
48819 10
48820 9
48821 13
48822 10
48823 13
48824 11
48825 11
48826 12
48827 13
48828 1
48829 313
48830 158
48831 107
48832 82
48833 66
48834 56
48835 49
48836 45
48837 40
48838 37
48839 34
48840 32
48841 30
48842 28
48843 27
48844 26
48845 25
48846 24
48847 23
48848 22
48849 21
48850 21
48851 21
48852 20
48853 20
48854 19
48855 19
48856 18
48857 19
48858 18
48859 18
48860 18
48861 18
48862 17
48863 17
48864 17
48865 16
48866 16
48867 16
48868 16
48869 16
48870 16
48871 15
48872 16
48873 15
48874 15
48875 15
48876 15
48877 15
48878 15
48879 15
48880 15
48881 14
48882 14
48883 14
48884 14
48885 15
48886 14
48887 14
48888 14
48889 13
48890 14
48891 14
48892 14
48893 14
48894 13
48895 14
48896 14
48897 13
48898 13
48899 14
48900 13
48901 13
48902 14
48903 14
48904 13
48905 14
48906 13
48907 13
48908 13
48909 13
48910 13
48911 13
48912 14
48913 13
48914 13
48915 13
48916 13
48917 13
48918 14
48919 13
48920 13
48921 13
48922 13
48923 14
48924 13
48925 13
48926 13
48927 14
48928 13
48929 13
48930 13
48931 13
48932 12
48933 13
48934 13
48935 13
48936 13
48937 13
48938 13
48939 13
48940 13
48941 13
48942 12
48943 13
48944 13
48945 13
48946 13
48947 12
48948 13
48949 13
48950 13
48951 13
48952 13
48953 13
48954 13
48955 13
48956 12
48957 13
48958 13
48959 13
48960 13
48961 13
48962 13
48963 13
48964 13
48965 12
48966 13
48967 12
48968 13
48969 13
48970 12
48971 13
48972 12
48973 13
48974 13
48975 12
48976 13
48977 13
48978 12
48979 12
48980 12
48981 13
48982 13
48983 12
48984 13
48985 13
48986 12
48987 13
48988 13
48989 12
48990 12
48991 12
48992 13
48993 13
48994 12
48995 13
48996 13
48997 12
48998 12
48999 12
49000 13
49001 13
49002 12
49003 13
49004 12
49005 13
49006 13
49007 13
49008 13
49009 13
49010 13
49011 13
49012 13
49013 12
49014 13
49015 13
49016 13
49017 13
49018 13
49019 13
49020 13
49021 13
49022 12
49023 13
49024 12
49025 13
49026 13
49027 12
49028 12
49029 13
49030 13
49031 13
49032 13
49033 13
49034 13
49035 13
49036 12
49037 12
49038 12
49039 13
49040 13
49041 13
49042 12
49043 12
49044 12
49045 13
49046 13
49047 13
49048 13
49049 13
49050 13
49051 13
49052 13
49053 13
49054 13
49055 13
49056 13
49057 13
49058 13
49059 13
49060 12
49061 13
49062 13
49063 13
49064 13
49065 13
49066 12
49067 13
49068 13
49069 13
49070 13
49071 13
49072 13
49073 13
49074 13
49075 12
49076 13
49077 13
49078 13
49079 13
49080 13
49081 13
49082 13
49083 13
49084 13
49085 13
49086 13
49087 13
49088 13
49089 13
49090 13
49091 13
49092 12
49093 12
49094 13
49095 13
49096 13
49097 13
49098 13
49099 13
49100 13
49101 13
49102 13
49103 13
49104 13
49105 13
49106 13
49107 14
49108 12
49109 13
49110 13
49111 13
49112 13
49113 13
49114 13
49115 13
49116 13
49117 13
49118 13
49119 13
49120 13
49121 13
49122 13
49123 12
49124 13
49125 13
49126 13
49127 13
49128 13
49129 13
49130 13
49131 13
49132 13
49133 13
49134 13
49135 13
49136 13
49137 13
49138 13
49139 13
49140 13
49141 1
49142 314
49143 157
49144 107
49145 80
49146 67
49147 55
49148 49
49149 43
49150 41
49151 35
49152 34
49153 30
49154 31
49155 27
49156 27
49157 24
49158 26
49159 23
49160 23
49161 21
49162 22
49163 20
49164 21
49165 19
49166 20
49167 18
49168 19
49169 17
49170 20
49171 17
49172 17
49173 17
49174 17
49175 17
49176 16
49177 15
49178 16
49179 16
49180 16
49181 14
49182 16
49183 14
49184 17
49185 14
49186 16
49187 15
49188 16
49189 13
49190 16
49191 14
49192 14
49193 13
49194 15
49195 13
49196 14
49197 13
49198 14
49199 13
49200 14
49201 13
49202 14
49203 13
49204 14
49205 12
49206 14
49207 13
49208 14
49209 12
49210 14
49211 13
49212 14
49213 12
49214 14
49215 12
49216 14
49217 12
49218 14
49219 12
49220 13
49221 12
49222 13
49223 12
49224 14
49225 12
49226 13
49227 12
49228 13
49229 12
49230 13
49231 12
49232 13
49233 12
49234 13
49235 12
49236 13
49237 12
49238 13
49239 12
49240 13
49241 12
49242 13
49243 12
49244 13
49245 12
49246 12
49247 11
49248 13
49249 11
49250 12
49251 11
49252 13
49253 12
49254 13
49255 12
49256 12
49257 12
49258 13
49259 11
49260 13
49261 12
49262 13
49263 11
49264 13
49265 12
49266 13
49267 12
49268 12
49269 12
49270 13
49271 11
49272 13
49273 12
49274 13
49275 12
49276 13
49277 12
49278 13
49279 12
49280 13
49281 11
49282 12
49283 12
49284 13
49285 11
49286 13
49287 11
49288 12
49289 11
49290 13
49291 12
49292 13
49293 12
49294 12
49295 11
49296 13
49297 11
49298 2
49299 12
49300 13
49301 11
49302 12
49303 12
49304 13
49305 12
49306 13
49307 11
49308 12
49309 11
49310 13
49311 11
49312 13
49313 12
49314 12
49315 11
49316 13
49317 11
49318 13
49319 12
49320 13
49321 12
49322 13
49323 11
49324 13
49325 11
49326 13
49327 12
49328 12
49329 11
49330 13
49331 12
49332 13
49333 11
49334 13
49335 11
49336 13
49337 11
49338 13
49339 12
49340 12
49341 12
49342 13
49343 12
49344 13
49345 11
49346 12
49347 11
49348 13
49349 11
49350 12
49351 12
49352 13
49353 12
49354 13
49355 11
49356 13
49357 12
49358 13
49359 12
49360 13
49361 12
49362 13
49363 12
49364 13
49365 12
49366 13
49367 12
49368 13
49369 11
49370 13
49371 12
49372 13
49373 11
49374 12
49375 12
49376 13
49377 12
49378 14
49379 12
49380 12
49381 12
49382 13
49383 12
49384 13
49385 12
49386 13
49387 12
49388 13
49389 12
49390 13
49391 11
49392 13
49393 12
49394 13
49395 12
49396 13
49397 11
49398 12
49399 11
49400 13
49401 12
49402 13
49403 11
49404 12
49405 12
49406 13
49407 11
49408 12
49409 11
49410 13
49411 12
49412 13
49413 12
49414 13
49415 11
49416 13
49417 12
49418 12
49419 11
49420 12
49421 12
49422 13
49423 12
49424 13
49425 11
49426 13
49427 12
49428 13
49429 12
49430 13
49431 12
49432 13
49433 12
49434 13
49435 12
49436 13
49437 12
49438 13
49439 11
49440 13
49441 12
49442 13
49443 12
49444 13
49445 11
49446 13
49447 12
49448 13
49449 12
49450 13
49451 12
49452 13
49453 12
49454 13
49455 1
49456 315
49457 159
49458 105
49459 82
49460 63
49461 54
49462 45
49463 44
49464 35
49465 33
49466 34
49467 30
49468 31
49469 24
49470 21
49471 26
49472 26
49473 19
49474 23
49475 19
49476 15
49477 22
49478 21
49479 19
49480 16
49481 19
49482 14
49483 15
49484 19
49485 12
49486 19
49487 17
49488 15
49489 17
49490 9
49491 12
49492 16
49493 16
49494 14
49495 14
49496 15
49497 9
49498 16
49499 16
49500 7
49501 15
49502 15
49503 13
49504 11
49505 12
49506 12
49507 15
49508 14
49509 10
49510 11
49511 10
49512 12
49513 14
49514 14
49515 9
49516 15
49517 14
49518 5
49519 14
49520 10
49521 12
49522 14
49523 14
49524 12
49525 6
49526 14
49527 9
49528 13
49529 14
49530 8
49531 13
49532 10
49533 11
49534 14
49535 10
49536 10
49537 13
49538 13
49539 7
49540 10
49541 13
49542 11
49543 13
49544 13
49545 5
49546 9
49547 13
49548 11
49549 13
49550 10
49551 11
49552 13
49553 9
49554 8
49555 10
49556 13
49557 11
49558 13
49559 13
49560 3
49561 13
49562 13
49563 9
49564 13
49565 10
49566 12
49567 10
49568 13
49569 12
49570 10
49571 13
49572 9
49573 13
49574 9
49575 7
49576 13
49577 13
49578 11
49579 13
49580 10
49581 4
49582 13
49583 13
49584 12
49585 10
49586 13
49587 10
49588 9
49589 13
49590 5
49591 13
49592 13
49593 10
49594 14
49595 6
49596 12
49597 13
49598 12
49599 8
49600 10
49601 13
49602 8
49603 12
49604 13
49605 7
49606 13
49607 12
49608 9
49609 9
49610 10
49611 11
49612 13
49613 13
49614 11
49615 10
49616 9
49617 9
49618 12
49619 13
49620 7
49621 13
49622 12
49623 8
49624 13
49625 10
49626 8
49627 12
49628 13
49629 12
49630 6
49631 13
49632 10
49633 13
49634 13
49635 5
49636 13
49637 9
49638 10
49639 13
49640 10
49641 12
49642 13
49643 13
49644 4
49645 10
49646 13
49647 11
49648 13
49649 13
49650 7
49651 9
49652 13
49653 9
49654 13
49655 10
49656 12
49657 13
49658 10
49659 11
49660 10
49661 13
49662 9
49663 13
49664 13
49665 3
49666 13
49667 13
49668 11
49669 13
49670 10
49671 8
49672 9
49673 13
49674 11
49675 10
49676 13
49677 11
49678 13
49679 9
49680 5
49681 13
49682 12
49683 11
49684 13
49685 10
49686 7
49687 12
49688 13
49689 8
49690 10
49691 13
49692 11
49693 9
49694 13
49695 8
49696 13
49697 13
49698 9
49699 13
49700 6
49701 11
49702 12
49703 13
49704 11
49705 10
49706 13
49707 5
49708 13
49709 13
49710 9
49711 13
49712 14
49713 11
49714 9
49715 10
49716 9
49717 13
49718 13
49719 12
49720 10
49721 9
49722 10
49723 13
49724 13
49725 5
49726 13
49727 13
49728 8
49729 13
49730 10
49731 11
49732 12
49733 12
49734 8
49735 7
49736 13
49737 10
49738 13
49739 13
49740 7
49741 13
49742 10
49743 10
49744 13
49745 10
49746 11
49747 13
49748 14
49749 7
49750 10
49751 13
49752 9
49753 13
49754 13
49755 8
49756 9
49757 13
49758 11
49759 13
49760 10
49761 8
49762 13
49763 10
49764 11
49765 10
49766 13
49767 10
49768 13
49769 13
49770 1
49771 316
49772 158
49773 108
49774 79
49775 67
49776 55
49777 51
49778 41
49779 40
49780 35
49781 34
49782 29
49783 31
49784 27
49785 27
49786 23
49787 25
49788 23
49789 23
49790 20
49791 22
49792 20
49793 21
49794 17
49795 20
49796 19
49797 19
49798 16
49799 18
49800 17
49801 19
49802 16
49803 17
49804 16
49805 17
49806 14
49807 16
49808 15
49809 16
49810 13
49811 16
49812 14
49813 16
49814 12
49815 15
49816 14
49817 15
49818 12
49819 15
49820 15
49821 15
49822 12
49823 14
49824 13
49825 14
49826 12
49827 14
49828 14
49829 15
49830 11
49831 14
49832 13
49833 14
49834 11
49835 14
49836 12
49837 14
49838 11
49839 13
49840 13
49841 13
49842 11
49843 14
49844 12
49845 13
49846 11
49847 13
49848 12
49849 4
49850 11
49851 13
49852 12
49853 13
49854 11
49855 13
49856 12
49857 13
49858 11
49859 13
49860 12
49861 13
49862 11
49863 13
49864 12
49865 13
49866 10
49867 13
49868 12
49869 13
49870 12
49871 13
49872 12
49873 13
49874 10
49875 13
49876 12
49877 13
49878 12
49879 13
49880 11
49881 12
49882 11
49883 13
49884 11
49885 13
49886 10
49887 13
49888 11
49889 13
49890 10
49891 13
49892 12
49893 13
49894 10
49895 13
49896 12
49897 13
49898 11
49899 13
49900 12
49901 13
49902 10
49903 13
49904 11
49905 13
49906 10
49907 12
49908 11
49909 13
49910 10
49911 13
49912 11
49913 12
49914 11
49915 13
49916 13
49917 13
49918 10
49919 12
49920 11
49921 12
49922 10
49923 13
49924 13
49925 12
49926 10
49927 12
49928 2
49929 12
49930 10
49931 12
49932 13
49933 13
49934 10
49935 12
49936 11
49937 12
49938 10
49939 13
49940 13
49941 13
49942 11
49943 12
49944 11
49945 13
49946 10
49947 13
49948 11
49949 12
49950 10
49951 13
49952 11
49953 13
49954 10
49955 12
49956 12
49957 13
49958 11
49959 13
49960 12
49961 13
49962 10
49963 13
49964 12
49965 13
49966 10
49967 13
49968 11
49969 13
49970 10
49971 12
49972 11
49973 12
49974 11
49975 12
49976 11
49977 13
49978 11
49979 13
49980 11
49981 13
49982 10
49983 13
49984 12
49985 13
49986 10
49987 12
49988 11
49989 13
49990 10
49991 13
49992 12
49993 12
49994 10
49995 13
49996 11
49997 13
49998 10
49999 13
50000 11
50001 13
50002 10
50003 13
50004 11
50005 13
50006 10
50007 4
50008 12
50009 13
50010 10
50011 13
50012 12
50013 13
50014 11
50015 13
50016 11
50017 12
50018 10
50019 13
50020 11
50021 13
50022 10
50023 13
50024 11
50025 13
50026 10
50027 13
50028 11
50029 13
50030 10
50031 13
50032 11
50033 13
50034 10
50035 12
50036 12
50037 13
50038 10
50039 13
50040 11
50041 13
50042 11
50043 13
50044 11
50045 13
50046 11
50047 13
50048 12
50049 12
50050 10
50051 13
50052 11
50053 13
50054 10
50055 13
50056 12
50057 13
50058 10
50059 13
50060 11
50061 13
50062 10
50063 13
50064 12
50065 13
50066 11
50067 13
50068 12
50069 13
50070 11
50071 13
50072 11
50073 13
50074 10
50075 13
50076 12
50077 13
50078 10
50079 13
50080 11
50081 13
50082 11
50083 13
50084 12
50085 13
50086 1
50087 317
50088 160
50089 108
50090 83
50091 67
50092 57
50093 50
50094 44
50095 41
50096 37
50097 35
50098 32
50099 30
50100 29
50101 28
50102 27
50103 25
50104 24
50105 23
50106 22
50107 22
50108 21
50109 21
50110 22
50111 21
50112 19
50113 19
50114 19
50115 18
50116 18
50117 18
50118 17
50119 17
50120 17
50121 17
50122 18
50123 17
50124 16
50125 16
50126 16
50127 16
50128 16
50129 15
50130 16
50131 15
50132 15
50133 15
50134 15
50135 15
50136 15
50137 15
50138 14
50139 15
50140 15
50141 15
50142 14
50143 15
50144 15
50145 14
50146 15
50147 14
50148 14
50149 14
50150 14
50151 14
50152 14
50153 14
50154 14
50155 13
50156 14
50157 14
50158 13
50159 13
50160 13
50161 13
50162 14
50163 14
50164 13
50165 13
50166 13
50167 13
50168 14
50169 14
50170 13
50171 14
50172 13
50173 13
50174 13
50175 13
50176 13
50177 13
50178 14
50179 13
50180 13
50181 13
50182 14
50183 13
50184 13
50185 13
50186 13
50187 13
50188 13
50189 13
50190 13
50191 13
50192 13
50193 13
50194 13
50195 13
50196 13
50197 13
50198 13
50199 13
50200 13
50201 13
50202 13
50203 13
50204 13
50205 13
50206 13
50207 13
50208 13
50209 13
50210 13
50211 13
50212 13
50213 13
50214 13
50215 13
50216 13
50217 13
50218 13
50219 13
50220 13
50221 13
50222 13
50223 13
50224 13
50225 13
50226 13
50227 14
50228 13
50229 13
50230 14
50231 13
50232 13
50233 13
50234 13
50235 13
50236 13
50237 13
50238 13
50239 13
50240 13
50241 13
50242 13
50243 13
50244 13
50245 13
50246 13
50247 13
50248 13
50249 13
50250 13
50251 13
50252 13
50253 13
50254 13
50255 13
50256 13
50257 13
50258 13
50259 14
50260 13
50261 13
50262 13
50263 13
50264 13
50265 13
50266 13
50267 13
50268 13
50269 13
50270 13
50271 13
50272 13
50273 13
50274 13
50275 13
50276 13
50277 13
50278 13
50279 13
50280 13
50281 13
50282 13
50283 13
50284 13
50285 13
50286 13
50287 13
50288 13
50289 13
50290 13
50291 13
50292 13
50293 13
50294 13
50295 13
50296 13
50297 13
50298 13
50299 13
50300 13
50301 13
50302 13
50303 13
50304 13
50305 13
50306 13
50307 13
50308 13
50309 13
50310 13
50311 14
50312 13
50313 13
50314 13
50315 13
50316 13
50317 13
50318 13
50319 13
50320 13
50321 13
50322 13
50323 13
50324 13
50325 13
50326 13
50327 13
50328 13
50329 13
50330 13
50331 13
50332 13
50333 13
50334 13
50335 13
50336 13
50337 13
50338 13
50339 13
50340 13
50341 13
50342 13
50343 13
50344 13
50345 13
50346 13
50347 13
50348 13
50349 13
50350 13
50351 13
50352 13
50353 13
50354 13
50355 13
50356 13
50357 13
50358 13
50359 13
50360 13
50361 13
50362 13
50363 13
50364 13
50365 13
50366 13
50367 13
50368 13
50369 13
50370 13
50371 13
50372 13
50373 13
50374 13
50375 13
50376 13
50377 14
50378 13
50379 13
50380 13
50381 13
50382 13
50383 13
50384 13
50385 13
50386 13
50387 13
50388 13
50389 13
50390 13
50391 13
50392 13
50393 13
50394 13
50395 13
50396 13
50397 13
50398 13
50399 13
50400 13
50401 13
50402 13
50403 1
50404 318
50405 159
50406 106
50407 81
50408 67
50409 53
50410 50
50411 43
50412 38
50413 36
50414 34
50415 28
50416 30
50417 27
50418 25
50419 26
50420 25
50421 20
50422 23
50423 21
50424 21
50425 20
50426 22
50427 17
50428 20
50429 19
50430 17
50431 17
50432 19
50433 14
50434 18
50435 16
50436 15
50437 16
50438 17
50439 13
50440 16
50441 15
50442 15
50443 15
50444 16
50445 12
50446 17
50447 14
50448 13
50449 14
50450 15
50451 11
50452 15
50453 13
50454 14
50455 13
50456 6
50457 12
50458 14
50459 13
50460 12
50461 13
50462 14
50463 11
50464 15
50465 12
50466 12
50467 13
50468 14
50469 11
50470 14
50471 12
50472 12
50473 12
50474 14
50475 10
50476 13
50477 13
50478 11
50479 12
50480 13
50481 10
50482 13
50483 12
50484 13
50485 14
50486 13
50487 10
50488 14
50489 12
50490 11
50491 12
50492 13
50493 10
50494 13
50495 12
50496 11
50497 12
50498 13
50499 10
50500 13
50501 13
50502 11
50503 11
50504 13
50505 11
50506 13
50507 12
50508 11
50509 3
50510 13
50511 10
50512 13
50513 11
50514 10
50515 11
50516 13
50517 9
50518 13
50519 12
50520 11
50521 12
50522 13
50523 9
50524 13
50525 11
50526 11
50527 12
50528 13
50529 9
50530 12
50531 12
50532 11
50533 11
50534 13
50535 9
50536 12
50537 12
50538 11
50539 12
50540 13
50541 10
50542 12
50543 12
50544 10
50545 11
50546 13
50547 11
50548 12
50549 11
50550 11
50551 11
50552 13
50553 11
50554 12
50555 11
50556 11
50557 12
50558 13
50559 9
50560 13
50561 11
50562 2
50563 11
50564 13
50565 9
50566 13
50567 12
50568 11
50569 11
50570 12
50571 11
50572 13
50573 11
50574 11
50575 11
50576 12
50577 11
50578 13
50579 11
50580 10
50581 12
50582 12
50583 9
50584 13
50585 12
50586 11
50587 12
50588 12
50589 9
50590 13
50591 11
50592 10
50593 12
50594 12
50595 9
50596 13
50597 12
50598 11
50599 11
50600 13
50601 9
50602 13
50603 12
50604 11
50605 11
50606 13
50607 9
50608 13
50609 11
50610 10
50611 11
50612 12
50613 10
50614 13
50615 3
50616 11
50617 12
50618 13
50619 11
50620 13
50621 11
50622 11
50623 12
50624 13
50625 10
50626 13
50627 12
50628 11
50629 12
50630 13
50631 10
50632 13
50633 12
50634 11
50635 12
50636 12
50637 9
50638 13
50639 11
50640 11
50641 12
50642 13
50643 10
50644 13
50645 12
50646 11
50647 12
50648 12
50649 9
50650 13
50651 11
50652 12
50653 11
50654 13
50655 10
50656 13
50657 11
50658 11
50659 12
50660 13
50661 11
50662 13
50663 12
50664 12
50665 12
50666 12
50667 10
50668 5
50669 11
50670 11
50671 12
50672 13
50673 9
50674 13
50675 11
50676 11
50677 11
50678 13
50679 10
50680 13
50681 11
50682 10
50683 11
50684 13
50685 10
50686 13
50687 12
50688 11
50689 12
50690 13
50691 9
50692 13
50693 11
50694 11
50695 12
50696 13
50697 11
50698 13
50699 12
50700 11
50701 12
50702 13
50703 9
50704 13
50705 11
50706 11
50707 12
50708 13
50709 9
50710 13
50711 12
50712 11
50713 12
50714 13
50715 10
50716 13
50717 11
50718 11
50719 12
50720 13
50721 1
50722 319
50723 161
50724 109
50725 83
50726 68
50727 57
50728 50
50729 46
50730 41
50731 37
50732 29
50733 32
50734 30
50735 29
50736 27
50737 26
50738 26
50739 24
50740 23
50741 23
50742 22
50743 16
50744 21
50745 20
50746 20
50747 19
50748 19
50749 19
50750 11
50751 18
50752 18
50753 18
50754 12
50755 17
50756 17
50757 17
50758 17
50759 17
50760 16
50761 16
50762 16
50763 16
50764 15
50765 11
50766 15
50767 15
50768 15
50769 15
50770 15
50771 15
50772 15
50773 14
50774 15
50775 14
50776 10
50777 14
50778 14
50779 7
50780 14
50781 14
50782 14
50783 14
50784 14
50785 14
50786 14
50787 9
50788 14
50789 14
50790 14
50791 13
50792 14
50793 14
50794 14
50795 14
50796 13
50797 13
50798 10
50799 14
50800 14
50801 13
50802 14
50803 13
50804 13
50805 13
50806 13
50807 13
50808 6
50809 8
50810 13
50811 13
50812 13
50813 14
50814 13
50815 13
50816 14
50817 13
50818 13
50819 13
50820 9
50821 13
50822 14
50823 13
50824 13
50825 13
50826 13
50827 13
50828 13
50829 13
50830 13
50831 8
50832 13
50833 13
50834 13
50835 13
50836 13
50837 6
50838 13
50839 13
50840 13
50841 12
50842 8
50843 13
50844 13
50845 13
50846 13
50847 13
50848 13
50849 13
50850 12
50851 13
50852 13
50853 8
50854 13
50855 13
50856 13
50857 13
50858 13
50859 13
50860 14
50861 13
50862 13
50863 13
50864 9
50865 13
50866 6
50867 13
50868 13
50869 13
50870 12
50871 13
50872 12
50873 13
50874 13
50875 8
50876 13
50877 13
50878 13
50879 13
50880 13
50881 13
50882 13
50883 13
50884 13
50885 13
50886 8
50887 13
50888 13
50889 12
50890 13
50891 12
50892 13
50893 13
50894 12
50895 6
50896 13
50897 9
50898 13
50899 13
50900 13
50901 13
50902 13
50903 13
50904 13
50905 13
50906 13
50907 13
50908 8
50909 13
50910 13
50911 12
50912 13
50913 13
50914 13
50915 13
50916 13
50917 13
50918 13
50919 8
50920 12
50921 13
50922 13
50923 13
50924 6
50925 13
50926 13
50927 13
50928 13
50929 13
50930 8
50931 13
50932 13
50933 13
50934 13
50935 13
50936 13
50937 13
50938 13
50939 13
50940 13
50941 9
50942 13
50943 13
50944 13
50945 13
50946 12
50947 13
50948 13
50949 13
50950 13
50951 13
50952 8
50953 6
50954 13
50955 13
50956 13
50957 13
50958 13
50959 13
50960 13
50961 13
50962 13
50963 9
50964 13
50965 13
50966 12
50967 13
50968 13
50969 13
50970 13
50971 13
50972 13
50973 13
50974 9
50975 13
50976 13
50977 13
50978 12
50979 13
50980 13
50981 13
50982 7
50983 13
50984 13
50985 10
50986 13
50987 13
50988 13
50989 13
50990 13
50991 13
50992 13
50993 13
50994 13
50995 13
50996 10
50997 13
50998 13
50999 13
51000 13
51001 13
51002 13
51003 13
51004 13
51005 13
51006 13
51007 8
51008 13
51009 13
51010 12
51011 6
51012 12
51013 13
51014 13
51015 13
51016 13
51017 13
51018 8
51019 13
51020 13
51021 13
51022 13
51023 13
51024 13
51025 13
51026 13
51027 13
51028 13
51029 9
51030 13
51031 13
51032 13
51033 13
51034 13
51035 13
51036 13
51037 13
51038 13
51039 13
51040 1
51041 320
51042 160
51043 109
51044 80
51045 64
51046 56
51047 50
51048 40
51049 41
51050 32
51051 35
51052 29
51053 30
51054 27
51055 24
51056 20
51057 25
51058 23
51059 23
51060 16
51061 22
51062 20
51063 21
51064 16
51065 17
51066 19
51067 19
51068 16
51069 19
51070 13
51071 18
51072 10
51073 18
51074 16
51075 15
51076 15
51077 16
51078 15
51079 16
51080 8
51081 16
51082 14
51083 17
51084 13
51085 12
51086 14
51087 15
51088 9
51089 15
51090 10
51091 15
51092 13
51093 15
51094 15
51095 12
51096 10
51097 14
51098 13
51099 14
51100 8
51101 14
51102 14
51103 14
51104 5
51105 11
51106 12
51107 14
51108 11
51109 14
51110 9
51111 14
51112 10
51113 13
51114 12
51115 10
51116 12
51117 13
51118 12
51119 13
51120 4
51121 15
51122 12
51123 13
51124 12
51125 11
51126 12
51127 13
51128 9
51129 14
51130 9
51131 13
51132 11
51133 13
51134 12
51135 10
51136 6
51137 13
51138 13
51139 14
51140 7
51141 13
51142 12
51143 13
51144 9
51145 10
51146 12
51147 13
51148 10
51149 13
51150 8
51151 12
51152 7
51153 13
51154 11
51155 10
51156 11
51157 13
51158 11
51159 13
51160 5
51161 12
51162 11
51163 13
51164 10
51165 10
51166 12
51167 13
51168 4
51169 12
51170 8
51171 13
51172 10
51173 13
51174 12
51175 10
51176 9
51177 13
51178 12
51179 14
51180 7
51181 13
51182 11
51183 13
51184 8
51185 10
51186 11
51187 13
51188 10
51189 13
51190 9
51191 12
51192 8
51193 13
51194 12
51195 10
51196 10
51197 13
51198 11
51199 12
51200 2
51201 12
51202 11
51203 13
51204 10
51205 10
51206 12
51207 13
51208 8
51209 12
51210 9
51211 13
51212 10
51213 13
51214 11
51215 10
51216 8
51217 13
51218 11
51219 13
51220 7
51221 13
51222 11
51223 13
51224 9
51225 10
51226 12
51227 13
51228 10
51229 13
51230 8
51231 12
51232 4
51233 13
51234 11
51235 10
51236 10
51237 13
51238 11
51239 12
51240 5
51241 12
51242 11
51243 13
51244 11
51245 10
51246 11
51247 13
51248 7
51249 12
51250 8
51251 13
51252 10
51253 13
51254 12
51255 10
51256 9
51257 13
51258 11
51259 13
51260 7
51261 14
51262 11
51263 13
51264 6
51265 10
51266 12
51267 13
51268 10
51269 13
51270 9
51271 12
51272 8
51273 13
51274 12
51275 10
51276 11
51277 13
51278 11
51279 13
51280 4
51281 13
51282 11
51283 13
51284 11
51285 10
51286 12
51287 13
51288 9
51289 13
51290 9
51291 13
51292 10
51293 13
51294 12
51295 10
51296 5
51297 13
51298 11
51299 13
51300 8
51301 14
51302 11
51303 13
51304 9
51305 11
51306 12
51307 13
51308 10
51309 14
51310 8
51311 12
51312 7
51313 13
51314 12
51315 11
51316 12
51317 13
51318 11
51319 13
51320 7
51321 13
51322 11
51323 13
51324 10
51325 10
51326 11
51327 13
51328 6
51329 13
51330 8
51331 13
51332 10
51333 13
51334 12
51335 10
51336 9
51337 13
51338 11
51339 14
51340 7
51341 14
51342 12
51343 13
51344 9
51345 10
51346 12
51347 13
51348 10
51349 13
51350 9
51351 13
51352 9
51353 13
51354 12
51355 10
51356 10
51357 13
51358 12
51359 13
51360 1
51361 321
51362 162
51363 107
51364 84
51365 68
51366 55
51367 50
51368 46
51369 38
51370 37
51371 34
51372 30
51373 31
51374 29
51375 25
51376 27
51377 26
51378 22
51379 25
51380 23
51381 20
51382 22
51383 21
51384 18
51385 20
51386 19
51387 18
51388 19
51389 18
51390 16
51391 19
51392 18
51393 15
51394 17
51395 17
51396 15
51397 17
51398 16
51399 15
51400 16
51401 16
51402 14
51403 16
51404 15
51405 14
51406 15
51407 15
51408 13
51409 15
51410 15
51411 13
51412 15
51413 14
51414 13
51415 14
51416 15
51417 12
51418 14
51419 14
51420 12
51421 15
51422 14
51423 12
51424 14
51425 14
51426 12
51427 14
51428 14
51429 12
51430 14
51431 14
51432 11
51433 14
51434 14
51435 12
51436 14
51437 14
51438 11
51439 13
51440 13
51441 11
51442 14
51443 13
51444 12
51445 13
51446 13
51447 12
51448 13
51449 13
51450 11
51451 13
51452 13
51453 11
51454 13
51455 14
51456 11
51457 13
51458 13
51459 11
51460 13
51461 13
51462 11
51463 13
51464 13
51465 11
51466 13
51467 3
51468 11
51469 13
51470 13
51471 11
51472 13
51473 13
51474 11
51475 13
51476 13
51477 11
51478 13
51479 13
51480 11
51481 13
51482 12
51483 11
51484 13
51485 13
51486 11
51487 13
51488 13
51489 11
51490 12
51491 12
51492 11
51493 13
51494 13
51495 11
51496 12
51497 13
51498 11
51499 13
51500 13
51501 11
51502 13
51503 13
51504 11
51505 13
51506 13
51507 11
51508 13
51509 13
51510 11
51511 12
51512 12
51513 11
51514 13
51515 13
51516 11
51517 13
51518 12
51519 11
51520 12
51521 12
51522 11
51523 12
51524 13
51525 11
51526 13
51527 13
51528 11
51529 12
51530 12
51531 11
51532 13
51533 13
51534 11
51535 13
51536 13
51537 11
51538 13
51539 13
51540 11
51541 13
51542 13
51543 11
51544 13
51545 12
51546 11
51547 13
51548 13
51549 11
51550 12
51551 12
51552 11
51553 13
51554 13
51555 11
51556 12
51557 13
51558 11
51559 12
51560 13
51561 11
51562 13
51563 13
51564 11
51565 13
51566 13
51567 11
51568 12
51569 13
51570 11
51571 13
51572 13
51573 11
51574 3
51575 13
51576 11
51577 13
51578 13
51579 11
51580 13
51581 12
51582 11
51583 12
51584 13
51585 11
51586 12
51587 13
51588 11
51589 13
51590 13
51591 11
51592 13
51593 13
51594 11
51595 13
51596 13
51597 11
51598 13
51599 13
51600 11
51601 12
51602 13
51603 11
51604 13
51605 13
51606 11
51607 12
51608 13
51609 11
51610 13
51611 13
51612 11
51613 13
51614 13
51615 11
51616 12
51617 13
51618 11
51619 13
51620 13
51621 11
51622 13
51623 13
51624 11
51625 13
51626 13
51627 11
51628 13
51629 13
51630 11
51631 13
51632 12
51633 11
51634 13
51635 13
51636 11
51637 13
51638 13
51639 11
51640 13
51641 13
51642 11
51643 13
51644 13
51645 11
51646 13
51647 12
51648 11
51649 12
51650 13
51651 11
51652 13
51653 13
51654 11
51655 13
51656 13
51657 11
51658 13
51659 13
51660 11
51661 13
51662 13
51663 11
51664 13
51665 13
51666 11
51667 13
51668 13
51669 11
51670 13
51671 13
51672 11
51673 13
51674 13
51675 11
51676 13
51677 13
51678 11
51679 13
51680 13
51681 1
51682 322
51683 161
51684 110
51685 82
51686 68
51687 56
51688 46
51689 44
51690 41
51691 36
51692 35
51693 31
51694 31
51695 23
51696 28
51697 26
51698 26
51699 24
51700 23
51701 21
51702 18
51703 20
51704 14
51705 19
51706 20
51707 18
51708 21
51709 13
51710 18
51711 17
51712 18
51713 17
51714 18
51715 17
51716 13
51717 16
51718 17
51719 15
51720 16
51721 15
51722 16
51723 10
51724 16
51725 15
51726 16
51727 7
51728 15
51729 14
51730 11
51731 14
51732 15
51733 13
51734 15
51735 13
51736 14
51737 9
51738 14
51739 14
51740 14
51741 13
51742 15
51743 14
51744 10
51745 13
51746 14
51747 13
51748 14
51749 12
51750 7
51751 8
51752 14
51753 14
51754 14
51755 12
51756 14
51757 12
51758 9
51759 12
51760 14
51761 12
51762 13
51763 12
51764 13
51765 8
51766 13
51767 12
51768 13
51769 12
51770 13
51771 12
51772 9
51773 5
51774 13
51775 12
51776 13
51777 12
51778 13
51779 8
51780 13
51781 11
51782 13
51783 11
51784 13
51785 11
51786 9
51787 12
51788 13
51789 12
51790 13
51791 12
51792 13
51793 9
51794 13
51795 12
51796 7
51797 11
51798 13
51799 11
51800 9
51801 11
51802 13
51803 12
51804 13
51805 12
51806 13
51807 8
51808 13
51809 11
51810 13
51811 11
51812 13
51813 11
51814 9
51815 11
51816 13
51817 12
51818 13
51819 5
51820 13
51821 8
51822 13
51823 11
51824 13
51825 11
51826 13
51827 11
51828 9
51829 11
51830 13
51831 11
51832 13
51833 11
51834 13
51835 8
51836 13
51837 11
51838 13
51839 12
51840 13
51841 11
51842 2
51843 11
51844 13
51845 11
51846 13
51847 11
51848 13
51849 8
51850 13
51851 11
51852 13
51853 11
51854 13
51855 11
51856 9
51857 11
51858 13
51859 11
51860 13
51861 11
51862 13
51863 8
51864 13
51865 5
51866 13
51867 12
51868 13
51869 11
51870 9
51871 11
51872 13
51873 11
51874 13
51875 11
51876 13
51877 8
51878 13
51879 12
51880 13
51881 11
51882 13
51883 11
51884 9
51885 11
51886 13
51887 11
51888 7
51889 12
51890 13
51891 8
51892 13
51893 11
51894 13
51895 12
51896 13
51897 12
51898 9
51899 11
51900 13
51901 11
51902 13
51903 11
51904 13
51905 8
51906 13
51907 12
51908 13
51909 11
51910 13
51911 5
51912 9
51913 12
51914 13
51915 12
51916 13
51917 11
51918 13
51919 8
51920 13
51921 12
51922 13
51923 12
51924 13
51925 11
51926 9
51927 12
51928 13
51929 11
51930 13
51931 11
51932 13
51933 8
51934 7
51935 11
51936 14
51937 12
51938 13
51939 11
51940 9
51941 12
51942 13
51943 11
51944 13
51945 11
51946 13
51947 9
51948 13
51949 12
51950 13
51951 12
51952 13
51953 11
51954 9
51955 11
51956 13
51957 5
51958 13
51959 11
51960 13
51961 8
51962 13
51963 12
51964 13
51965 11
51966 13
51967 12
51968 9
51969 13
51970 13
51971 11
51972 13
51973 11
51974 13
51975 8
51976 13
51977 11
51978 13
51979 11
51980 7
51981 12
51982 9
51983 12
51984 13
51985 11
51986 13
51987 11
51988 13
51989 8
51990 13
51991 11
51992 13
51993 12
51994 13
51995 12
51996 9
51997 12
51998 13
51999 11
52000 13
52001 11
52002 13
52003 1
52004 323
52005 163
52006 110
52007 84
52008 68
52009 58
52010 52
52011 45
52012 42
52013 38
52014 35
52015 33
52016 30
52017 29
52018 28
52019 26
52020 19
52021 25
52022 17
52023 23
52024 22
52025 21
52026 21
52027 20
52028 20
52029 20
52030 19
52031 19
52032 19
52033 18
52034 18
52035 19
52036 17
52037 11
52038 18
52039 17
52040 17
52041 10
52042 16
52043 16
52044 18
52045 16
52046 16
52047 15
52048 15
52049 15
52050 15
52051 16
52052 16
52053 15
52054 9
52055 15
52056 15
52057 15
52058 14
52059 15
52060 8
52061 14
52062 14
52063 14
52064 15
52065 14
52066 14
52067 14
52068 14
52069 14
52070 15
52071 8
52072 14
52073 14
52074 14
52075 14
52076 14
52077 13
52078 13
52079 8
52080 14
52081 13
52082 13
52083 13
52084 13
52085 14
52086 13
52087 13
52088 8
52089 13
52090 13
52091 14
52092 13
52093 13
52094 13
52095 13
52096 13
52097 13
52098 7
52099 13
52100 14
52101 13
52102 14
52103 13
52104 13
52105 7
52106 13
52107 13
52108 13
52109 13
52110 13
52111 13
52112 13
52113 13
52114 13
52115 13
52116 13
52117 7
52118 13
52119 13
52120 13
52121 13
52122 7
52123 13
52124 13
52125 13
52126 13
52127 13
52128 13
52129 13
52130 13
52131 13
52132 12
52133 13
52134 13
52135 13
52136 7
52137 13
52138 13
52139 7
52140 13
52141 13
52142 13
52143 13
52144 13
52145 14
52146 13
52147 13
52148 13
52149 13
52150 12
52151 13
52152 13
52153 13
52154 13
52155 8
52156 7
52157 13
52158 13
52159 12
52160 13
52161 13
52162 12
52163 13
52164 13
52165 13
52166 13
52167 12
52168 13
52169 13
52170 12
52171 13
52172 13
52173 7
52174 8
52175 13
52176 13
52177 13
52178 13
52179 12
52180 13
52181 13
52182 13
52183 13
52184 13
52185 13
52186 13
52187 13
52188 13
52189 13
52190 7
52191 13
52192 13
52193 7
52194 13
52195 13
52196 13
52197 12
52198 13
52199 13
52200 13
52201 12
52202 13
52203 13
52204 13
52205 13
52206 13
52207 7
52208 13
52209 13
52210 12
52211 13
52212 7
52213 13
52214 13
52215 13
52216 13
52217 13
52218 13
52219 13
52220 13
52221 13
52222 13
52223 13
52224 7
52225 13
52226 13
52227 13
52228 13
52229 13
52230 13
52231 7
52232 13
52233 13
52234 13
52235 12
52236 13
52237 13
52238 13
52239 13
52240 13
52241 7
52242 13
52243 13
52244 13
52245 13
52246 13
52247 12
52248 13
52249 13
52250 8
52251 13
52252 13
52253 13
52254 13
52255 13
52256 13
52257 13
52258 7
52259 13
52260 13
52261 12
52262 13
52263 13
52264 13
52265 12
52266 13
52267 13
52268 13
52269 7
52270 13
52271 13
52272 13
52273 13
52274 13
52275 7
52276 13
52277 13
52278 13
52279 13
52280 13
52281 13
52282 13
52283 13
52284 13
52285 13
52286 13
52287 14
52288 8
52289 13
52290 13
52291 13
52292 9
52293 13
52294 13
52295 13
52296 13
52297 13
52298 13
52299 13
52300 13
52301 13
52302 13
52303 13
52304 13
52305 13
52306 13
52307 8
52308 13
52309 7
52310 13
52311 13
52312 13
52313 13
52314 13
52315 13
52316 13
52317 13
52318 13
52319 13
52320 13
52321 13
52322 13
52323 13
52324 13
52325 13
52326 1
52327 324
52328 162
52329 108
52330 81
52331 69
52332 54
52333 51
52334 42
52335 36
52336 36
52337 35
52338 27
52339 31
52340 29
52341 25
52342 24
52343 26
52344 18
52345 25
52346 20
52347 20
52348 20
52349 21
52350 15
52351 20
52352 18
52353 12
52354 16
52355 19
52356 15
52357 18
52358 16
52359 16
52360 17
52361 17
52362 9
52363 17
52364 15
52365 15
52366 13
52367 16
52368 12
52369 16
52370 13
52371 11
52372 14
52373 15
52374 10
52375 15
52376 14
52377 13
52378 13
52379 15
52380 6
52381 14
52382 12
52383 12
52384 13
52385 15
52386 9
52387 15
52388 13
52389 11
52390 12
52391 14
52392 10
52393 14
52394 12
52395 12
52396 13
52397 14
52398 6
52399 14
52400 13
52401 13
52402 12
52403 14
52404 11
52405 13
52406 11
52407 4
52408 12
52409 13
52410 8
52411 14
52412 12
52413 11
52414 10
52415 14
52416 7
52417 13
52418 11
52419 11
52420 12
52421 13
52422 8
52423 13
52424 12
52425 9
52426 10
52427 13
52428 9
52429 13
52430 10
52431 11
52432 11
52433 13
52434 3
52435 13
52436 12
52437 11
52438 12
52439 13
52440 9
52441 12
52442 11
52443 9
52444 11
52445 13
52446 8
52447 13
52448 11
52449 11
52450 10
52451 12
52452 7
52453 13
52454 11
52455 11
52456 12
52457 13
52458 8
52459 13
52460 12
52461 6
52462 10
52463 12
52464 9
52465 12
52466 10
52467 11
52468 11
52469 13
52470 6
52471 13
52472 12
52473 11
52474 10
52475 12
52476 11
52477 13
52478 10
52479 10
52480 11
52481 13
52482 8
52483 13
52484 11
52485 11
52486 10
52487 13
52488 2
52489 13
52490 10
52491 11
52492 11
52493 13
52494 8
52495 13
52496 11
52497 10
52498 10
52499 13
52500 10
52501 12
52502 10
52503 11
52504 12
52505 13
52506 6
52507 13
52508 11
52509 11
52510 10
52511 12
52512 9
52513 12
52514 10
52515 6
52516 11
52517 13
52518 8
52519 13
52520 12
52521 11
52522 11
52523 12
52524 7
52525 12
52526 10
52527 11
52528 11
52529 13
52530 8
52531 13
52532 11
52533 9
52534 11
52535 12
52536 9
52537 13
52538 11
52539 11
52540 12
52541 13
52542 3
52543 13
52544 11
52545 11
52546 10
52547 12
52548 9
52549 12
52550 10
52551 9
52552 12
52553 13
52554 8
52555 13
52556 11
52557 11
52558 10
52559 13
52560 7
52561 12
52562 10
52563 11
52564 11
52565 13
52566 8
52567 13
52568 11
52569 4
52570 10
52571 13
52572 9
52573 12
52574 10
52575 11
52576 11
52577 13
52578 6
52579 13
52580 11
52581 11
52582 10
52583 13
52584 9
52585 13
52586 10
52587 10
52588 12
52589 13
52590 8
52591 13
52592 12
52593 11
52594 12
52595 12
52596 5
52597 13
52598 10
52599 11
52600 12
52601 13
52602 8
52603 13
52604 11
52605 10
52606 10
52607 13
52608 10
52609 13
52610 10
52611 11
52612 11
52613 13
52614 7
52615 13
52616 12
52617 11
52618 10
52619 13
52620 9
52621 13
52622 10
52623 7
52624 12
52625 13
52626 10
52627 13
52628 11
52629 11
52630 11
52631 13
52632 8
52633 13
52634 12
52635 11
52636 12
52637 13
52638 8
52639 13
52640 12
52641 9
52642 10
52643 13
52644 10
52645 13
52646 10
52647 11
52648 12
52649 13
52650 1
52651 325
52652 164
52653 111
52654 85
52655 65
52656 58
52657 51
52658 45
52659 41
52660 34
52661 35
52662 33
52663 25
52664 29
52665 24
52666 27
52667 27
52668 24
52669 23
52670 20
52671 22
52672 22
52673 21
52674 20
52675 13
52676 14
52677 19
52678 19
52679 19
52680 15
52681 18
52682 17
52683 17
52684 17
52685 14
52686 17
52687 16
52688 17
52689 11
52690 14
52691 16
52692 16
52693 16
52694 15
52695 13
52696 15
52697 17
52698 16
52699 15
52700 8
52701 15
52702 10
52703 16
52704 15
52705 11
52706 15
52707 15
52708 14
52709 15
52710 11
52711 14
52712 14
52713 14
52714 15
52715 5
52716 14
52717 14
52718 14
52719 14
52720 11
52721 14
52722 14
52723 14
52724 14
52725 7
52726 14
52727 14
52728 8
52729 14
52730 11
52731 13
52732 13
52733 13
52734 13
52735 10
52736 13
52737 13
52738 13
52739 13
52740 10
52741 8
52742 14
52743 13
52744 13
52745 10
52746 13
52747 13
52748 13
52749 13
52750 7
52751 13
52752 13
52753 13
52754 9
52755 10
52756 13
52757 13
52758 13
52759 13
52760 10
52761 13
52762 13
52763 13
52764 13
52765 11
52766 13
52767 8
52768 13
52769 13
52770 10
52771 13
52772 13
52773 13
52774 13
52775 6
52776 13
52777 13
52778 13
52779 13
52780 4
52781 13
52782 13
52783 13
52784 13
52785 10
52786 13
52787 13
52788 13
52789 13
52790 10
52791 13
52792 13
52793 8
52794 13
52795 11
52796 13
52797 13
52798 13
52799 13
52800 6
52801 13
52802 13
52803 13
52804 13
52805 10
52806 8
52807 13
52808 13
52809 13
52810 10
52811 13
52812 13
52813 13
52814 13
52815 10
52816 13
52817 13
52818 13
52819 8
52820 10
52821 13
52822 13
52823 13
52824 13
52825 6
52826 13
52827 13
52828 13
52829 13
52830 11
52831 13
52832 8
52833 13
52834 13
52835 10
52836 13
52837 13
52838 13
52839 13
52840 10
52841 13
52842 13
52843 13
52844 13
52845 4
52846 13
52847 13
52848 13
52849 13
52850 6
52851 13
52852 13
52853 13
52854 13
52855 10
52856 13
52857 13
52858 8
52859 13
52860 10
52861 13
52862 13
52863 13
52864 13
52865 10
52866 13
52867 13
52868 13
52869 13
52870 10
52871 9
52872 13
52873 13
52874 13
52875 7
52876 13
52877 13
52878 13
52879 13
52880 10
52881 13
52882 13
52883 13
52884 8
52885 10
52886 13
52887 13
52888 13
52889 13
52890 10
52891 13
52892 13
52893 13
52894 13
52895 11
52896 13
52897 8
52898 13
52899 13
52900 7
52901 13
52902 13
52903 13
52904 13
52905 10
52906 13
52907 14
52908 13
52909 13
52910 5
52911 13
52912 13
52913 13
52914 13
52915 10
52916 13
52917 13
52918 13
52919 13
52920 10
52921 13
52922 13
52923 8
52924 13
52925 6
52926 13
52927 13
52928 13
52929 13
52930 10
52931 13
52932 13
52933 13
52934 13
52935 10
52936 8
52937 13
52938 13
52939 13
52940 10
52941 13
52942 13
52943 13
52944 13
52945 10
52946 13
52947 13
52948 13
52949 8
52950 7
52951 13
52952 13
52953 13
52954 13
52955 10
52956 13
52957 13
52958 13
52959 13
52960 10
52961 13
52962 8
52963 13
52964 13
52965 10
52966 13
52967 13
52968 13
52969 13
52970 10
52971 13
52972 13
52973 13
52974 13
52975 1
52976 326
52977 163
52978 111
52979 83
52980 69
52981 57
52982 51
52983 44
52984 42
52985 36
52986 35
52987 31
52988 31
52989 28
52990 28
52991 25
52992 25
52993 23
52994 24
52995 22
52996 22
52997 21
52998 21
52999 19
53000 20
53001 18
53002 19
53003 18
53004 20
53005 17
53006 18
53007 16
53008 18
53009 16
53010 17
53011 15
53012 17
53013 15
53014 16
53015 15
53016 16
53017 15
53018 16
53019 14
53020 16
53021 14
53022 15
53023 14
53024 16
53025 14
53026 15
53027 13
53028 14
53029 13
53030 15
53031 14
53032 15
53033 13
53034 14
53035 13
53036 14
53037 13
53038 14
53039 14
53040 14
53041 13
53042 14
53043 13
53044 14
53045 13
53046 14
53047 13
53048 14
53049 12
53050 13
53051 12
53052 14
53053 12
53054 13
53055 12
53056 13
53057 12
53058 14
53059 12
53060 13
53061 12
53062 14
53063 12
53064 13
53065 12
53066 14
53067 12
53068 13
53069 12
53070 13
53071 12
53072 13
53073 13
53074 13
53075 12
53076 13
53077 12
53078 13
53079 11
53080 13
53081 12
53082 13
53083 12
53084 13
53085 12
53086 13
53087 12
53088 13
53089 12
53090 14
53091 13
53092 13
53093 12
53094 13
53095 12
53096 13
53097 12
53098 13
53099 11
53100 13
53101 12
53102 13
53103 12
53104 13
53105 12
53106 12
53107 11
53108 13
53109 13
53110 13
53111 12
53112 13
53113 12
53114 13
53115 12
53116 12
53117 12
53118 12
53119 11
53120 13
53121 12
53122 13
53123 11
53124 13
53125 12
53126 12
53127 11
53128 12
53129 12
53130 13
53131 12
53132 13
53133 11
53134 12
53135 11
53136 13
53137 11
53138 2
53139 11
53140 13
53141 11
53142 12
53143 11
53144 13
53145 12
53146 13
53147 12
53148 12
53149 11
53150 12
53151 12
53152 13
53153 11
53154 13
53155 12
53156 13
53157 11
53158 12
53159 12
53160 12
53161 12
53162 12
53163 12
53164 13
53165 12
53166 13
53167 12
53168 13
53169 11
53170 12
53171 12
53172 12
53173 12
53174 13
53175 12
53176 13
53177 11
53178 13
53179 12
53180 13
53181 11
53182 12
53183 12
53184 13
53185 11
53186 13
53187 12
53188 12
53189 12
53190 13
53191 11
53192 13
53193 11
53194 13
53195 12
53196 13
53197 11
53198 13
53199 12
53200 13
53201 11
53202 13
53203 12
53204 13
53205 12
53206 13
53207 11
53208 12
53209 12
53210 13
53211 11
53212 13
53213 12
53214 13
53215 11
53216 12
53217 11
53218 13
53219 12
53220 13
53221 12
53222 13
53223 12
53224 13
53225 12
53226 13
53227 12
53228 13
53229 11
53230 13
53231 12
53232 13
53233 11
53234 13
53235 12
53236 13
53237 12
53238 13
53239 12
53240 12
53241 12
53242 12
53243 11
53244 12
53245 13
53246 13
53247 12
53248 13
53249 12
53250 13
53251 11
53252 13
53253 12
53254 13
53255 12
53256 13
53257 12
53258 13
53259 12
53260 13
53261 12
53262 13
53263 12
53264 13
53265 11
53266 13
53267 12
53268 13
53269 12
53270 13
53271 12
53272 13
53273 12
53274 13
53275 11
53276 13
53277 12
53278 13
53279 11
53280 13
53281 12
53282 12
53283 12
53284 13
53285 12
53286 13
53287 12
53288 13
53289 12
53290 13
53291 11
53292 13
53293 12
53294 13
53295 12
53296 13
53297 12
53298 13
53299 12
53300 13
53301 1
53302 327
53303 165
53304 109
53305 85
53306 69
53307 56
53308 51
53309 47
53310 39
53311 38
53312 35
53313 31
53314 32
53315 29
53316 26
53317 27
53318 27
53319 22
53320 25
53321 23
53322 20
53323 22
53324 22
53325 18
53326 22
53327 20
53328 17
53329 19
53330 18
53331 16
53332 18
53333 19
53334 15
53335 17
53336 17
53337 15
53338 18
53339 16
53340 14
53341 16
53342 16
53343 14
53344 16
53345 16
53346 13
53347 16
53348 15
53349 14
53350 16
53351 15
53352 13
53353 15
53354 15
53355 12
53356 15
53357 14
53358 12
53359 15
53360 14
53361 13
53362 14
53363 14
53364 12
53365 14
53366 14
53367 12
53368 14
53369 14
53370 12
53371 14
53372 13
53373 11
53374 14
53375 14
53376 11
53377 13
53378 15
53379 11
53380 13
53381 13
53382 11
53383 13
53384 13
53385 13
53386 13
53387 13
53388 12
53389 13
53390 13
53391 11
53392 13
53393 14
53394 11
53395 13
53396 13
53397 11
53398 14
53399 13
53400 11
53401 13
53402 13
53403 11
53404 13
53405 13
53406 11
53407 13
53408 13
53409 11
53410 3
53411 13
53412 11
53413 13
53414 13
53415 11
53416 13
53417 13
53418 11
53419 13
53420 13
53421 10
53422 13
53423 13
53424 11
53425 13
53426 13
53427 11
53428 13
53429 13
53430 11
53431 13
53432 13
53433 11
53434 13
53435 13
53436 11
53437 13
53438 13
53439 11
53440 13
53441 13
53442 12
53443 13
53444 13
53445 11
53446 13
53447 13
53448 11
53449 13
53450 13
53451 10
53452 13
53453 13
53454 11
53455 13
53456 13
53457 10
53458 13
53459 13
53460 10
53461 13
53462 13
53463 11
53464 13
53465 13
53466 11
53467 13
53468 13
53469 10
53470 13
53471 13
53472 10
53473 13
53474 13
53475 10
53476 13
53477 13
53478 10
53479 13
53480 13
53481 11
53482 13
53483 13
53484 11
53485 13
53486 13
53487 11
53488 13
53489 13
53490 11
53491 13
53492 13
53493 11
53494 13
53495 13
53496 10
53497 13
53498 13
53499 11
53500 13
53501 13
53502 11
53503 13
53504 13
53505 11
53506 13
53507 13
53508 10
53509 13
53510 13
53511 10
53512 13
53513 13
53514 11
53515 13
53516 13
53517 11
53518 13
53519 3
53520 11
53521 13
53522 13
53523 11
53524 13
53525 13
53526 11
53527 13
53528 13
53529 11
53530 13
53531 13
53532 11
53533 13
53534 13
53535 11
53536 13
53537 13
53538 11
53539 13
53540 13
53541 11
53542 13
53543 13
53544 11
53545 13
53546 13
53547 11
53548 13
53549 13
53550 11
53551 13
53552 13
53553 11
53554 13
53555 13
53556 10
53557 13
53558 13
53559 11
53560 13
53561 13
53562 11
53563 13
53564 13
53565 11
53566 13
53567 13
53568 11
53569 13
53570 13
53571 11
53572 13
53573 13
53574 11
53575 13
53576 13
53577 11
53578 13
53579 13
53580 11
53581 13
53582 13
53583 11
53584 13
53585 13
53586 11
53587 13
53588 13
53589 10
53590 13
53591 13
53592 11
53593 13
53594 13
53595 11
53596 13
53597 13
53598 11
53599 13
53600 13
53601 11
53602 13
53603 13
53604 11
53605 13
53606 13
53607 11
53608 13
53609 13
53610 11
53611 13
53612 13
53613 11
53614 13
53615 13
53616 11
53617 13
53618 13
53619 11
53620 13
53621 13
53622 11
53623 13
53624 13
53625 11
53626 13
53627 13
53628 1
53629 328
53630 164
53631 112
53632 82
53633 69
53634 57
53635 51
53636 41
53637 42
53638 37
53639 36
53640 30
53641 32
53642 28
53643 28
53644 22
53645 26
53646 24
53647 25
53648 20
53649 22
53650 20
53651 22
53652 16
53653 22
53654 18
53655 21
53656 16
53657 20
53658 17
53659 18
53660 14
53661 18
53662 16
53663 18
53664 14
53665 16
53666 15
53667 16
53668 12
53669 8
53670 16
53671 16
53672 13
53673 16
53674 14
53675 15
53676 11
53677 15
53678 14
53679 15
53680 13
53681 15
53682 13
53683 15
53684 10
53685 15
53686 13
53687 14
53688 12
53689 15
53690 13
53691 14
53692 11
53693 14
53694 13
53695 15
53696 11
53697 14
53698 12
53699 14
53700 10
53701 14
53702 13
53703 14
53704 11
53705 14
53706 12
53707 14
53708 9
53709 13
53710 4
53711 13
53712 10
53713 15
53714 13
53715 13
53716 9
53717 13
53718 13
53719 13
53720 11
53721 14
53722 12
53723 14
53724 9
53725 13
53726 11
53727 14
53728 11
53729 13
53730 12
53731 13
53732 10
53733 13
53734 12
53735 13
53736 10
53737 13
53738 12
53739 13
53740 9
53741 13
53742 12
53743 13
53744 12
53745 13
53746 11
53747 13
53748 9
53749 13
53750 11
53751 5
53752 11
53753 13
53754 12
53755 13
53756 9
53757 12
53758 12
53759 13
53760 11
53761 13
53762 12
53763 13
53764 9
53765 12
53766 12
53767 13
53768 10
53769 13
53770 12
53771 13
53772 9
53773 12
53774 11
53775 13
53776 10
53777 13
53778 12
53779 13
53780 9
53781 13
53782 11
53783 13
53784 10
53785 13
53786 12
53787 13
53788 9
53789 12
53790 11
53791 13
53792 2
53793 13
53794 11
53795 12
53796 9
53797 13
53798 12
53799 13
53800 10
53801 13
53802 11
53803 13
53804 9
53805 13
53806 12
53807 13
53808 10
53809 13
53810 11
53811 12
53812 9
53813 13
53814 12
53815 13
53816 10
53817 13
53818 12
53819 12
53820 9
53821 13
53822 12
53823 13
53824 11
53825 13
53826 12
53827 12
53828 9
53829 13
53830 12
53831 13
53832 10
53833 5
53834 11
53835 13
53836 9
53837 13
53838 11
53839 13
53840 11
53841 13
53842 12
53843 13
53844 9
53845 13
53846 12
53847 13
53848 10
53849 13
53850 12
53851 13
53852 9
53853 13
53854 12
53855 13
53856 10
53857 13
53858 11
53859 13
53860 9
53861 13
53862 12
53863 13
53864 10
53865 13
53866 11
53867 12
53868 9
53869 13
53870 13
53871 13
53872 10
53873 13
53874 4
53875 13
53876 9
53877 13
53878 12
53879 13
53880 11
53881 13
53882 13
53883 13
53884 9
53885 13
53886 12
53887 13
53888 10
53889 13
53890 11
53891 12
53892 9
53893 13
53894 11
53895 13
53896 10
53897 13
53898 12
53899 13
53900 9
53901 13
53902 12
53903 13
53904 11
53905 13
53906 11
53907 13
53908 9
53909 13
53910 12
53911 13
53912 11
53913 13
53914 12
53915 7
53916 11
53917 13
53918 12
53919 13
53920 10
53921 13
53922 12
53923 13
53924 9
53925 13
53926 12
53927 13
53928 11
53929 13
53930 12
53931 13
53932 9
53933 13
53934 12
53935 13
53936 11
53937 13
53938 12
53939 13
53940 9
53941 13
53942 12
53943 13
53944 11
53945 13
53946 11
53947 13
53948 9
53949 13
53950 12
53951 13
53952 10
53953 13
53954 12
53955 13
53956 1
53957 329
53958 166
53959 112
53960 86
53961 70
53962 59
53963 47
53964 47
53965 42
53966 38
53967 35
53968 33
53969 32
53970 25
53971 28
53972 27
53973 26
53974 25
53975 24
53976 24
53977 18
53978 22
53979 22
53980 21
53981 22
53982 21
53983 19
53984 15
53985 19
53986 19
53987 18
53988 18
53989 18
53990 17
53991 13
53992 19
53993 17
53994 17
53995 17
53996 16
53997 16
53998 12
53999 16
54000 16
54001 16
54002 16
54003 7
54004 15
54005 11
54006 15
54007 15
54008 16
54009 16
54010 15
54011 15
54012 12
54013 14
54014 15
54015 14
54016 14
54017 14
54018 14
54019 11
54020 14
54021 14
54022 14
54023 14
54024 14
54025 15
54026 10
54027 14
54028 14
54029 14
54030 14
54031 13
54032 14
54033 10
54034 14
54035 14
54036 14
54037 13
54038 13
54039 13
54040 10
54041 13
54042 14
54043 13
54044 14
54045 13
54046 13
54047 9
54048 13
54049 13
54050 5
54051 13
54052 13
54053 13
54054 9
54055 13
54056 13
54057 13
54058 13
54059 13
54060 13
54061 10
54062 13
54063 13
54064 13
54065 13
54066 13
54067 13
54068 9
54069 13
54070 13
54071 14
54072 13
54073 13
54074 13
54075 10
54076 13
54077 13
54078 13
54079 13
54080 13
54081 13
54082 9
54083 13
54084 13
54085 13
54086 12
54087 13
54088 13
54089 9
54090 13
54091 13
54092 13
54093 13
54094 12
54095 12
54096 9
54097 5
54098 13
54099 13
54100 12
54101 13
54102 12
54103 9
54104 13
54105 13
54106 13
54107 13
54108 12
54109 13
54110 9
54111 12
54112 13
54113 13
54114 13
54115 13
54116 12
54117 9
54118 12
54119 13
54120 13
54121 13
54122 13
54123 12
54124 9
54125 12
54126 13
54127 13
54128 13
54129 13
54130 12
54131 9
54132 13
54133 12
54134 13
54135 13
54136 13
54137 13
54138 9
54139 12
54140 13
54141 12
54142 13
54143 12
54144 5
54145 9
54146 12
54147 12
54148 13
54149 13
54150 13
54151 13
54152 9
54153 13
54154 13
54155 12
54156 12
54157 13
54158 13
54159 9
54160 12
54161 13
54162 13
54163 13
54164 13
54165 13
54166 9
54167 13
54168 13
54169 13
54170 13
54171 13
54172 13
54173 9
54174 13
54175 13
54176 13
54177 13
54178 13
54179 12
54180 10
54181 13
54182 13
54183 13
54184 13
54185 12
54186 13
54187 9
54188 13
54189 13
54190 13
54191 5
54192 13
54193 13
54194 9
54195 12
54196 13
54197 13
54198 12
54199 13
54200 13
54201 9
54202 13
54203 12
54204 13
54205 12
54206 13
54207 13
54208 9
54209 13
54210 13
54211 13
54212 13
54213 13
54214 13
54215 9
54216 13
54217 13
54218 13
54219 13
54220 13
54221 13
54222 9
54223 13
54224 13
54225 13
54226 13
54227 13
54228 13
54229 9
54230 13
54231 13
54232 13
54233 13
54234 13
54235 12
54236 9
54237 13
54238 5
54239 13
54240 13
54241 13
54242 13
54243 9
54244 13
54245 13
54246 13
54247 13
54248 13
54249 13
54250 9
54251 13
54252 13
54253 13
54254 13
54255 13
54256 13
54257 11
54258 13
54259 13
54260 12
54261 13
54262 13
54263 13
54264 9
54265 13
54266 13
54267 13
54268 13
54269 13
54270 13
54271 9
54272 13
54273 13
54274 13
54275 13
54276 13
54277 13
54278 9
54279 13
54280 13
54281 13
54282 13
54283 13
54284 13
54285 1
54286 330
54287 165
54288 110
54289 84
54290 66
54291 55
54292 53
54293 45
54294 39
54295 33
54296 30
54297 29
54298 31
54299 28
54300 22
54301 25
54302 26
54303 21
54304 24
54305 18
54306 20
54307 15
54308 21
54309 17
54310 17
54311 19
54312 18
54313 18
54314 18
54315 11
54316 19
54317 17
54318 10
54319 16
54320 14
54321 13
54322 17
54323 15
54324 14
54325 12
54326 16
54327 12
54328 16
54329 9
54330 10
54331 14
54332 16
54333 13
54334 15
54335 10
54336 14
54337 13
54338 15
54339 11
54340 6
54341 15
54342 12
54343 14
54344 14
54345 7
54346 14
54347 13
54348 12
54349 12
54350 11
54351 5
54352 14
54353 13
54354 12
54355 9
54356 14
54357 10
54358 14
54359 12
54360 8
54361 12
54362 9
54363 11
54364 13
54365 10
54366 11
54367 12
54368 13
54369 10
54370 11
54371 13
54372 12
54373 7
54374 14
54375 6
54376 13
54377 12
54378 11
54379 12
54380 10
54381 10
54382 13
54383 12
54384 6
54385 9
54386 13
54387 11
54388 13
54389 12
54390 9
54391 12
54392 13
54393 9
54394 14
54395 3
54396 11
54397 11
54398 13
54399 11
54400 10
54401 12
54402 12
54403 11
54404 13
54405 6
54406 8
54407 11
54408 10
54409 12
54410 10
54411 9
54412 13
54413 12
54414 11
54415 8
54416 13
54417 4
54418 13
54419 12
54420 8
54421 12
54422 13
54423 10
54424 13
54425 8
54426 11
54427 11
54428 9
54429 9
54430 9
54431 12
54432 12
54433 12
54434 12
54435 6
54436 13
54437 12
54438 10
54439 8
54440 9
54441 9
54442 13
54443 11
54444 11
54445 9
54446 13
54447 9
54448 13
54449 11
54450 2
54451 11
54452 13
54453 9
54454 13
54455 9
54456 11
54457 11
54458 13
54459 9
54460 9
54461 8
54462 10
54463 11
54464 13
54465 6
54466 12
54467 12
54468 12
54469 12
54470 9
54471 9
54472 9
54473 11
54474 11
54475 8
54476 13
54477 10
54478 13
54479 11
54480 8
54481 12
54482 13
54483 4
54484 12
54485 8
54486 11
54487 12
54488 13
54489 9
54490 10
54491 12
54492 10
54493 11
54494 8
54495 6
54496 13
54497 11
54498 11
54499 12
54500 10
54501 10
54502 13
54503 11
54504 11
54505 3
54506 13
54507 9
54508 13
54509 12
54510 8
54511 12
54512 13
54513 9
54514 13
54515 9
54516 6
54517 12
54518 13
54519 9
54520 10
54521 12
54522 11
54523 12
54524 13
54525 6
54526 13
54527 7
54528 10
54529 12
54530 9
54531 9
54532 13
54533 12
54534 11
54535 10
54536 13
54537 10
54538 9
54539 12
54540 8
54541 12
54542 13
54543 9
54544 14
54545 8
54546 11
54547 12
54548 13
54549 5
54550 10
54551 12
54552 10
54553 12
54554 13
54555 7
54556 13
54557 12
54558 11
54559 12
54560 5
54561 9
54562 13
54563 12
54564 11
54565 8
54566 13
54567 9
54568 13
54569 12
54570 8
54571 8
54572 13
54573 9
54574 13
54575 9
54576 11
54577 12
54578 13
54579 9
54580 10
54581 12
54582 6
54583 12
54584 13
54585 6
54586 13
54587 11
54588 11
54589 12
54590 10
54591 10
54592 13
54593 7
54594 11
54595 9
54596 13
54597 10
54598 13
54599 12
54600 8
54601 12
54602 13
54603 10
54604 9
54605 9
54606 11
54607 12
54608 13
54609 10
54610 10
54611 12
54612 11
54613 12
54614 13
54615 1
54616 331
54617 167
54618 113
54619 86
54620 70
54621 59
54622 52
54623 46
54624 42
54625 38
54626 36
54627 33
54628 31
54629 30
54630 28
54631 27
54632 27
54633 25
54634 24
54635 24
54636 23
54637 22
54638 22
54639 21
54640 20
54641 20
54642 20
54643 20
54644 19
54645 18
54646 18
54647 18
54648 18
54649 17
54650 17
54651 18
54652 17
54653 17
54654 18
54655 17
54656 16
54657 16
54658 16
54659 16
54660 16
54661 15
54662 15
54663 15
54664 15
54665 15
54666 15
54667 15
54668 15
54669 14
54670 14
54671 15
54672 14
54673 15
54674 15
54675 14
54676 14
54677 14
54678 14
54679 14
54680 14
54681 14
54682 14
54683 14
54684 14
54685 14
54686 14
54687 14
54688 14
54689 14
54690 14
54691 13
54692 14
54693 14
54694 14
54695 14
54696 13
54697 14
54698 13
54699 13
54700 13
54701 13
54702 13
54703 14
54704 13
54705 13
54706 13
54707 13
54708 13
54709 13
54710 13
54711 14
54712 13
54713 13
54714 14
54715 14
54716 13
54717 13
54718 13
54719 13
54720 13
54721 13
54722 13
54723 13
54724 13
54725 13
54726 13
54727 13
54728 13
54729 13
54730 13
54731 13
54732 13
54733 13
54734 13
54735 13
54736 13
54737 13
54738 13
54739 13
54740 13
54741 13
54742 13
54743 13
54744 13
54745 13
54746 13
54747 13
54748 13
54749 13
54750 13
54751 13
54752 13
54753 13
54754 13
54755 13
54756 14
54757 13
54758 13
54759 13
54760 13
54761 13
54762 13
54763 13
54764 13
54765 13
54766 14
54767 13
54768 13
54769 13
54770 13
54771 13
54772 13
54773 13
54774 13
54775 13
54776 13
54777 13
54778 13
54779 13
54780 13
54781 13
54782 13
54783 13
54784 13
54785 13
54786 13
54787 13
54788 13
54789 13
54790 13
54791 13
54792 13
54793 13
54794 13
54795 13
54796 13
54797 13
54798 13
54799 13
54800 13
54801 13
54802 13
54803 13
54804 13
54805 13
54806 13
54807 13
54808 13
54809 13
54810 13
54811 13
54812 13
54813 13
54814 13
54815 13
54816 13
54817 13
54818 13
54819 13
54820 13
54821 13
54822 13
54823 13
54824 13
54825 13
54826 13
54827 13
54828 13
54829 13
54830 13
54831 13
54832 13
54833 13
54834 13
54835 13
54836 13
54837 13
54838 13
54839 13
54840 13
54841 13
54842 13
54843 13
54844 13
54845 13
54846 13
54847 13
54848 13
54849 13
54850 13
54851 13
54852 13
54853 13
54854 13
54855 13
54856 13
54857 13
54858 13
54859 13
54860 13
54861 13
54862 13
54863 13
54864 13
54865 13
54866 13
54867 13
54868 13
54869 13
54870 13
54871 13
54872 13
54873 13
54874 13
54875 13
54876 13
54877 13
54878 13
54879 13
54880 13
54881 13
54882 13
54883 13
54884 13
54885 13
54886 13
54887 13
54888 13
54889 13
54890 13
54891 13
54892 13
54893 13
54894 13
54895 13
54896 13
54897 13
54898 13
54899 13
54900 13
54901 13
54902 13
54903 13
54904 13
54905 13
54906 13
54907 13
54908 13
54909 13
54910 13
54911 13
54912 13
54913 13
54914 13
54915 13
54916 13
54917 13
54918 13
54919 13
54920 13
54921 13
54922 13
54923 13
54924 13
54925 14
54926 13
54927 13
54928 13
54929 13
54930 13
54931 13
54932 13
54933 13
54934 13
54935 13
54936 13
54937 13
54938 13
54939 13
54940 13
54941 13
54942 13
54943 13
54944 13
54945 13
54946 1
54947 332
54948 166
54949 113
54950 83
54951 70
54952 58
54953 52
54954 43
54955 43
54956 37
54957 35
54958 30
54959 31
54960 28
54961 29
54962 24
54963 27
54964 24
54965 24
54966 20
54967 24
54968 21
54969 22
54970 18
54971 21
54972 19
54973 20
54974 16
54975 20
54976 17
54977 18
54978 15
54979 18
54980 17
54981 18
54982 15
54983 17
54984 15
54985 16
54986 14
54987 17
54988 14
54989 16
54990 13
54991 16
54992 15
54993 15
54994 13
54995 15
54996 14
54997 15
54998 12
54999 15
55000 15
55001 15
55002 12
55003 15
55004 13
55005 14
55006 12
55007 15
55008 14
55009 14
55010 11
55011 14
55012 13
55013 14
55014 12
55015 14
55016 12
55017 14
55018 11
55019 14
55020 12
55021 14
55022 11
55023 14
55024 12
55025 14
55026 11
55027 13
55028 12
55029 4
55030 11
55031 13
55032 12
55033 13
55034 11
55035 14
55036 12
55037 13
55038 11
55039 13
55040 12
55041 14
55042 10
55043 14
55044 12
55045 13
55046 12
55047 14
55048 12
55049 14
55050 10
55051 14
55052 13
55053 13
55054 10
55055 13
55056 11
55057 13
55058 10
55059 13
55060 11
55061 13
55062 11
55063 13
55064 12
55065 13
55066 10
55067 13
55068 11
55069 13
55070 10
55071 13
55072 12
55073 13
55074 10
55075 13
55076 13
55077 13
55078 10
55079 13
55080 12
55081 13
55082 10
55083 13
55084 12
55085 13
55086 11
55087 13
55088 12
55089 13
55090 10
55091 13
55092 11
55093 13
55094 10
55095 13
55096 11
55097 13
55098 10
55099 13
55100 11
55101 13
55102 10
55103 13
55104 11
55105 13
55106 10
55107 13
55108 11
55109 13
55110 10
55111 13
55112 2
55113 13
55114 10
55115 13
55116 11
55117 13
55118 10
55119 13
55120 11
55121 13
55122 10
55123 13
55124 11
55125 13
55126 10
55127 13
55128 11
55129 13
55130 10
55131 13
55132 11
55133 13
55134 10
55135 13
55136 12
55137 13
55138 11
55139 13
55140 11
55141 13
55142 10
55143 13
55144 11
55145 13
55146 10
55147 13
55148 12
55149 13
55150 10
55151 13
55152 11
55153 13
55154 10
55155 13
55156 11
55157 13
55158 10
55159 13
55160 12
55161 13
55162 10
55163 13
55164 11
55165 13
55166 10
55167 13
55168 11
55169 13
55170 10
55171 13
55172 11
55173 13
55174 10
55175 13
55176 12
55177 13
55178 10
55179 13
55180 12
55181 13
55182 10
55183 13
55184 12
55185 13
55186 10
55187 13
55188 12
55189 13
55190 10
55191 13
55192 11
55193 13
55194 10
55195 4
55196 12
55197 13
55198 10
55199 13
55200 12
55201 13
55202 10
55203 13
55204 11
55205 13
55206 11
55207 13
55208 11
55209 13
55210 10
55211 13
55212 11
55213 13
55214 10
55215 13
55216 12
55217 13
55218 11
55219 13
55220 12
55221 13
55222 10
55223 13
55224 12
55225 13
55226 10
55227 13
55228 12
55229 13
55230 10
55231 13
55232 12
55233 13
55234 10
55235 13
55236 12
55237 13
55238 10
55239 13
55240 11
55241 13
55242 10
55243 13
55244 12
55245 13
55246 10
55247 13
55248 12
55249 13
55250 10
55251 13
55252 12
55253 13
55254 11
55255 13
55256 12
55257 13
55258 10
55259 13
55260 12
55261 13
55262 10
55263 13
55264 12
55265 13
55266 10
55267 13
55268 12
55269 13
55270 10
55271 13
55272 12
55273 13
55274 10
55275 13
55276 12
55277 13
55278 1
55279 333
55280 168
55281 111
55282 87
55283 70
55284 57
55285 52
55286 46
55287 37
55288 39
55289 36
55290 31
55291 31
55292 30
55293 26
55294 28
55295 26
55296 20
55297 24
55298 23
55299 20
55300 22
55301 22
55302 20
55303 22
55304 20
55305 15
55306 21
55307 19
55308 16
55309 18
55310 18
55311 16
55312 18
55313 18
55314 13
55315 9
55316 18
55317 14
55318 17
55319 16
55320 14
55321 16
55322 16
55323 11
55324 15
55325 15
55326 13
55327 15
55328 15
55329 14
55330 15
55331 15
55332 10
55333 15
55334 14
55335 12
55336 15
55337 15
55338 13
55339 14
55340 15
55341 10
55342 15
55343 14
55344 12
55345 14
55346 14
55347 13
55348 14
55349 14
55350 9
55351 14
55352 6
55353 12
55354 14
55355 15
55356 11
55357 13
55358 13
55359 9
55360 13
55361 13
55362 11
55363 14
55364 13
55365 13
55366 13
55367 13
55368 9
55369 13
55370 13
55371 11
55372 13
55373 13
55374 12
55375 13
55376 13
55377 9
55378 14
55379 14
55380 11
55381 13
55382 13
55383 11
55384 13
55385 14
55386 9
55387 13
55388 13
55389 3
55390 14
55391 13
55392 11
55393 13
55394 13
55395 8
55396 13
55397 13
55398 11
55399 13
55400 13
55401 11
55402 13
55403 13
55404 9
55405 13
55406 13
55407 11
55408 13
55409 13
55410 11
55411 13
55412 13
55413 9
55414 13
55415 13
55416 11
55417 13
55418 13
55419 11
55420 13
55421 13
55422 9
55423 13
55424 13
55425 12
55426 6
55427 13
55428 10
55429 13
55430 13
55431 8
55432 13
55433 13
55434 10
55435 13
55436 13
55437 11
55438 14
55439 13
55440 8
55441 13
55442 13
55443 10
55444 13
55445 13
55446 10
55447 13
55448 13
55449 8
55450 13
55451 14
55452 11
55453 13
55454 13
55455 10
55456 13
55457 13
55458 8
55459 13
55460 13
55461 10
55462 13
55463 6
55464 11
55465 13
55466 13
55467 9
55468 13
55469 13
55470 11
55471 13
55472 13
55473 11
55474 13
55475 13
55476 8
55477 13
55478 13
55479 11
55480 13
55481 13
55482 11
55483 13
55484 13
55485 9
55486 13
55487 13
55488 11
55489 13
55490 13
55491 11
55492 13
55493 13
55494 8
55495 13
55496 13
55497 11
55498 13
55499 13
55500 3
55501 13
55502 13
55503 9
55504 13
55505 13
55506 10
55507 13
55508 13
55509 11
55510 13
55511 13
55512 9
55513 13
55514 13
55515 10
55516 13
55517 13
55518 11
55519 13
55520 13
55521 9
55522 13
55523 13
55524 11
55525 13
55526 13
55527 11
55528 13
55529 13
55530 9
55531 13
55532 13
55533 11
55534 13
55535 13
55536 11
55537 6
55538 13
55539 8
55540 13
55541 13
55542 10
55543 13
55544 13
55545 11
55546 13
55547 13
55548 9
55549 13
55550 13
55551 11
55552 13
55553 13
55554 11
55555 13
55556 13
55557 10
55558 13
55559 13
55560 10
55561 13
55562 13
55563 11
55564 13
55565 13
55566 8
55567 13
55568 13
55569 11
55570 13
55571 13
55572 10
55573 13
55574 7
55575 9
55576 13
55577 13
55578 11
55579 13
55580 13
55581 11
55582 13
55583 13
55584 9
55585 13
55586 13
55587 11
55588 13
55589 13
55590 11
55591 13
55592 13
55593 9
55594 13
55595 13
55596 11
55597 13
55598 13
55599 11
55600 13
55601 13
55602 9
55603 13
55604 13
55605 11
55606 13
55607 13
55608 11
55609 13
55610 13
55611 1
55612 334
55613 167
55614 114
55615 85
55616 71
55617 58
55618 52
55619 45
55620 42
55621 37
55622 36
55623 32
55624 32
55625 28
55626 28
55627 27
55628 26
55629 24
55630 24
55631 22
55632 22
55633 20
55634 22
55635 20
55636 20
55637 18
55638 20
55639 18
55640 19
55641 18
55642 18
55643 17
55644 18
55645 16
55646 17
55647 16
55648 17
55649 15
55650 17
55651 15
55652 16
55653 15
55654 16
55655 15
55656 16
55657 15
55658 15
55659 14
55660 15
55661 15
55662 16
55663 14
55664 16
55665 13
55666 14
55667 13
55668 15
55669 14
55670 14
55671 13
55672 14
55673 13
55674 15
55675 14
55676 14
55677 13
55678 14
55679 13
55680 14
55681 13
55682 14
55683 13
55684 14
55685 12
55686 14
55687 13
55688 14
55689 12
55690 13
55691 12
55692 14
55693 12
55694 13
55695 12
55696 14
55697 12
55698 13
55699 12
55700 13
55701 12
55702 13
55703 12
55704 13
55705 12
55706 13
55707 12
55708 13
55709 13
55710 13
55711 12
55712 13
55713 12
55714 13
55715 12
55716 13
55717 11
55718 13
55719 12
55720 13
55721 12
55722 13
55723 11
55724 13
55725 12
55726 13
55727 11
55728 13
55729 12
55730 13
55731 12
55732 13
55733 12
55734 13
55735 13
55736 13
55737 12
55738 13
55739 12
55740 12
55741 12
55742 13
55743 11
55744 13
55745 12
55746 12
55747 12
55748 14
55749 11
55750 12
55751 11
55752 13
55753 11
55754 13
55755 12
55756 13
55757 11
55758 13
55759 12
55760 13
55761 11
55762 12
55763 11
55764 12
55765 12
55766 12
55767 11
55768 13
55769 12
55770 13
55771 11
55772 12
55773 11
55774 13
55775 12
55776 13
55777 11
55778 2
55779 11
55780 13
55781 12
55782 13
55783 11
55784 12
55785 11
55786 13
55787 12
55788 13
55789 11
55790 12
55791 12
55792 13
55793 11
55794 12
55795 11
55796 13
55797 11
55798 13
55799 11
55800 13
55801 12
55802 13
55803 11
55804 13
55805 11
55806 12
55807 11
55808 14
55809 11
55810 12
55811 12
55812 13
55813 11
55814 13
55815 12
55816 12
55817 12
55818 13
55819 11
55820 13
55821 12
55822 13
55823 12
55824 13
55825 12
55826 13
55827 12
55828 13
55829 11
55830 13
55831 11
55832 13
55833 11
55834 13
55835 12
55836 12
55837 12
55838 13
55839 11
55840 13
55841 12
55842 13
55843 12
55844 12
55845 12
55846 13
55847 12
55848 13
55849 11
55850 13
55851 11
55852 13
55853 11
55854 12
55855 11
55856 13
55857 11
55858 13
55859 11
55860 13
55861 12
55862 13
55863 11
55864 13
55865 11
55866 13
55867 12
55868 13
55869 12
55870 13
55871 11
55872 12
55873 11
55874 13
55875 11
55876 13
55877 12
55878 13
55879 11
55880 13
55881 11
55882 13
55883 11
55884 13
55885 13
55886 13
55887 12
55888 13
55889 13
55890 13
55891 12
55892 13
55893 11
55894 13
55895 11
55896 13
55897 12
55898 13
55899 12
55900 13
55901 12
55902 13
55903 12
55904 13
55905 11
55906 13
55907 11
55908 13
55909 11
55910 12
55911 12
55912 13
55913 11
55914 13
55915 12
55916 13
55917 12
55918 13
55919 12
55920 13
55921 12
55922 13
55923 11
55924 13
55925 12
55926 13
55927 12
55928 13
55929 11
55930 13
55931 12
55932 13
55933 11
55934 13
55935 11
55936 13
55937 12
55938 13
55939 12
55940 12
55941 12
55942 13
55943 12
55944 13
55945 1
55946 335
55947 169
55948 114
55949 87
55950 67
55951 60
55952 52
55953 48
55954 43
55955 35
55956 36
55957 34
55958 32
55959 30
55960 25
55961 27
55962 26
55963 25
55964 24
55965 20
55966 23
55967 22
55968 22
55969 21
55970 17
55971 20
55972 20
55973 19
55974 20
55975 15
55976 18
55977 19
55978 18
55979 18
55980 14
55981 17
55982 17
55983 17
55984 17
55985 13
55986 16
55987 16
55988 16
55989 16
55990 13
55991 15
55992 16
55993 16
55994 15
55995 12
55996 16
55997 16
55998 16
55999 15
56000 12
56001 14
56002 15
56003 14
56004 14
56005 11
56006 14
56007 14
56008 14
56009 14
56010 12
56011 14
56012 5
56013 14
56014 14
56015 11
56016 14
56017 14
56018 14
56019 14
56020 11
56021 14
56022 13
56023 14
56024 13
56025 10
56026 15
56027 13
56028 13
56029 13
56030 11
56031 14
56032 13
56033 13
56034 14
56035 10
56036 13
56037 13
56038 13
56039 13
56040 10
56041 13
56042 14
56043 13
56044 13
56045 10
56046 13
56047 13
56048 13
56049 13
56050 10
56051 13
56052 13
56053 13
56054 13
56055 10
56056 13
56057 13
56058 13
56059 13
56060 10
56061 13
56062 14
56063 13
56064 13
56065 10
56066 13
56067 13
56068 13
56069 13
56070 11
56071 13
56072 13
56073 13
56074 13
56075 10
56076 13
56077 13
56078 13
56079 4
56080 10
56081 13
56082 13
56083 13
56084 13
56085 10
56086 13
56087 13
56088 13
56089 13
56090 11
56091 13
56092 13
56093 13
56094 13
56095 10
56096 13
56097 13
56098 13
56099 13
56100 11
56101 13
56102 12
56103 12
56104 13
56105 11
56106 13
56107 12
56108 13
56109 13
56110 10
56111 13
56112 12
56113 12
56114 13
56115 10
56116 13
56117 13
56118 12
56119 13
56120 10
56121 13
56122 12
56123 12
56124 13
56125 10
56126 13
56127 13
56128 13
56129 13
56130 10
56131 13
56132 13
56133 12
56134 13
56135 11
56136 13
56137 13
56138 13
56139 13
56140 10
56141 13
56142 13
56143 13
56144 13
56145 10
56146 4
56147 13
56148 13
56149 13
56150 10
56151 13
56152 13
56153 13
56154 13
56155 10
56156 13
56157 13
56158 12
56159 13
56160 10
56161 13
56162 13
56163 13
56164 13
56165 10
56166 13
56167 13
56168 12
56169 13
56170 10
56171 13
56172 13
56173 13
56174 13
56175 10
56176 13
56177 13
56178 13
56179 13
56180 10
56181 13
56182 13
56183 13
56184 13
56185 10
56186 13
56187 12
56188 12
56189 13
56190 10
56191 13
56192 12
56193 13
56194 13
56195 10
56196 13
56197 13
56198 13
56199 13
56200 10
56201 13
56202 13
56203 13
56204 13
56205 10
56206 13
56207 13
56208 13
56209 13
56210 10
56211 13
56212 13
56213 5
56214 13
56215 10
56216 13
56217 13
56218 13
56219 13
56220 11
56221 13
56222 13
56223 13
56224 13
56225 10
56226 13
56227 13
56228 13
56229 13
56230 10
56231 13
56232 13
56233 13
56234 13
56235 10
56236 13
56237 13
56238 13
56239 13
56240 10
56241 13
56242 13
56243 13
56244 13
56245 11
56246 13
56247 13
56248 12
56249 13
56250 10
56251 13
56252 13
56253 13
56254 13
56255 10
56256 13
56257 13
56258 13
56259 13
56260 10
56261 13
56262 13
56263 13
56264 13
56265 10
56266 13
56267 13
56268 13
56269 13
56270 10
56271 13
56272 13
56273 12
56274 13
56275 10
56276 13
56277 13
56278 13
56279 13
56280 1
56281 336
56282 168
56283 112
56284 84
56285 71
56286 56
56287 48
56288 42
56289 40
56290 37
56291 36
56292 28
56293 31
56294 24
56295 26
56296 21
56297 27
56298 21
56299 24
56300 21
56301 16
56302 21
56303 22
56304 14
56305 21
56306 19
56307 18
56308 12
56309 19
56310 15
56311 18
56312 12
56313 15
56314 17
56315 13
56316 12
56317 17
56318 15
56319 14
56320 12
56321 16
56322 8
56323 17
56324 13
56325 14
56326 15
56327 16
56328 7
56329 11
56330 14
56331 13
56332 12
56333 15
56334 12
56335 15
56336 6
56337 14
56338 14
56339 15
56340 9
56341 14
56342 13
56343 8
56344 9
56345 14
56346 11
56347 14
56348 12
56349 12
56350 9
56351 14
56352 7
56353 14
56354 12
56355 12
56356 11
56357 10
56358 11
56359 13
56360 8
56361 13
56362 13
56363 13
56364 4
56365 13
56366 12
56367 12
56368 10
56369 13
56370 10
56371 10
56372 11
56373 11
56374 12
56375 14
56376 5
56377 13
56378 8
56379 11
56380 10
56381 14
56382 10
56383 13
56384 10
56385 7
56386 12
56387 13
56388 8
56389 13
56390 12
56391 11
56392 3
56393 13
56394 9
56395 13
56396 10
56397 11
56398 11
56399 9
56400 7
56401 13
56402 12
56403 11
56404 10
56405 13
56406 5
56407 12
56408 7
56409 11
56410 12
56411 13
56412 8
56413 9
56414 12
56415 11
56416 10
56417 13
56418 10
56419 13
56420 6
56421 11
56422 12
56423 13
56424 5
56425 13
56426 12
56427 7
56428 10
56429 13
56430 9
56431 12
56432 10
56433 11
56434 7
56435 13
56436 9
56437 13
56438 11
56439 11
56440 7
56441 9
56442 9
56443 13
56444 10
56445 11
56446 11
56447 13
56448 2
56449 13
56450 11
56451 11
56452 10
56453 13
56454 9
56455 9
56456 7
56457 12
56458 11
56459 13
56460 8
56461 13
56462 7
56463 11
56464 10
56465 12
56466 9
56467 13
56468 10
56469 7
56470 12
56471 13
56472 5
56473 13
56474 12
56475 11
56476 6
56477 13
56478 10
56479 13
56480 10
56481 11
56482 12
56483 9
56484 8
56485 13
56486 12
56487 11
56488 7
56489 12
56490 5
56491 13
56492 10
56493 11
56494 12
56495 13
56496 7
56497 9
56498 11
56499 11
56500 10
56501 13
56502 9
56503 13
56504 3
56505 11
56506 12
56507 13
56508 8
56509 13
56510 12
56511 7
56512 10
56513 13
56514 10
56515 13
56516 10
56517 11
56518 8
56519 13
56520 5
56521 13
56522 11
56523 11
56524 11
56525 10
56526 10
56527 13
56528 10
56529 12
56530 12
56531 13
56532 4
56533 13
56534 11
56535 12
56536 8
56537 12
56538 11
56539 10
56540 10
56541 11
56542 11
56543 13
56544 7
56545 13
56546 9
56547 11
56548 10
56549 13
56550 10
56551 13
56552 9
56553 8
56554 12
56555 13
56556 9
56557 13
56558 12
56559 11
56560 5
56561 13
56562 9
56563 13
56564 10
56565 11
56566 12
56567 9
56568 5
56569 13
56570 12
56571 11
56572 10
56573 13
56574 7
56575 13
56576 9
56577 11
56578 12
56579 13
56580 10
56581 9
56582 11
56583 11
56584 7
56585 13
56586 10
56587 13
56588 7
56589 11
56590 12
56591 13
56592 7
56593 13
56594 12
56595 7
56596 10
56597 13
56598 9
56599 13
56600 8
56601 11
56602 8
56603 13
56604 8
56605 13
56606 12
56607 12
56608 9
56609 10
56610 9
56611 13
56612 10
56613 11
56614 11
56615 13
56616 1
56617 337
56618 170
56619 115
56620 88
56621 71
56622 60
56623 54
56624 48
56625 43
56626 39
56627 36
56628 34
56629 32
56630 30
56631 29
56632 28
56633 26
56634 25
56635 24
56636 23
56637 23
56638 23
56639 22
56640 21
56641 21
56642 20
56643 20
56644 20
56645 19
56646 19
56647 19
56648 19
56649 18
56650 18
56651 18
56652 17
56653 17
56654 17
56655 17
56656 17
56657 16
56658 16
56659 17
56660 16
56661 16
56662 16
56663 15
56664 15
56665 16
56666 15
56667 15
56668 17
56669 15
56670 15
56671 15
56672 15
56673 14
56674 16
56675 14
56676 15
56677 14
56678 14
56679 15
56680 14
56681 14
56682 14
56683 14
56684 14
56685 13
56686 14
56687 14
56688 14
56689 14
56690 14
56691 14
56692 14
56693 14
56694 14
56695 15
56696 14
56697 13
56698 14
56699 14
56700 13
56701 14
56702 13
56703 13
56704 13
56705 14
56706 14
56707 13
56708 13
56709 13
56710 13
56711 13
56712 13
56713 13
56714 13
56715 13
56716 13
56717 13
56718 14
56719 13
56720 13
56721 13
56722 13
56723 13
56724 13
56725 13
56726 13
56727 13
56728 13
56729 13
56730 13
56731 13
56732 13
56733 13
56734 13
56735 13
56736 13
56737 13
56738 13
56739 13
56740 13
56741 13
56742 13
56743 13
56744 13
56745 13
56746 13
56747 13
56748 13
56749 13
56750 13
56751 13
56752 13
56753 13
56754 13
56755 13
56756 13
56757 13
56758 13
56759 14
56760 13
56761 13
56762 13
56763 13
56764 13
56765 13
56766 13
56767 13
56768 13
56769 13
56770 13
56771 13
56772 13
56773 13
56774 13
56775 13
56776 13
56777 13
56778 13
56779 13
56780 13
56781 13
56782 13
56783 13
56784 13
56785 13
56786 13
56787 13
56788 13
56789 13
56790 13
56791 13
56792 13
56793 13
56794 13
56795 13
56796 13
56797 13
56798 13
56799 13
56800 13
56801 13
56802 13
56803 13
56804 13
56805 13
56806 13
56807 13
56808 13
56809 13
56810 13
56811 13
56812 13
56813 13
56814 13
56815 13
56816 13
56817 13
56818 13
56819 13
56820 13
56821 13
56822 13
56823 13
56824 13
56825 13
56826 13
56827 13
56828 13
56829 13
56830 13
56831 13
56832 13
56833 13
56834 13
56835 13
56836 13
56837 13
56838 13
56839 13
56840 13
56841 13
56842 13
56843 13
56844 13
56845 13
56846 13
56847 13
56848 13
56849 13
56850 13
56851 13
56852 13
56853 13
56854 13
56855 13
56856 13
56857 13
56858 13
56859 13
56860 13
56861 13
56862 13
56863 13
56864 13
56865 13
56866 13
56867 13
56868 13
56869 13
56870 13
56871 13
56872 13
56873 13
56874 13
56875 13
56876 13
56877 13
56878 13
56879 13
56880 13
56881 13
56882 13
56883 13
56884 13
56885 13
56886 13
56887 13
56888 13
56889 13
56890 13
56891 13
56892 13
56893 13
56894 13
56895 13
56896 13
56897 13
56898 13
56899 13
56900 13
56901 13
56902 13
56903 13
56904 13
56905 13
56906 13
56907 13
56908 13
56909 13
56910 13
56911 13
56912 13
56913 13
56914 13
56915 13
56916 13
56917 13
56918 13
56919 13
56920 13
56921 13
56922 13
56923 13
56924 13
56925 13
56926 13
56927 13
56928 13
56929 13
56930 13
56931 13
56932 13
56933 13
56934 13
56935 13
56936 13
56937 13
56938 13
56939 13
56940 13
56941 13
56942 13
56943 13
56944 13
56945 13
56946 13
56947 13
56948 13
56949 13
56950 13
56951 13
56952 13
56953 1
56954 338
56955 169
56956 115
56957 86
56958 71
56959 59
56960 53
56961 46
56962 43
56963 38
56964 36
56965 32
56966 26
56967 30
56968 29
56969 27
56970 27
56971 24
56972 24
56973 22
56974 23
56975 21
56976 22
56977 20
56978 21
56979 13
56980 20
56981 18
56982 19
56983 17
56984 18
56985 17
56986 18
56987 17
56988 18
56989 16
56990 17
56991 17
56992 11
56993 16
56994 17
56995 15
56996 16
56997 14
56998 16
56999 14
57000 15
57001 14
57002 16
57003 14
57004 15
57005 8
57006 15
57007 14
57008 15
57009 14
57010 15
57011 15
57012 14
57013 13
57014 14
57015 13
57016 14
57017 13
57018 9
57019 13
57020 14
57021 13
57022 14
57023 13
57024 14
57025 13
57026 14
57027 13
57028 14
57029 12
57030 14
57031 7
57032 15
57033 12
57034 13
57035 12
57036 13
57037 12
57038 13
57039 12
57040 13
57041 12
57042 13
57043 12
57044 8
57045 12
57046 13
57047 12
57048 14
57049 12
57050 13
57051 12
57052 13
57053 12
57054 13
57055 12
57056 14
57057 7
57058 13
57059 12
57060 13
57061 11
57062 13
57063 11
57064 13
57065 12
57066 13
57067 12
57068 13
57069 12
57070 9
57071 11
57072 13
57073 12
57074 13
57075 12
57076 13
57077 12
57078 13
57079 11
57080 13
57081 12
57082 13
57083 6
57084 13
57085 11
57086 13
57087 11
57088 13
57089 12
57090 13
57091 12
57092 13
57093 12
57094 13
57095 11
57096 8
57097 11
57098 13
57099 11
57100 12
57101 11
57102 13
57103 11
57104 13
57105 12
57106 12
57107 12
57108 13
57109 6
57110 12
57111 11
57112 12
57113 12
57114 13
57115 11
57116 13
57117 11
57118 12
57119 11
57120 13
57121 11
57122 2
57123 11
57124 13
57125 11
57126 12
57127 11
57128 13
57129 11
57130 13
57131 12
57132 12
57133 11
57134 12
57135 6
57136 12
57137 12
57138 12
57139 12
57140 13
57141 11
57142 13
57143 11
57144 12
57145 11
57146 13
57147 11
57148 8
57149 11
57150 13
57151 12
57152 12
57153 11
57154 13
57155 12
57156 13
57157 11
57158 13
57159 11
57160 12
57161 6
57162 13
57163 12
57164 13
57165 11
57166 13
57167 12
57168 13
57169 12
57170 13
57171 12
57172 13
57173 11
57174 9
57175 12
57176 13
57177 11
57178 12
57179 12
57180 13
57181 11
57182 13
57183 11
57184 13
57185 11
57186 13
57187 7
57188 13
57189 11
57190 13
57191 11
57192 13
57193 11
57194 13
57195 11
57196 12
57197 11
57198 13
57199 12
57200 8
57201 11
57202 13
57203 11
57204 13
57205 11
57206 13
57207 12
57208 13
57209 11
57210 13
57211 12
57212 13
57213 7
57214 13
57215 12
57216 13
57217 12
57218 13
57219 12
57220 13
57221 12
57222 13
57223 11
57224 13
57225 11
57226 8
57227 12
57228 13
57229 11
57230 12
57231 11
57232 13
57233 12
57234 13
57235 12
57236 13
57237 12
57238 13
57239 6
57240 13
57241 11
57242 13
57243 12
57244 13
57245 12
57246 13
57247 12
57248 12
57249 12
57250 13
57251 12
57252 8
57253 12
57254 13
57255 11
57256 13
57257 11
57258 13
57259 12
57260 13
57261 12
57262 13
57263 12
57264 13
57265 7
57266 13
57267 12
57268 13
57269 12
57270 13
57271 12
57272 13
57273 11
57274 13
57275 12
57276 13
57277 12
57278 8
57279 12
57280 13
57281 12
57282 13
57283 12
57284 13
57285 12
57286 13
57287 12
57288 13
57289 12
57290 13
57291 1
57292 339
57293 171
57294 113
57295 88
57296 72
57297 58
57298 53
57299 47
57300 40
57301 39
57302 37
57303 32
57304 32
57305 30
57306 26
57307 27
57308 27
57309 23
57310 24
57311 24
57312 22
57313 22
57314 22
57315 20
57316 21
57317 20
57318 18
57319 19
57320 20
57321 17
57322 18
57323 18
57324 16
57325 18
57326 17
57327 15
57328 17
57329 17
57330 15
57331 16
57332 16
57333 14
57334 16
57335 16
57336 14
57337 16
57338 16
57339 14
57340 15
57341 15
57342 13
57343 16
57344 15
57345 13
57346 16
57347 14
57348 12
57349 15
57350 14
57351 12
57352 15
57353 14
57354 12
57355 14
57356 14
57357 12
57358 15
57359 14
57360 12
57361 14
57362 15
57363 12
57364 14
57365 14
57366 12
57367 13
57368 14
57369 11
57370 14
57371 14
57372 11
57373 14
57374 14
57375 12
57376 13
57377 13
57378 11
57379 14
57380 13
57381 11
57382 13
57383 14
57384 12
57385 13
57386 13
57387 12
57388 13
57389 13
57390 11
57391 13
57392 13
57393 11
57394 14
57395 13
57396 12
57397 13
57398 13
57399 13
57400 13
57401 13
57402 11
57403 13
57404 3
57405 11
57406 13
57407 13
57408 11
57409 13
57410 13
57411 11
57412 13
57413 13
57414 11
57415 13
57416 13
57417 11
57418 13
57419 13
57420 11
57421 12
57422 13
57423 11
57424 13
57425 12
57426 11
57427 13
57428 13
57429 11
57430 13
57431 13
57432 11
57433 13
57434 13
57435 11
57436 13
57437 13
57438 11
57439 13
57440 13
57441 11
57442 13
57443 12
57444 11
57445 13
57446 12
57447 11
57448 13
57449 12
57450 12
57451 12
57452 12
57453 11
57454 13
57455 13
57456 11
57457 13
57458 12
57459 11
57460 13
57461 13
57462 11
57463 12
57464 13
57465 11
57466 13
57467 13
57468 11
57469 12
57470 12
57471 12
57472 12
57473 13
57474 11
57475 12
57476 13
57477 11
57478 12
57479 13
57480 11
57481 13
57482 13
57483 11
57484 13
57485 13
57486 11
57487 13
57488 13
57489 11
57490 12
57491 13
57492 11
57493 13
57494 13
57495 11
57496 12
57497 12
57498 11
57499 13
57500 12
57501 11
57502 13
57503 13
57504 11
57505 13
57506 13
57507 11
57508 13
57509 13
57510 11
57511 12
57512 12
57513 11
57514 12
57515 13
57516 11
57517 3
57518 13
57519 11
57520 13
57521 13
57522 11
57523 12
57524 13
57525 11
57526 13
57527 14
57528 11
57529 13
57530 13
57531 11
57532 13
57533 13
57534 12
57535 13
57536 13
57537 11
57538 12
57539 13
57540 11
57541 13
57542 13
57543 11
57544 12
57545 13
57546 11
57547 13
57548 13
57549 11
57550 13
57551 13
57552 11
57553 13
57554 13
57555 11
57556 13
57557 13
57558 11
57559 13
57560 13
57561 11
57562 12
57563 13
57564 11
57565 13
57566 13
57567 11
57568 13
57569 13
57570 11
57571 13
57572 13
57573 11
57574 13
57575 13
57576 11
57577 13
57578 13
57579 11
57580 13
57581 13
57582 11
57583 13
57584 13
57585 11
57586 13
57587 13
57588 12
57589 13
57590 12
57591 11
57592 13
57593 13
57594 11
57595 13
57596 13
57597 11
57598 13
57599 13
57600 11
57601 14
57602 13
57603 11
57604 13
57605 13
57606 11
57607 14
57608 13
57609 11
57610 13
57611 13
57612 11
57613 13
57614 13
57615 11
57616 13
57617 13
57618 11
57619 13
57620 13
57621 11
57622 13
57623 13
57624 11
57625 13
57626 13
57627 11
57628 13
57629 13
57630 1
57631 340
57632 170
57633 116
57634 85
57635 68
57636 59
57637 53
57638 44
57639 43
57640 34
57641 36
57642 31
57643 33
57644 29
57645 25
57646 25
57647 20
57648 25
57649 26
57650 17
57651 23
57652 21
57653 22
57654 18
57655 17
57656 19
57657 20
57658 18
57659 19
57660 14
57661 18
57662 15
57663 18
57664 10
57665 14
57666 15
57667 17
57668 15
57669 17
57670 10
57671 16
57672 15
57673 16
57674 13
57675 13
57676 15
57677 17
57678 13
57679 15
57680 11
57681 9
57682 12
57683 15
57684 14
57685 11
57686 12
57687 15
57688 14
57689 15
57690 8
57691 14
57692 13
57693 14
57694 12
57695 12
57696 13
57697 14
57698 5
57699 15
57700 9
57701 14
57702 11
57703 14
57704 12
57705 11
57706 11
57707 14
57708 12
57709 14
57710 8
57711 14
57712 12
57713 13
57714 11
57715 4
57716 12
57717 13
57718 11
57719 14
57720 9
57721 13
57722 11
57723 13
57724 12
57725 10
57726 10
57727 13
57728 12
57729 14
57730 7
57731 14
57732 6
57733 13
57734 10
57735 10
57736 13
57737 13
57738 12
57739 13
57740 9
57741 13
57742 11
57743 13
57744 12
57745 10
57746 10
57747 13
57748 11
57749 7
57750 7
57751 13
57752 12
57753 13
57754 10
57755 10
57756 12
57757 13
57758 10
57759 13
57760 8
57761 13
57762 10
57763 13
57764 11
57765 10
57766 4
57767 13
57768 11
57769 13
57770 7
57771 13
57772 12
57773 13
57774 10
57775 10
57776 12
57777 13
57778 11
57779 13
57780 8
57781 14
57782 10
57783 8
57784 12
57785 11
57786 10
57787 13
57788 12
57789 13
57790 8
57791 13
57792 11
57793 13
57794 10
57795 10
57796 11
57797 13
57798 10
57799 13
57800 2
57801 13
57802 10
57803 13
57804 11
57805 10
57806 10
57807 13
57808 11
57809 13
57810 8
57811 13
57812 12
57813 13
57814 10
57815 11
57816 12
57817 8
57818 10
57819 13
57820 8
57821 13
57822 11
57823 13
57824 12
57825 10
57826 10
57827 13
57828 12
57829 13
57830 7
57831 13
57832 11
57833 13
57834 4
57835 10
57836 11
57837 13
57838 10
57839 13
57840 8
57841 13
57842 10
57843 13
57844 12
57845 10
57846 10
57847 13
57848 12
57849 13
57850 7
57851 7
57852 11
57853 13
57854 10
57855 10
57856 12
57857 13
57858 11
57859 13
57860 9
57861 13
57862 11
57863 13
57864 11
57865 10
57866 10
57867 13
57868 6
57869 13
57870 7
57871 13
57872 11
57873 13
57874 10
57875 10
57876 11
57877 13
57878 11
57879 13
57880 8
57881 13
57882 11
57883 13
57884 12
57885 4
57886 10
57887 13
57888 12
57889 13
57890 8
57891 13
57892 12
57893 13
57894 10
57895 10
57896 12
57897 13
57898 10
57899 13
57900 9
57901 13
57902 5
57903 13
57904 11
57905 10
57906 11
57907 13
57908 12
57909 13
57910 7
57911 13
57912 12
57913 13
57914 10
57915 10
57916 12
57917 13
57918 10
57919 7
57920 9
57921 13
57922 12
57923 13
57924 12
57925 10
57926 10
57927 13
57928 11
57929 13
57930 8
57931 13
57932 11
57933 13
57934 10
57935 10
57936 6
57937 13
57938 10
57939 13
57940 9
57941 13
57942 11
57943 13
57944 12
57945 10
57946 12
57947 13
57948 12
57949 13
57950 8
57951 14
57952 12
57953 9
57954 10
57955 10
57956 12
57957 13
57958 11
57959 13
57960 9
57961 13
57962 10
57963 13
57964 12
57965 10
57966 10
57967 13
57968 12
57969 13
57970 1
57971 341
57972 172
57973 116
57974 89
57975 72
57976 61
57977 53
57978 47
57979 44
57980 39
57981 31
57982 34
57983 33
57984 30
57985 29
57986 28
57987 27
57988 26
57989 24
57990 24
57991 23
57992 17
57993 23
57994 23
57995 21
57996 20
57997 20
57998 19
57999 20
58000 19
58001 11
58002 18
58003 13
58004 17
58005 17
58006 19
58007 17
58008 17
58009 17
58010 16
58011 16
58012 16
58013 16
58014 11
58015 16
58016 16
58017 15
58018 15
58019 15
58020 15
58021 15
58022 16
58023 15
58024 15
58025 10
58026 15
58027 15
58028 14
58029 14
58030 14
58031 15
58032 7
58033 15
58034 14
58035 14
58036 9
58037 14
58038 14
58039 14
58040 14
58041 14
58042 14
58043 14
58044 14
58045 14
58046 14
58047 9
58048 14
58049 13
58050 14
58051 13
58052 14
58053 14
58054 14
58055 14
58056 13
58057 13
58058 10
58059 13
58060 13
58061 14
58062 13
58063 6
58064 13
58065 13
58066 14
58067 13
58068 13
58069 9
58070 13
58071 13
58072 13
58073 13
58074 13
58075 13
58076 13
58077 13
58078 13
58079 13
58080 8
58081 13
58082 13
58083 13
58084 14
58085 13
58086 13
58087 13
58088 13
58089 13
58090 13
58091 9
58092 13
58093 14
58094 6
58095 13
58096 13
58097 13
58098 13
58099 13
58100 13
58101 13
58102 8
58103 13
58104 13
58105 13
58106 13
58107 13
58108 13
58109 13
58110 13
58111 13
58112 13
58113 8
58114 14
58115 13
58116 13
58117 13
58118 13
58119 13
58120 13
58121 13
58122 13
58123 13
58124 8
58125 6
58126 13
58127 13
58128 13
58129 13
58130 13
58131 14
58132 13
58133 13
58134 13
58135 8
58136 13
58137 13
58138 13
58139 13
58140 13
58141 13
58142 13
58143 13
58144 13
58145 13
58146 8
58147 13
58148 13
58149 13
58150 13
58151 13
58152 13
58153 13
58154 13
58155 13
58156 6
58157 8
58158 13
58159 13
58160 13
58161 13
58162 13
58163 13
58164 13
58165 13
58166 13
58167 14
58168 8
58169 13
58170 13
58171 13
58172 13
58173 13
58174 13
58175 13
58176 13
58177 13
58178 13
58179 8
58180 13
58181 13
58182 13
58183 13
58184 13
58185 13
58186 13
58187 6
58188 13
58189 13
58190 9
58191 13
58192 13
58193 13
58194 13
58195 13
58196 13
58197 13
58198 13
58199 13
58200 13
58201 8
58202 13
58203 13
58204 13
58205 13
58206 13
58207 13
58208 13
58209 13
58210 13
58211 13
58212 8
58213 13
58214 13
58215 13
58216 13
58217 13
58218 6
58219 13
58220 13
58221 13
58222 13
58223 8
58224 13
58225 13
58226 13
58227 14
58228 13
58229 13
58230 13
58231 13
58232 13
58233 13
58234 8
58235 13
58236 13
58237 13
58238 13
58239 13
58240 13
58241 13
58242 13
58243 13
58244 13
58245 8
58246 13
58247 13
58248 13
58249 7
58250 13
58251 13
58252 13
58253 13
58254 13
58255 13
58256 8
58257 13
58258 13
58259 13
58260 13
58261 13
58262 13
58263 13
58264 13
58265 13
58266 13
58267 10
58268 13
58269 13
58270 13
58271 13
58272 13
58273 13
58274 13
58275 13
58276 13
58277 13
58278 8
58279 13
58280 6
58281 13
58282 13
58283 13
58284 13
58285 13
58286 13
58287 13
58288 13
58289 8
58290 14
58291 13
58292 13
58293 13
58294 13
58295 13
58296 13
58297 13
58298 14
58299 13
58300 8
58301 13
58302 13
58303 13
58304 13
58305 13
58306 13
58307 13
58308 13
58309 13
58310 13
58311 1
58312 342
58313 171
58314 114
58315 87
58316 72
58317 57
58318 53
58319 46
58320 38
58321 38
58322 37
58323 30
58324 33
58325 29
58326 27
58327 26
58328 28
58329 19
58330 18
58331 22
58332 21
58333 21
58334 22
58335 18
58336 22
58337 20
58338 15
58339 18
58340 20
58341 15
58342 19
58343 17
58344 16
58345 17
58346 18
58347 11
58348 17
58349 9
58350 15
58351 16
58352 16
58353 14
58354 16
58355 15
58356 11
58357 15
58358 16
58359 13
58360 15
58361 14
58362 13
58363 14
58364 17
58365 9
58366 16
58367 13
58368 6
58369 13
58370 14
58371 11
58372 14
58373 13
58374 10
58375 13
58376 14
58377 10
58378 14
58379 12
58380 12
58381 12
58382 14
58383 8
58384 14
58385 13
58386 12
58387 6
58388 14
58389 10
58390 14
58391 13
58392 10
58393 12
58394 14
58395 10
58396 13
58397 12
58398 11
58399 12
58400 14
58401 8
58402 13
58403 12
58404 11
58405 12
58406 7
58407 10
58408 13
58409 12
58410 9
58411 12
58412 14
58413 10
58414 13
58415 12
58416 11
58417 12
58418 13
58419 7
58420 13
58421 12
58422 11
58423 11
58424 13
58425 3
58426 13
58427 12
58428 9
58429 13
58430 13
58431 9
58432 13
58433 13
58434 11
58435 12
58436 13
58437 7
58438 13
58439 12
58440 11
58441 12
58442 13
58443 10
58444 7
58445 12
58446 9
58447 12
58448 13
58449 10
58450 13
58451 12
58452 11
58453 12
58454 13
58455 7
58456 13
58457 11
58458 12
58459 12
58460 13
58461 10
58462 13
58463 6
58464 10
58465 12
58466 13
58467 9
58468 13
58469 12
58470 10
58471 12
58472 13
58473 7
58474 13
58475 11
58476 10
58477 12
58478 13
58479 10
58480 13
58481 12
58482 2
58483 12
58484 13
58485 10
58486 13
58487 12
58488 10
58489 11
58490 13
58491 7
58492 13
58493 12
58494 10
58495 12
58496 13
58497 9
58498 13
58499 12
58500 10
58501 6
58502 13
58503 10
58504 13
58505 12
58506 11
58507 11
58508 13
58509 7
58510 13
58511 12
58512 11
58513 12
58514 13
58515 9
58516 13
58517 12
58518 9
58519 12
58520 7
58521 10
58522 13
58523 12
58524 10
58525 12
58526 13
58527 7
58528 13
58529 12
58530 11
58531 12
58532 13
58533 9
58534 13
58535 12
58536 9
58537 11
58538 13
58539 3
58540 13
58541 11
58542 11
58543 11
58544 13
58545 7
58546 13
58547 11
58548 11
58549 12
58550 13
58551 10
58552 13
58553 12
58554 9
58555 12
58556 13
58557 10
58558 7
58559 12
58560 11
58561 12
58562 13
58563 7
58564 13
58565 12
58566 10
58567 12
58568 13
58569 10
58570 13
58571 12
58572 10
58573 12
58574 13
58575 9
58576 13
58577 6
58578 12
58579 12
58580 13
58581 7
58582 13
58583 12
58584 11
58585 12
58586 13
58587 9
58588 13
58589 12
58590 9
58591 12
58592 13
58593 10
58594 13
58595 11
58596 5
58597 12
58598 13
58599 7
58600 13
58601 12
58602 11
58603 12
58604 13
58605 10
58606 13
58607 12
58608 9
58609 12
58610 13
58611 10
58612 13
58613 12
58614 11
58615 7
58616 13
58617 9
58618 13
58619 12
58620 11
58621 12
58622 13
58623 9
58624 13
58625 12
58626 9
58627 12
58628 13
58629 10
58630 13
58631 12
58632 11
58633 12
58634 8
58635 7
58636 13
58637 12
58638 11
58639 12
58640 13
58641 10
58642 13
58643 12
58644 9
58645 12
58646 13
58647 10
58648 13
58649 12
58650 12
58651 12
58652 13
58653 1
58654 343
58655 173
58656 117
58657 89
58658 72
58659 61
58660 49
58661 49
58662 43
58663 40
58664 36
58665 34
58666 32
58667 26
58668 29
58669 28
58670 26
58671 25
58672 26
58673 24
58674 19
58675 23
58676 22
58677 21
58678 21
58679 20
58680 20
58681 16
58682 21
58683 19
58684 19
58685 19
58686 18
58687 18
58688 14
58689 18
58690 17
58691 17
58692 17
58693 17
58694 17
58695 12
58696 16
58697 16
58698 16
58699 16
58700 16
58701 15
58702 7
58703 15
58704 15
58705 15
58706 16
58707 15
58708 15
58709 12
58710 15
58711 15
58712 15
58713 15
58714 14
58715 15
58716 11
58717 14
58718 15
58719 14
58720 14
58721 14
58722 14
58723 10
58724 14
58725 14
58726 14
58727 14
58728 14
58729 13
58730 10
58731 14
58732 14
58733 14
58734 14
58735 13
58736 13
58737 10
58738 14
58739 14
58740 13
58741 14
58742 13
58743 14
58744 10
58745 14
58746 14
58747 13
58748 14
58749 13
58750 13
58751 5
58752 14
58753 13
58754 13
58755 13
58756 13
58757 13
58758 9
58759 13
58760 13
58761 13
58762 13
58763 13
58764 13
58765 10
58766 13
58767 13
58768 13
58769 13
58770 13
58771 13
58772 10
58773 13
58774 13
58775 13
58776 13
58777 13
58778 13
58779 9
58780 13
58781 13
58782 13
58783 13
58784 13
58785 13
58786 9
58787 13
58788 13
58789 13
58790 13
58791 13
58792 13
58793 10
58794 13
58795 13
58796 13
58797 13
58798 13
58799 13
58800 5
58801 13
58802 13
58803 13
58804 13
58805 13
58806 13
58807 9
58808 13
58809 13
58810 13
58811 13
58812 13
58813 13
58814 9
58815 13
58816 13
58817 13
58818 13
58819 13
58820 13
58821 9
58822 13
58823 13
58824 13
58825 13
58826 13
58827 13
58828 9
58829 13
58830 13
58831 13
58832 13
58833 13
58834 13
58835 9
58836 13
58837 13
58838 13
58839 13
58840 13
58841 13
58842 9
58843 13
58844 13
58845 13
58846 13
58847 13
58848 13
58849 5
58850 13
58851 13
58852 13
58853 13
58854 13
58855 13
58856 10
58857 13
58858 13
58859 13
58860 13
58861 13
58862 13
58863 9
58864 13
58865 13
58866 13
58867 13
58868 13
58869 13
58870 9
58871 13
58872 13
58873 13
58874 13
58875 13
58876 13
58877 10
58878 13
58879 13
58880 13
58881 13
58882 13
58883 13
58884 10
58885 13
58886 13
58887 13
58888 13
58889 13
58890 13
58891 9
58892 13
58893 13
58894 13
58895 13
58896 13
58897 13
58898 5
58899 13
58900 13
58901 13
58902 13
58903 13
58904 13
58905 9
58906 13
58907 13
58908 13
58909 13
58910 13
58911 13
58912 9
58913 13
58914 13
58915 13
58916 13
58917 13
58918 13
58919 9
58920 13
58921 13
58922 13
58923 13
58924 13
58925 13
58926 9
58927 13
58928 13
58929 13
58930 13
58931 13
58932 13
58933 9
58934 13
58935 13
58936 13
58937 13
58938 13
58939 13
58940 9
58941 13
58942 13
58943 13
58944 13
58945 13
58946 13
58947 5
58948 13
58949 13
58950 13
58951 13
58952 13
58953 13
58954 10
58955 13
58956 13
58957 13
58958 13
58959 13
58960 13
58961 10
58962 13
58963 13
58964 13
58965 13
58966 14
58967 13
58968 9
58969 13
58970 13
58971 13
58972 13
58973 13
58974 13
58975 9
58976 13
58977 13
58978 13
58979 13
58980 13
58981 13
58982 9
58983 13
58984 13
58985 13
58986 13
58987 13
58988 13
58989 9
58990 13
58991 13
58992 13
58993 13
58994 13
58995 13
58996 1
58997 344
58998 172
58999 117
59000 86
59001 73
59002 60
59003 55
59004 43
59005 44
59006 38
59007 37
59008 31
59009 32
59010 29
59011 29
59012 23
59013 28
59014 24
59015 24
59016 21
59017 23
59018 21
59019 22
59020 17
59021 21
59022 20
59023 20
59024 17
59025 20
59026 18
59027 19
59028 14
59029 18
59030 18
59031 18
59032 15
59033 18
59034 17
59035 18
59036 12
59037 17
59038 15
59039 8
59040 14
59041 17
59042 15
59043 17
59044 11
59045 16
59046 14
59047 15
59048 12
59049 15
59050 14
59051 16
59052 12
59053 15
59054 13
59055 15
59056 12
59057 15
59058 13
59059 15
59060 10
59061 14
59062 13
59063 14
59064 12
59065 14
59066 13
59067 14
59068 10
59069 14
59070 12
59071 14
59072 11
59073 14
59074 12
59075 14
59076 10
59077 15
59078 12
59079 14
59080 11
59081 13
59082 4
59083 13
59084 9
59085 13
59086 12
59087 13
59088 11
59089 14
59090 12
59091 14
59092 9
59093 13
59094 12
59095 13
59096 11
59097 13
59098 12
59099 14
59100 10
59101 13
59102 12
59103 13
59104 10
59105 13
59106 12
59107 13
59108 9
59109 13
59110 12
59111 13
59112 11
59113 13
59114 12
59115 13
59116 9
59117 13
59118 11
59119 13
59120 10
59121 13
59122 12
59123 13
59124 9
59125 5
59126 12
59127 13
59128 10
59129 13
59130 13
59131 13
59132 10
59133 13
59134 11
59135 13
59136 10
59137 13
59138 12
59139 13
59140 9
59141 12
59142 11
59143 13
59144 10
59145 13
59146 12
59147 13
59148 10
59149 12
59150 12
59151 13
59152 10
59153 13
59154 11
59155 12
59156 9
59157 13
59158 12
59159 13
59160 11
59161 13
59162 11
59163 13
59164 9
59165 12
59166 11
59167 13
59168 2
59169 13
59170 11
59171 12
59172 9
59173 13
59174 11
59175 13
59176 11
59177 13
59178 12
59179 13
59180 9
59181 12
59182 11
59183 13
59184 10
59185 13
59186 12
59187 12
59188 9
59189 13
59190 12
59191 13
59192 10
59193 13
59194 11
59195 12
59196 9
59197 13
59198 12
59199 13
59200 10
59201 13
59202 11
59203 13
59204 10
59205 13
59206 11
59207 13
59208 10
59209 13
59210 11
59211 5
59212 9
59213 13
59214 12
59215 13
59216 10
59217 13
59218 11
59219 12
59220 9
59221 13
59222 11
59223 13
59224 10
59225 13
59226 12
59227 13
59228 9
59229 13
59230 12
59231 13
59232 10
59233 13
59234 12
59235 13
59236 9
59237 13
59238 12
59239 13
59240 10
59241 13
59242 12
59243 12
59244 9
59245 13
59246 12
59247 13
59248 10
59249 13
59250 11
59251 13
59252 9
59253 13
59254 4
59255 13
59256 10
59257 13
59258 12
59259 13
59260 9
59261 13
59262 12
59263 13
59264 10
59265 13
59266 12
59267 13
59268 9
59269 13
59270 11
59271 13
59272 10
59273 13
59274 12
59275 13
59276 10
59277 13
59278 12
59279 13
59280 11
59281 13
59282 11
59283 13
59284 10
59285 12
59286 12
59287 13
59288 10
59289 13
59290 12
59291 13
59292 9
59293 13
59294 12
59295 13
59296 10
59297 7
59298 12
59299 13
59300 9
59301 13
59302 12
59303 13
59304 11
59305 13
59306 12
59307 13
59308 9
59309 13
59310 12
59311 13
59312 10
59313 13
59314 12
59315 13
59316 9
59317 13
59318 12
59319 13
59320 10
59321 13
59322 12
59323 13
59324 9
59325 13
59326 12
59327 13
59328 10
59329 13
59330 11
59331 13
59332 9
59333 13
59334 12
59335 13
59336 11
59337 13
59338 12
59339 13
59340 1
59341 345
59342 174
59343 115
59344 90
59345 69
59346 59
59347 54
59348 49
59349 41
59350 36
59351 37
59352 32
59353 32
59354 31
59355 23
59356 28
59357 27
59358 23
59359 25
59360 21
59361 21
59362 22
59363 15
59364 19
59365 18
59366 20
59367 18
59368 20
59369 19
59370 13
59371 18
59372 19
59373 16
59374 18
59375 14
59376 15
59377 17
59378 17
59379 14
59380 13
59381 17
59382 14
59383 16
59384 16
59385 10
59386 9
59387 16
59388 13
59389 16
59390 12
59391 14
59392 15
59393 15
59394 13
59395 12
59396 15
59397 14
59398 15
59399 14
59400 9
59401 14
59402 15
59403 12
59404 14
59405 12
59406 12
59407 16
59408 14
59409 5
59410 11
59411 14
59412 12
59413 14
59414 14
59415 8
59416 14
59417 14
59418 12
59419 14
59420 11
59421 12
59422 14
59423 13
59424 11
59425 11
59426 13
59427 12
59428 13
59429 13
59430 8
59431 13
59432 7
59433 11
59434 13
59435 10
59436 11
59437 13
59438 13
59439 12
59440 11
59441 13
59442 11
59443 13
59444 14
59445 8
59446 14
59447 13
59448 12
59449 14
59450 10
59451 11
59452 13
59453 13
59454 11
59455 3
59456 13
59457 11
59458 13
59459 14
59460 9
59461 13
59462 13
59463 11
59464 13
59465 10
59466 11
59467 13
59468 13
59469 11
59470 11
59471 14
59472 11
59473 13
59474 13
59475 8
59476 13
59477 13
59478 4
59479 13
59480 10
59481 11
59482 13
59483 13
59484 11
59485 9
59486 13
59487 10
59488 13
59489 13
59490 8
59491 13
59492 13
59493 11
59494 13
59495 10
59496 11
59497 13
59498 13
59499 11
59500 9
59501 8
59502 10
59503 13
59504 13
59505 8
59506 13
59507 13
59508 10
59509 13
59510 9
59511 11
59512 13
59513 13
59514 11
59515 9
59516 13
59517 10
59518 13
59519 13
59520 8
59521 13
59522 13
59523 10
59524 8
59525 9
59526 11
59527 13
59528 13
59529 11
59530 10
59531 13
59532 11
59533 13
59534 13
59535 8
59536 13
59537 13
59538 10
59539 13
59540 9
59541 11
59542 13
59543 13
59544 11
59545 9
59546 13
59547 4
59548 13
59549 13
59550 8
59551 13
59552 13
59553 11
59554 13
59555 10
59556 11
59557 13
59558 13
59559 11
59560 10
59561 13
59562 11
59563 13
59564 13
59565 8
59566 13
59567 13
59568 10
59569 13
59570 3
59571 11
59572 13
59573 13
59574 11
59575 10
59576 13
59577 10
59578 13
59579 13
59580 8
59581 13
59582 13
59583 11
59584 13
59585 11
59586 11
59587 13
59588 13
59589 11
59590 10
59591 13
59592 10
59593 7
59594 13
59595 8
59596 13
59597 13
59598 11
59599 13
59600 11
59601 11
59602 13
59603 13
59604 11
59605 11
59606 13
59607 11
59608 13
59609 13
59610 8
59611 13
59612 13
59613 11
59614 13
59615 11
59616 5
59617 13
59618 13
59619 11
59620 10
59621 13
59622 10
59623 13
59624 13
59625 9
59626 13
59627 13
59628 12
59629 13
59630 10
59631 11
59632 13
59633 13
59634 11
59635 10
59636 13
59637 12
59638 13
59639 8
59640 8
59641 13
59642 13
59643 11
59644 13
59645 9
59646 11
59647 13
59648 13
59649 11
59650 10
59651 14
59652 11
59653 13
59654 13
59655 8
59656 13
59657 13
59658 11
59659 14
59660 11
59661 11
59662 7
59663 13
59664 11
59665 10
59666 13
59667 11
59668 13
59669 13
59670 8
59671 13
59672 13
59673 11
59674 13
59675 10
59676 11
59677 13
59678 13
59679 11
59680 10
59681 13
59682 11
59683 13
59684 13
59685 1
59686 346
59687 173
59688 118
59689 88
59690 73
59691 60
59692 54
59693 47
59694 44
59695 38
59696 37
59697 33
59698 32
59699 29
59700 29
59701 26
59702 27
59703 25
59704 26
59705 23
59706 23
59707 21
59708 22
59709 20
59710 21
59711 20
59712 20
59713 18
59714 19
59715 18
59716 20
59717 18
59718 19
59719 16
59720 17
59721 16
59722 17
59723 15
59724 17
59725 15
59726 17
59727 15
59728 16
59729 15
59730 16
59731 15
59732 16
59733 16
59734 17
59735 14
59736 15
59737 15
59738 16
59739 14
59740 16
59741 13
59742 15
59743 14
59744 14
59745 13
59746 15
59747 13
59748 15
59749 13
59750 14
59751 13
59752 14
59753 13
59754 14
59755 13
59756 14
59757 14
59758 14
59759 13
59760 14
59761 13
59762 14
59763 13
59764 14
59765 13
59766 14
59767 12
59768 14
59769 12
59770 13
59771 12
59772 13
59773 12
59774 13
59775 12
59776 13
59777 12
59778 14
59779 13
59780 14
59781 12
59782 14
59783 12
59784 14
59785 12
59786 14
59787 12
59788 13
59789 13
59790 13
59791 12
59792 13
59793 12
59794 13
59795 12
59796 13
59797 12
59798 13
59799 12
59800 13
59801 12
59802 13
59803 11
59804 13
59805 13
59806 13
59807 12
59808 13
59809 12
59810 14
59811 12
59812 13
59813 12
59814 13
59815 12
59816 13
59817 12
59818 13
59819 12
59820 13
59821 12
59822 13
59823 11
59824 13
59825 11
59826 13
59827 12
59828 13
59829 11
59830 13
59831 12
59832 13
59833 12
59834 13
59835 11
59836 13
59837 12
59838 13
59839 13
59840 13
59841 12
59842 13
59843 12
59844 13
59845 11
59846 13
59847 13
59848 13
59849 12
59850 13
59851 12
59852 13
59853 12
59854 13
59855 12
59856 13
59857 11
59858 2
59859 11
59860 13
59861 12
59862 13
59863 12
59864 13
59865 12
59866 13
59867 12
59868 13
59869 12
59870 13
59871 11
59872 13
59873 12
59874 13
59875 12
59876 13
59877 13
59878 13
59879 11
59880 13
59881 11
59882 13
59883 12
59884 13
59885 12
59886 13
59887 11
59888 13
59889 11
59890 13
59891 11
59892 13
59893 11
59894 13
59895 12
59896 13
59897 12
59898 13
59899 12
59900 13
59901 12
59902 13
59903 12
59904 13
59905 11
59906 14
59907 12
59908 13
59909 12
59910 13
59911 13
59912 13
59913 11
59914 13
59915 12
59916 13
59917 12
59918 13
59919 12
59920 13
59921 12
59922 13
59923 12
59924 13
59925 12
59926 13
59927 13
59928 13
59929 12
59930 13
59931 11
59932 13
59933 12
59934 13
59935 11
59936 13
59937 12
59938 13
59939 12
59940 13
59941 11
59942 13
59943 11
59944 13
59945 12
59946 13
59947 12
59948 13
59949 12
59950 13
59951 12
59952 13
59953 12
59954 13
59955 12
59956 14
59957 12
59958 13
59959 12
59960 13
59961 12
59962 13
59963 12
59964 13
59965 12
59966 13
59967 11
59968 13
59969 12
59970 13
59971 11
59972 13
59973 13
59974 13
59975 11
59976 13
59977 12
59978 13
59979 12
59980 13
59981 12
59982 13
59983 12
59984 13
59985 12
59986 13
59987 12
59988 13
59989 12
59990 13
59991 11
59992 13
59993 12
59994 13
59995 12
59996 13
59997 12
59998 13
59999 12
60000 13
60001 12
60002 13
60003 12
60004 14
60005 13
60006 13
60007 11
60008 13
60009 11
60010 13
60011 12
60012 13
60013 12
60014 13
60015 11
60016 13
60017 12
60018 13
60019 12
60020 13
60021 12
60022 13
60023 12
60024 13
60025 12
60026 13
60027 12
60028 13
60029 12
60030 13
60031 1
60032 347
60033 175
60034 118
60035 90
60036 73
60037 62
60038 54
60039 48
60040 44
60041 40
60042 37
60043 35
60044 33
60045 31
60046 30
60047 28
60048 27
60049 26
60050 26
60051 24
60052 23
60053 23
60054 22
60055 21
60056 21
60057 20
60058 20
60059 20
60060 20
60061 19
60062 20
60063 18
60064 18
60065 18
60066 18
60067 18
60068 18
60069 17
60070 17
60071 17
60072 16
60073 17
60074 16
60075 16
60076 16
60077 16
60078 16
60079 16
60080 17
60081 15
60082 16
60083 16
60084 16
60085 15
60086 15
60087 15
60088 15
60089 15
60090 14
60091 15
60092 14
60093 15
60094 15
60095 14
60096 15
60097 14
60098 14
60099 14
60100 14
60101 14
60102 14
60103 14
60104 14
60105 14
60106 14
60107 14
60108 14
60109 14
60110 14
60111 14
60112 13
60113 14
60114 13
60115 14
60116 14
60117 13
60118 13
60119 14
60120 14
60121 14
60122 14
60123 14
60124 14
60125 13
60126 14
60127 13
60128 13
60129 13
60130 13
60131 14
60132 13
60133 13
60134 13
60135 13
60136 13
60137 13
60138 13
60139 13
60140 13
60141 13
60142 13
60143 14
60144 13
60145 13
60146 13
60147 13
60148 13
60149 13
60150 13
60151 13
60152 13
60153 13
60154 13
60155 13
60156 13
60157 13
60158 13
60159 13
60160 13
60161 13
60162 13
60163 13
60164 13
60165 13
60166 13
60167 13
60168 13
60169 13
60170 13
60171 13
60172 13
60173 13
60174 13
60175 13
60176 13
60177 13
60178 13
60179 13
60180 13
60181 13
60182 13
60183 13
60184 13
60185 13
60186 13
60187 13
60188 13
60189 13
60190 13
60191 13
60192 13
60193 13
60194 13
60195 13
60196 13
60197 13
60198 13
60199 13
60200 13
60201 13
60202 13
60203 13
60204 13
60205 13
60206 13
60207 13
60208 13
60209 13
60210 13
60211 13
60212 13
60213 13
60214 13
60215 13
60216 13
60217 13
60218 13
60219 13
60220 13
60221 13
60222 13
60223 13
60224 13
60225 13
60226 13
60227 13
60228 13
60229 13
60230 13
60231 13
60232 13
60233 13
60234 13
60235 13
60236 13
60237 13
60238 13
60239 13
60240 13
60241 13
60242 13
60243 13
60244 13
60245 13
60246 13
60247 13
60248 13
60249 13
60250 13
60251 13
60252 13
60253 13
60254 13
60255 13
60256 13
60257 13
60258 13
60259 13
60260 13
60261 13
60262 13
60263 13
60264 13
60265 13
60266 13
60267 13
60268 13
60269 13
60270 13
60271 13
60272 13
60273 13
60274 13
60275 13
60276 13
60277 13
60278 13
60279 13
60280 13
60281 13
60282 13
60283 13
60284 13
60285 13
60286 13
60287 13
60288 13
60289 13
60290 13
60291 13
60292 13
60293 13
60294 13
60295 13
60296 13
60297 13
60298 13
60299 13
60300 13
60301 13
60302 13
60303 13
60304 13
60305 13
60306 13
60307 13
60308 13
60309 13
60310 13
60311 13
60312 13
60313 13
60314 13
60315 13
60316 13
60317 13
60318 13
60319 13
60320 13
60321 13
60322 13
60323 13
60324 13
60325 13
60326 13
60327 13
60328 13
60329 13
60330 13
60331 13
60332 13
60333 13
60334 13
60335 13
60336 13
60337 13
60338 13
60339 13
60340 13
60341 13
60342 13
60343 13
60344 13
60345 13
60346 13
60347 13
60348 13
60349 13
60350 13
60351 13
60352 13
60353 13
60354 13
60355 13
60356 14
60357 13
60358 13
60359 13
60360 13
60361 13
60362 13
60363 13
60364 13
60365 13
60366 13
60367 13
60368 13
60369 13
60370 13
60371 13
60372 13
60373 13
60374 13
60375 13
60376 13
60377 13
60378 1
60379 348
60380 174
60381 116
60382 87
60383 73
60384 58
60385 54
60386 45
60387 41
60388 39
60389 37
60390 29
60391 33
60392 29
60393 27
60394 25
60395 28
60396 22
60397 25
60398 21
60399 21
60400 22
60401 22
60402 16
60403 21
60404 19
60405 19
60406 17
60407 12
60408 15
60409 19
60410 17
60411 16
60412 18
60413 18
60414 12
60415 17
60416 16
60417 15
60418 14
60419 17
60420 13
60421 18
60422 13
60423 14
60424 15
60425 16
60426 11
60427 15
60428 14
60429 13
60430 13
60431 15
60432 12
60433 15
60434 12
60435 12
60436 6
60437 16
60438 10
60439 14
60440 13
60441 12
60442 12
60443 15
60444 11
60445 14
60446 13
60447 12
60448 12
60449 14
60450 9
60451 14
60452 13
60453 12
60454 11
60455 14
60456 10
60457 13
60458 11
60459 12
60460 13
60461 14
60462 10
60463 13
60464 12
60465 4
60466 11
60467 13
60468 10
60469 13
60470 11
60471 11
60472 12
60473 14
60474 8
60475 14
60476 12
60477 11
60478 11
60479 14
60480 10
60481 14
60482 10
60483 11
60484 12
60485 13
60486 9
60487 13
60488 13
60489 11
60490 10
60491 13
60492 11
60493 13
60494 3
60495 11
60496 11
60497 13
60498 8
60499 13
60500 12
60501 11
60502 10
60503 13
60504 10
60505 13
60506 11
60507 11
60508 11
60509 13
60510 8
60511 13
60512 12
60513 11
60514 10
60515 13
60516 10
60517 13
60518 11
60519 11
60520 11
60521 13
60522 8
60523 6
60524 11
60525 11
60526 10
60527 13
60528 11
60529 13
60530 10
60531 11
60532 12
60533 13
60534 9
60535 13
60536 12
60537 11
60538 10
60539 13
60540 11
60541 13
60542 10
60543 11
60544 11
60545 13
60546 8
60547 13
60548 11
60549 11
60550 10
60551 13
60552 2
60553 13
60554 10
60555 11
60556 11
60557 13
60558 8
60559 13
60560 11
60561 11
60562 10
60563 13
60564 10
60565 13
60566 10
60567 11
60568 12
60569 13
60570 9
60571 13
60572 11
60573 11
60574 10
60575 13
60576 10
60577 13
60578 10
60579 11
60580 11
60581 6
60582 8
60583 13
60584 11
60585 11
60586 11
60587 13
60588 10
60589 13
60590 10
60591 11
60592 12
60593 13
60594 8
60595 13
60596 11
60597 11
60598 10
60599 13
60600 10
60601 13
60602 10
60603 11
60604 12
60605 13
60606 8
60607 13
60608 11
60609 11
60610 3
60611 13
60612 11
60613 13
60614 10
60615 11
60616 12
60617 13
60618 9
60619 13
60620 11
60621 11
60622 10
60623 13
60624 10
60625 13
60626 10
60627 11
60628 12
60629 13
60630 8
60631 13
60632 12
60633 11
60634 10
60635 13
60636 10
60637 13
60638 11
60639 4
60640 11
60641 13
60642 9
60643 13
60644 12
60645 11
60646 10
60647 13
60648 10
60649 13
60650 10
60651 11
60652 12
60653 13
60654 9
60655 13
60656 11
60657 11
60658 10
60659 13
60660 11
60661 13
60662 10
60663 11
60664 12
60665 13
60666 10
60667 13
60668 5
60669 11
60670 10
60671 13
60672 10
60673 13
60674 10
60675 11
60676 12
60677 13
60678 10
60679 13
60680 12
60681 11
60682 10
60683 13
60684 10
60685 13
60686 10
60687 11
60688 11
60689 13
60690 8
60691 13
60692 12
60693 11
60694 10
60695 13
60696 10
60697 7
60698 10
60699 11
60700 12
60701 13
60702 8
60703 13
60704 12
60705 11
60706 10
60707 13
60708 10
60709 13
60710 10
60711 11
60712 12
60713 13
60714 9
60715 13
60716 12
60717 11
60718 10
60719 13
60720 10
60721 13
60722 10
60723 11
60724 12
60725 13
60726 1
60727 349
60728 176
60729 119
60730 91
60731 74
60732 62
60733 54
60734 48
60735 44
60736 40
60737 37
60738 35
60739 32
60740 31
60741 29
60742 29
60743 28
60744 26
60745 25
60746 25
60747 23
60748 23
60749 22
60750 21
60751 21
60752 21
60753 22
60754 20
60755 20
60756 19
60757 19
60758 18
60759 18
60760 18
60761 17
60762 18
60763 18
60764 17
60765 17
60766 16
60767 17
60768 17
60769 16
60770 16
60771 16
60772 16
60773 16
60774 16
60775 15
60776 16
60777 15
60778 15
60779 15
60780 15
60781 16
60782 15
60783 15
60784 15
60785 15
60786 15
60787 14
60788 14
60789 15
60790 15
60791 15
60792 14
60793 15
60794 14
60795 15
60796 15
60797 14
60798 14
60799 14
60800 14
60801 14
60802 14
60803 15
60804 14
60805 14
60806 14
60807 14
60808 13
60809 14
60810 14
60811 13
60812 14
60813 14
60814 14
60815 13
60816 13
60817 13
60818 14
60819 14
60820 13
60821 14
60822 13
60823 13
60824 13
60825 13
60826 13
60827 13
60828 13
60829 13
60830 13
60831 13
60832 13
60833 13
60834 14
60835 13
60836 13
60837 13
60838 13
60839 13
60840 13
60841 14
60842 13
60843 13
60844 13
60845 13
60846 13
60847 13
60848 13
60849 13
60850 13
60851 13
60852 13
60853 13
60854 13
60855 13
60856 13
60857 13
60858 13
60859 13
60860 13
60861 13
60862 13
60863 13
60864 13
60865 13
60866 13
60867 13
60868 13
60869 13
60870 13
60871 13
60872 13
60873 13
60874 13
60875 13
60876 13
60877 13
60878 13
60879 13
60880 13
60881 13
60882 13
60883 13
60884 13
60885 13
60886 13
60887 13
60888 13
60889 13
60890 13
60891 13
60892 13
60893 13
60894 13
60895 13
60896 13
60897 13
60898 13
60899 13
60900 13
60901 13
60902 13
60903 13
60904 13
60905 13
60906 13
60907 14
60908 13
60909 13
60910 13
60911 13
60912 13
60913 13
60914 13
60915 13
60916 13
60917 13
60918 13
60919 13
60920 13
60921 13
60922 13
60923 13
60924 13
60925 13
60926 13
60927 13
60928 13
60929 13
60930 13
60931 13
60932 13
60933 13
60934 13
60935 13
60936 13
60937 13
60938 13
60939 13
60940 13
60941 13
60942 13
60943 13
60944 13
60945 13
60946 13
60947 13
60948 13
60949 13
60950 13
60951 13
60952 13
60953 13
60954 13
60955 13
60956 13
60957 13
60958 13
60959 13
60960 13
60961 13
60962 13
60963 13
60964 13
60965 13
60966 13
60967 13
60968 13
60969 13
60970 13
60971 13
60972 13
60973 13
60974 13
60975 13
60976 13
60977 13
60978 13
60979 13
60980 13
60981 13
60982 13
60983 13
60984 13
60985 13
60986 13
60987 13
60988 13
60989 13
60990 13
60991 13
60992 13
60993 13
60994 13
60995 13
60996 13
60997 13
60998 13
60999 13
61000 13
61001 13
61002 13
61003 13
61004 13
61005 13
61006 13
61007 13
61008 13
61009 14
61010 13
61011 14
61012 13
61013 13
61014 13
61015 13
61016 13
61017 13
61018 13
61019 13
61020 13
61021 13
61022 13
61023 13
61024 13
61025 13
61026 13
61027 13
61028 13
61029 13
61030 13
61031 13
61032 13
61033 13
61034 13
61035 13
61036 13
61037 13
61038 13
61039 13
61040 13
61041 13
61042 13
61043 13
61044 13
61045 13
61046 13
61047 13
61048 13
61049 14
61050 13
61051 13
61052 13
61053 13
61054 13
61055 13
61056 13
61057 13
61058 13
61059 14
61060 13
61061 13
61062 13
61063 13
61064 13
61065 13
61066 13
61067 13
61068 13
61069 13
61070 13
61071 13
61072 14
61073 13
61074 13
61075 1
61076 350
61077 175
61078 119
61079 89
61080 70
61081 61
61082 50
61083 47
61084 45
61085 35
61086 38
61087 33
61088 33
61089 25
61090 26
61091 28
61092 27
61093 25
61094 25
61095 19
61096 19
61097 21
61098 23
61099 20
61100 14
61101 19
61102 20
61103 14
61104 19
61105 14
61106 19
61107 17
61108 18
61109 17
61110 10
61111 16
61112 17
61113 17
61114 17
61115 12
61116 17
61117 11
61118 17
61119 15
61120 13
61121 15
61122 16
61123 14
61124 13
61125 7
61126 16
61127 14
61128 15
61129 14
61130 12
61131 10
61132 15
61133 14
61134 14
61135 10
61136 15
61137 14
61138 11
61139 14
61140 11
61141 13
61142 14
61143 13
61144 14
61145 5
61146 14
61147 13
61148 14
61149 13
61150 7
61151 12
61152 10
61153 14
61154 14
61155 9
61156 14
61157 12
61158 13
61159 8
61160 12
61161 12
61162 13
61163 12
61164 13
61165 10
61166 9
61167 12
61168 14
61169 12
61170 10
61171 12
61172 13
61173 8
61174 14
61175 5
61176 14
61177 12
61178 13
61179 12
61180 6
61181 13
61182 13
61183 12
61184 13
61185 8
61186 13
61187 9
61188 13
61189 12
61190 10
61191 12
61192 13
61193 12
61194 10
61195 9
61196 13
61197 11
61198 13
61199 12
61200 7
61201 8
61202 13
61203 12
61204 13
61205 9
61206 13
61207 12
61208 9
61209 12
61210 10
61211 12
61212 13
61213 11
61214 13
61215 4
61216 13
61217 12
61218 13
61219 12
61220 10
61221 12
61222 9
61223 11
61224 13
61225 5
61226 13
61227 11
61228 13
61229 8
61230 10
61231 12
61232 13
61233 11
61234 13
61235 8
61236 9
61237 11
61238 13
61239 12
61240 10
61241 12
61242 13
61243 8
61244 13
61245 9
61246 13
61247 11
61248 13
61249 12
61250 2
61251 12
61252 13
61253 11
61254 13
61255 9
61256 13
61257 8
61258 13
61259 12
61260 10
61261 12
61262 13
61263 11
61264 9
61265 8
61266 13
61267 11
61268 13
61269 12
61270 10
61271 8
61272 13
61273 11
61274 13
61275 5
61276 13
61277 11
61278 9
61279 12
61280 10
61281 12
61282 13
61283 11
61284 13
61285 4
61286 13
61287 11
61288 13
61289 12
61290 10
61291 12
61292 9
61293 11
61294 13
61295 9
61296 13
61297 11
61298 13
61299 8
61300 7
61301 12
61302 13
61303 11
61304 13
61305 9
61306 9
61307 12
61308 13
61309 12
61310 10
61311 12
61312 13
61313 9
61314 13
61315 8
61316 13
61317 11
61318 13
61319 12
61320 6
61321 12
61322 13
61323 12
61324 13
61325 5
61326 13
61327 8
61328 13
61329 12
61330 10
61331 12
61332 13
61333 11
61334 9
61335 8
61336 13
61337 12
61338 13
61339 12
61340 11
61341 8
61342 13
61343 12
61344 13
61345 9
61346 13
61347 12
61348 9
61349 12
61350 7
61351 12
61352 14
61353 12
61354 13
61355 5
61356 13
61357 12
61358 13
61359 12
61360 10
61361 12
61362 9
61363 12
61364 13
61365 9
61366 13
61367 12
61368 13
61369 8
61370 10
61371 12
61372 13
61373 11
61374 13
61375 5
61376 9
61377 11
61378 13
61379 12
61380 10
61381 12
61382 13
61383 8
61384 13
61385 8
61386 13
61387 12
61388 13
61389 12
61390 6
61391 12
61392 13
61393 12
61394 13
61395 10
61396 13
61397 8
61398 13
61399 12
61400 7
61401 12
61402 13
61403 12
61404 9
61405 9
61406 13
61407 12
61408 13
61409 12
61410 10
61411 8
61412 13
61413 11
61414 13
61415 8
61416 13
61417 12
61418 10
61419 12
61420 11
61421 12
61422 13
61423 12
61424 14
61425 1
61426 351
61427 177
61428 117
61429 91
61430 74
61431 60
61432 56
61433 50
61434 39
61435 40
61436 37
61437 33
61438 27
61439 31
61440 27
61441 28
61442 27
61443 21
61444 25
61445 25
61446 21
61447 23
61448 23
61449 19
61450 21
61451 15
61452 13
61453 20
61454 19
61455 17
61456 19
61457 19
61458 16
61459 18
61460 18
61461 13
61462 17
61463 17
61464 9
61465 17
61466 17
61467 14
61468 16
61469 16
61470 12
61471 16
61472 16
61473 14
61474 16
61475 15
61476 14
61477 10
61478 15
61479 8
61480 15
61481 15
61482 13
61483 15
61484 14
61485 12
61486 15
61487 15
61488 10
61489 15
61490 9
61491 13
61492 14
61493 15
61494 12
61495 14
61496 16
61497 11
61498 14
61499 14
61500 13
61501 14
61502 14
61503 6
61504 14
61505 14
61506 7
61507 14
61508 14
61509 11
61510 13
61511 14
61512 12
61513 14
61514 14
61515 9
61516 8
61517 13
61518 11
61519 14
61520 13
61521 11
61522 13
61523 14
61524 9
61525 13
61526 13
61527 11
61528 13
61529 8
61530 11
61531 13
61532 13
61533 7
61534 13
61535 13
61536 11
61537 13
61538 13
61539 11
61540 13
61541 13
61542 3
61543 13
61544 13
61545 11
61546 13
61547 13
61548 11
61549 13
61550 13
61551 9
61552 13
61553 13
61554 11
61555 8
61556 13
61557 11
61558 14
61559 13
61560 6
61561 13
61562 14
61563 11
61564 13
61565 13
61566 11
61567 13
61568 8
61569 9
61570 13
61571 13
61572 11
61573 13
61574 14
61575 11
61576 13
61577 13
61578 9
61579 13
61580 13
61581 6
61582 13
61583 13
61584 12
61585 13
61586 13
61587 6
61588 13
61589 13
61590 11
61591 13
61592 13
61593 11
61594 8
61595 13
61596 10
61597 13
61598 13
61599 11
61600 13
61601 13
61602 11
61603 13
61604 13
61605 9
61606 13
61607 8
61608 11
61609 13
61610 13
61611 11
61612 13
61613 13
61614 6
61615 13
61616 13
61617 12
61618 13
61619 13
61620 6
61621 13
61622 13
61623 9
61624 13
61625 13
61626 11
61627 13
61628 13
61629 11
61630 13
61631 13
61632 9
61633 8
61634 13
61635 11
61636 13
61637 13
61638 11
61639 13
61640 13
61641 6
61642 13
61643 13
61644 11
61645 13
61646 8
61647 11
61648 13
61649 13
61650 9
61651 13
61652 13
61653 11
61654 13
61655 13
61656 11
61657 13
61658 13
61659 3
61660 13
61661 13
61662 11
61663 13
61664 13
61665 11
61666 13
61667 13
61668 7
61669 13
61670 13
61671 11
61672 8
61673 13
61674 11
61675 13
61676 13
61677 9
61678 14
61679 13
61680 11
61681 13
61682 13
61683 11
61684 13
61685 8
61686 9
61687 13
61688 13
61689 11
61690 13
61691 13
61692 11
61693 13
61694 13
61695 7
61696 13
61697 13
61698 6
61699 13
61700 13
61701 11
61702 13
61703 13
61704 9
61705 13
61706 13
61707 11
61708 13
61709 13
61710 11
61711 8
61712 13
61713 10
61714 13
61715 13
61716 11
61717 13
61718 13
61719 11
61720 13
61721 13
61722 6
61723 13
61724 8
61725 11
61726 14
61727 13
61728 12
61729 13
61730 13
61731 9
61732 13
61733 13
61734 11
61735 13
61736 13
61737 7
61738 13
61739 13
61740 9
61741 13
61742 13
61743 11
61744 13
61745 13
61746 11
61747 13
61748 13
61749 7
61750 10
61751 13
61752 11
61753 13
61754 13
61755 11
61756 13
61757 13
61758 9
61759 13
61760 13
61761 11
61762 13
61763 8
61764 11
61765 13
61766 13
61767 9
61768 13
61769 13
61770 11
61771 13
61772 13
61773 11
61774 13
61775 13
61776 1
61777 352
61778 176
61779 120
61780 88
61781 74
61782 61
61783 55
61784 44
61785 44
61786 39
61787 32
61788 32
61789 33
61790 31
61791 30
61792 22
61793 27
61794 25
61795 25
61796 21
61797 24
61798 16
61799 23
61800 17
61801 23
61802 19
61803 20
61804 17
61805 20
61806 18
61807 20
61808 11
61809 13
61810 17
61811 18
61812 15
61813 17
61814 17
61815 17
61816 13
61817 17
61818 15
61819 16
61820 8
61821 16
61822 15
61823 16
61824 10
61825 16
61826 14
61827 16
61828 13
61829 15
61830 14
61831 10
61832 11
61833 15
61834 13
61835 15
61836 12
61837 15
61838 13
61839 15
61840 7
61841 14
61842 8
61843 14
61844 11
61845 15
61846 13
61847 14
61848 11
61849 14
61850 13
61851 14
61852 11
61853 9
61854 12
61855 13
61856 8
61857 14
61858 12
61859 14
61860 11
61861 14
61862 14
61863 13
61864 4
61865 13
61866 13
61867 14
61868 12
61869 13
61870 12
61871 13
61872 6
61873 14
61874 13
61875 9
61876 11
61877 13
61878 12
61879 14
61880 9
61881 13
61882 13
61883 13
61884 11
61885 13
61886 7
61887 14
61888 9
61889 13
61890 12
61891 13
61892 11
61893 13
61894 12
61895 13
61896 9
61897 8
61898 11
61899 13
61900 10
61901 13
61902 12
61903 13
61904 6
61905 13
61906 12
61907 13
61908 5
61909 13
61910 12
61911 13
61912 9
61913 13
61914 12
61915 13
61916 11
61917 13
61918 12
61919 8
61920 8
61921 13
61922 12
61923 13
61924 11
61925 13
61926 11
61927 13
61928 9
61929 13
61930 7
61931 13
61932 10
61933 13
61934 11
61935 14
61936 6
61937 13
61938 11
61939 13
61940 10
61941 9
61942 12
61943 13
61944 9
61945 13
61946 11
61947 13
61948 10
61949 13
61950 11
61951 13
61952 2
61953 13
61954 11
61955 13
61956 10
61957 13
61958 11
61959 13
61960 9
61961 13
61962 12
61963 9
61964 10
61965 13
61966 11
61967 13
61968 6
61969 13
61970 11
61971 13
61972 10
61973 13
61974 7
61975 13
61976 9
61977 13
61978 11
61979 13
61980 10
61981 13
61982 12
61983 13
61984 8
61985 8
61986 12
61987 13
61988 11
61989 13
61990 12
61991 13
61992 9
61993 13
61994 11
61995 13
61996 5
61997 13
61998 12
61999 13
62000 6
62001 13
62002 12
62003 13
62004 10
62005 13
62006 11
62007 8
62008 9
62009 13
62010 12
62011 13
62012 11
62013 13
62014 12
62015 13
62016 8
62017 13
62018 7
62019 13
62020 11
62021 13
62022 13
62023 13
62024 9
62025 13
62026 12
62027 13
62028 10
62029 9
62030 11
62031 13
62032 6
62033 13
62034 12
62035 13
62036 11
62037 13
62038 12
62039 13
62040 4
62041 13
62042 12
62043 13
62044 11
62045 13
62046 12
62047 13
62048 8
62049 13
62050 11
62051 9
62052 11
62053 13
62054 13
62055 13
62056 9
62057 13
62058 13
62059 13
62060 10
62061 13
62062 8
62063 13
62064 7
62065 13
62066 12
62067 13
62068 10
62069 13
62070 11
62071 13
62072 9
62073 8
62074 12
62075 13
62076 11
62077 13
62078 12
62079 13
62080 8
62081 13
62082 12
62083 13
62084 7
62085 13
62086 12
62087 13
62088 9
62089 13
62090 12
62091 13
62092 11
62093 13
62094 12
62095 8
62096 6
62097 13
62098 12
62099 13
62100 10
62101 13
62102 12
62103 13
62104 9
62105 13
62106 7
62107 13
62108 11
62109 13
62110 12
62111 13
62112 8
62113 13
62114 12
62115 13
62116 11
62117 9
62118 12
62119 13
62120 9
62121 13
62122 12
62123 13
62124 11
62125 13
62126 12
62127 13
62128 1
62129 353
62130 178
62131 120
62132 92
62133 74
62134 63
62135 55
62136 50
62137 45
62138 41
62139 38
62140 35
62141 34
62142 31
62143 30
62144 29
62145 28
62146 26
62147 25
62148 24
62149 25
62150 23
62151 22
62152 22
62153 23
62154 21
62155 20
62156 20
62157 20
62158 19
62159 19
62160 19
62161 19
62162 18
62163 18
62164 19
62165 17
62166 17
62167 17
62168 17
62169 17
62170 16
62171 17
62172 17
62173 16
62174 16
62175 16
62176 16
62177 16
62178 15
62179 15
62180 15
62181 16
62182 15
62183 16
62184 15
62185 15
62186 15
62187 15
62188 16
62189 15
62190 16
62191 15
62192 14
62193 15
62194 14
62195 14
62196 14
62197 14
62198 14
62199 14
62200 14
62201 14
62202 14
62203 14
62204 14
62205 14
62206 14
62207 14
62208 14
62209 13
62210 14
62211 14
62212 14
62213 13
62214 14
62215 13
62216 13
62217 13
62218 14
62219 14
62220 14
62221 13
62222 13
62223 14
62224 13
62225 14
62226 13
62227 14
62228 13
62229 13
62230 13
62231 13
62232 14
62233 14
62234 13
62235 13
62236 13
62237 13
62238 13
62239 13
62240 13
62241 13
62242 13
62243 13
62244 13
62245 13
62246 13
62247 14
62248 13
62249 13
62250 13
62251 13
62252 13
62253 13
62254 13
62255 13
62256 13
62257 13
62258 13
62259 13
62260 13
62261 13
62262 13
62263 13
62264 13
62265 13
62266 13
62267 13
62268 13
62269 13
62270 13
62271 13
62272 12
62273 13
62274 13
62275 13
62276 13
62277 13
62278 13
62279 14
62280 13
62281 13
62282 13
62283 13
62284 13
62285 13
62286 13
62287 12
62288 13
62289 13
62290 12
62291 13
62292 13
62293 13
62294 12
62295 13
62296 12
62297 13
62298 13
62299 13
62300 13
62301 13
62302 13
62303 13
62304 12
62305 12
62306 13
62307 13
62308 13
62309 13
62310 13
62311 13
62312 13
62313 12
62314 13
62315 12
62316 13
62317 13
62318 13
62319 12
62320 13
62321 13
62322 12
62323 13
62324 13
62325 13
62326 13
62327 13
62328 13
62329 13
62330 13
62331 13
62332 13
62333 13
62334 13
62335 12
62336 13
62337 12
62338 13
62339 13
62340 13
62341 13
62342 13
62343 13
62344 13
62345 13
62346 13
62347 13
62348 13
62349 13
62350 13
62351 13
62352 13
62353 13
62354 13
62355 13
62356 13
62357 13
62358 13
62359 13
62360 12
62361 13
62362 13
62363 13
62364 13
62365 13
62366 13
62367 13
62368 12
62369 13
62370 13
62371 13
62372 13
62373 13
62374 13
62375 13
62376 13
62377 13
62378 13
62379 13
62380 13
62381 13
62382 13
62383 12
62384 13
62385 13
62386 13
62387 13
62388 13
62389 13
62390 12
62391 14
62392 13
62393 13
62394 13
62395 13
62396 13
62397 13
62398 13
62399 13
62400 13
62401 13
62402 13
62403 13
62404 13
62405 13
62406 13
62407 13
62408 12
62409 13
62410 13
62411 13
62412 13
62413 12
62414 13
62415 13
62416 13
62417 13
62418 13
62419 13
62420 13
62421 13
62422 13
62423 13
62424 13
62425 13
62426 13
62427 13
62428 13
62429 13
62430 13
62431 13
62432 13
62433 13
62434 13
62435 13
62436 13
62437 13
62438 13
62439 13
62440 13
62441 13
62442 13
62443 13
62444 13
62445 13
62446 13
62447 13
62448 13
62449 13
62450 13
62451 13
62452 13
62453 13
62454 13
62455 13
62456 13
62457 13
62458 13
62459 13
62460 13
62461 13
62462 13
62463 13
62464 13
62465 13
62466 13
62467 13
62468 13
62469 13
62470 13
62471 13
62472 13
62473 13
62474 13
62475 13
62476 13
62477 13
62478 13
62479 13
62480 13
62481 1
62482 354
62483 177
62484 118
62485 90
62486 75
62487 59
62488 55
62489 48
62490 42
62491 39
62492 37
62493 31
62494 34
62495 30
62496 27
62497 28
62498 27
62499 22
62500 25
62501 23
62502 21
62503 22
62504 23
62505 18
62506 23
62507 19
62508 18
62509 19
62510 20
62511 16
62512 19
62513 18
62514 16
62515 17
62516 18
62517 14
62518 18
62519 16
62520 15
62521 15
62522 17
62523 13
62524 18
62525 15
62526 14
62527 15
62528 16
62529 12
62530 16
62531 16
62532 14
62533 14
62534 16
62535 12
62536 15
62537 14
62538 14
62539 13
62540 6
62541 11
62542 16
62543 13
62544 12
62545 14
62546 14
62547 11
62548 14
62549 13
62550 12
62551 13
62552 14
62553 11
62554 14
62555 12
62556 12
62557 13
62558 14
62559 10
62560 14
62561 13
62562 12
62563 12
62564 14
62565 10
62566 13
62567 12
62568 11
62569 13
62570 13
62571 10
62572 14
62573 12
62574 11
62575 12
62576 14
62577 10
62578 13
62579 12
62580 11
62581 12
62582 13
62583 11
62584 13
62585 12
62586 12
62587 12
62588 14
62589 10
62590 13
62591 13
62592 11
62593 12
62594 13
62595 9
62596 13
62597 12
62598 11
62599 3
62600 13
62601 10
62602 13
62603 12
62604 13
62605 12
62606 13
62607 11
62608 13
62609 12
62610 11
62611 12
62612 13
62613 9
62614 13
62615 12
62616 11
62617 12
62618 13
62619 10
62620 13
62621 12
62622 11
62623 12
62624 13
62625 9
62626 13
62627 12
62628 12
62629 12
62630 12
62631 9
62632 13
62633 12
62634 11
62635 12
62636 12
62637 9
62638 13
62639 11
62640 11
62641 12
62642 13
62643 9
62644 13
62645 12
62646 11
62647 11
62648 13
62649 9
62650 12
62651 12
62652 11
62653 12
62654 12
62655 10
62656 12
62657 11
62658 2
62659 11
62660 12
62661 10
62662 12
62663 12
62664 11
62665 12
62666 12
62667 9
62668 13
62669 11
62670 11
62671 12
62672 12
62673 9
62674 13
62675 12
62676 11
62677 11
62678 13
62679 9
62680 12
62681 12
62682 11
62683 12
62684 13
62685 9
62686 12
62687 12
62688 11
62689 12
62690 13
62691 9
62692 13
62693 12
62694 11
62695 12
62696 13
62697 10
62698 13
62699 12
62700 11
62701 12
62702 13
62703 9
62704 12
62705 12
62706 11
62707 12
62708 13
62709 10
62710 13
62711 12
62712 12
62713 12
62714 13
62715 9
62716 13
62717 3
62718 11
62719 12
62720 13
62721 9
62722 12
62723 12
62724 11
62725 12
62726 13
62727 10
62728 14
62729 12
62730 11
62731 12
62732 13
62733 9
62734 13
62735 11
62736 11
62737 11
62738 13
62739 9
62740 13
62741 11
62742 11
62743 11
62744 13
62745 9
62746 13
62747 12
62748 11
62749 12
62750 13
62751 10
62752 13
62753 12
62754 11
62755 12
62756 13
62757 9
62758 13
62759 12
62760 11
62761 12
62762 13
62763 9
62764 13
62765 12
62766 11
62767 12
62768 13
62769 10
62770 13
62771 12
62772 11
62773 12
62774 13
62775 10
62776 5
62777 12
62778 11
62779 12
62780 13
62781 9
62782 13
62783 12
62784 11
62785 11
62786 13
62787 9
62788 13
62789 12
62790 11
62791 12
62792 13
62793 9
62794 13
62795 12
62796 11
62797 11
62798 13
62799 11
62800 13
62801 12
62802 11
62803 12
62804 13
62805 10
62806 13
62807 12
62808 11
62809 12
62810 13
62811 9
62812 13
62813 12
62814 11
62815 12
62816 13
62817 9
62818 13
62819 12
62820 11
62821 12
62822 13
62823 10
62824 13
62825 12
62826 11
62827 12
62828 13
62829 10
62830 13
62831 12
62832 11
62833 11
62834 13
62835 1
62836 355
62837 179
62838 121
62839 92
62840 71
62841 63
62842 55
62843 49
62844 45
62845 37
62846 38
62847 35
62848 34
62849 31
62850 26
62851 28
62852 28
62853 26
62854 25
62855 21
62856 23
62857 23
62858 23
62859 22
62860 18
62861 22
62862 22
62863 20
62864 21
62865 16
62866 19
62867 20
62868 19
62869 18
62870 16
62871 18
62872 17
62873 17
62874 17
62875 15
62876 17
62877 17
62878 16
62879 16
62880 14
62881 16
62882 16
62883 16
62884 17
62885 12
62886 16
62887 16
62888 16
62889 15
62890 12
62891 15
62892 15
62893 15
62894 15
62895 12
62896 14
62897 15
62898 15
62899 15
62900 11
62901 15
62902 14
62903 15
62904 15
62905 11
62906 5
62907 14
62908 14
62909 14
62910 11
62911 14
62912 14
62913 14
62914 14
62915 11
62916 14
62917 14
62918 15
62919 13
62920 10
62921 14
62922 14
62923 14
62924 13
62925 11
62926 14
62927 14
62928 14
62929 13
62930 10
62931 14
62932 13
62933 13
62934 14
62935 11
62936 13
62937 13
62938 13
62939 13
62940 10
62941 13
62942 14
62943 13
62944 13
62945 10
62946 13
62947 13
62948 13
62949 13
62950 10
62951 13
62952 13
62953 13
62954 13
62955 10
62956 13
62957 13
62958 13
62959 13
62960 10
62961 13
62962 13
62963 13
62964 13
62965 10
62966 13
62967 13
62968 13
62969 13
62970 10
62971 13
62972 13
62973 13
62974 13
62975 10
62976 13
62977 4
62978 13
62979 13
62980 11
62981 13
62982 13
62983 13
62984 13
62985 10
62986 13
62987 13
62988 13
62989 13
62990 10
62991 13
62992 13
62993 13
62994 13
62995 11
62996 13
62997 13
62998 13
62999 13
63000 10
63001 13
63002 13
63003 13
63004 13
63005 10
63006 13
63007 13
63008 13
63009 13
63010 10
63011 13
63012 13
63013 13
63014 13
63015 10
63016 13
63017 13
63018 13
63019 13
63020 10
63021 13
63022 13
63023 13
63024 13
63025 10
63026 13
63027 13
63028 13
63029 13
63030 11
63031 13
63032 13
63033 13
63034 13
63035 10
63036 13
63037 13
63038 13
63039 13
63040 10
63041 13
63042 13
63043 13
63044 13
63045 10
63046 13
63047 13
63048 4
63049 13
63050 10
63051 13
63052 13
63053 13
63054 13
63055 10
63056 13
63057 13
63058 13
63059 13
63060 10
63061 13
63062 13
63063 13
63064 13
63065 10
63066 13
63067 13
63068 13
63069 13
63070 10
63071 13
63072 13
63073 13
63074 13
63075 10
63076 13
63077 13
63078 13
63079 13
63080 10
63081 13
63082 13
63083 13
63084 13
63085 10
63086 13
63087 13
63088 13
63089 13
63090 10
63091 13
63092 13
63093 13
63094 13
63095 10
63096 13
63097 13
63098 13
63099 13
63100 10
63101 13
63102 13
63103 13
63104 13
63105 10
63106 13
63107 13
63108 13
63109 13
63110 11
63111 13
63112 13
63113 13
63114 13
63115 10
63116 13
63117 13
63118 13
63119 5
63120 10
63121 13
63122 13
63123 13
63124 13
63125 10
63126 13
63127 13
63128 13
63129 13
63130 12
63131 13
63132 13
63133 13
63134 13
63135 10
63136 13
63137 13
63138 13
63139 13
63140 11
63141 13
63142 13
63143 13
63144 13
63145 10
63146 13
63147 13
63148 13
63149 13
63150 10
63151 13
63152 13
63153 13
63154 13
63155 10
63156 13
63157 13
63158 13
63159 13
63160 10
63161 13
63162 13
63163 13
63164 13
63165 10
63166 13
63167 13
63168 13
63169 13
63170 12
63171 13
63172 13
63173 13
63174 13
63175 10
63176 13
63177 13
63178 13
63179 13
63180 10
63181 13
63182 13
63183 13
63184 13
63185 10
63186 13
63187 13
63188 13
63189 13
63190 1
63191 356
63192 178
63193 121
63194 89
63195 75
63196 62
63197 55
63198 46
63199 45
63200 39
63201 38
63202 32
63203 33
63204 30
63205 30
63206 26
63207 28
63208 25
63209 25
63210 22
63211 24
63212 21
63213 23
63214 19
63215 21
63216 20
63217 20
63218 17
63219 19
63220 18
63221 19
63222 17
63223 18
63224 18
63225 18
63226 16
63227 18
63228 16
63229 17
63230 14
63231 16
63232 15
63233 16
63234 14
63235 17
63236 15
63237 16
63238 13
63239 17
63240 16
63241 15
63242 12
63243 16
63244 14
63245 15
63246 12
63247 15
63248 14
63249 14
63250 12
63251 15
63252 13
63253 15
63254 12
63255 14
63256 13
63257 15
63258 13
63259 16
63260 13
63261 14
63262 12
63263 14
63264 13
63265 14
63266 11
63267 14
63268 13
63269 14
63270 12
63271 15
63272 12
63273 14
63274 11
63275 14
63276 13
63277 14
63278 11
63279 4
63280 12
63281 13
63282 11
63283 14
63284 12
63285 14
63286 11
63287 14
63288 12
63289 13
63290 11
63291 13
63292 12
63293 13
63294 11
63295 13
63296 12
63297 13
63298 11
63299 13
63300 12
63301 13
63302 10
63303 13
63304 12
63305 14
63306 10
63307 13
63308 12
63309 13
63310 11
63311 13
63312 12
63313 13
63314 11
63315 13
63316 12
63317 13
63318 11
63319 13
63320 12
63321 13
63322 11
63323 13
63324 12
63325 13
63326 10
63327 13
63328 11
63329 13
63330 10
63331 13
63332 12
63333 13
63334 12
63335 13
63336 12
63337 13
63338 10
63339 13
63340 12
63341 13
63342 10
63343 13
63344 12
63345 13
63346 10
63347 13
63348 11
63349 13
63350 10
63351 13
63352 12
63353 13
63354 10
63355 13
63356 12
63357 13
63358 10
63359 13
63360 11
63361 13
63362 10
63363 13
63364 11
63365 13
63366 11
63367 13
63368 2
63369 13
63370 11
63371 13
63372 11
63373 13
63374 10
63375 13
63376 11
63377 13
63378 10
63379 13
63380 12
63381 13
63382 10
63383 13
63384 12
63385 13
63386 10
63387 13
63388 11
63389 13
63390 10
63391 13
63392 12
63393 13
63394 10
63395 13
63396 12
63397 13
63398 10
63399 13
63400 12
63401 13
63402 11
63403 13
63404 12
63405 13
63406 10
63407 13
63408 11
63409 13
63410 10
63411 13
63412 11
63413 13
63414 10
63415 13
63416 12
63417 13
63418 11
63419 13
63420 12
63421 13
63422 10
63423 13
63424 12
63425 13
63426 11
63427 13
63428 12
63429 13
63430 10
63431 13
63432 11
63433 13
63434 10
63435 13
63436 12
63437 13
63438 10
63439 13
63440 12
63441 13
63442 11
63443 13
63444 12
63445 13
63446 10
63447 13
63448 12
63449 13
63450 11
63451 13
63452 11
63453 13
63454 10
63455 13
63456 12
63457 4
63458 10
63459 13
63460 12
63461 13
63462 11
63463 13
63464 12
63465 13
63466 10
63467 13
63468 12
63469 13
63470 11
63471 13
63472 12
63473 13
63474 10
63475 13
63476 12
63477 13
63478 10
63479 13
63480 12
63481 13
63482 11
63483 13
63484 12
63485 13
63486 10
63487 13
63488 12
63489 13
63490 11
63491 13
63492 12
63493 13
63494 11
63495 13
63496 12
63497 13
63498 10
63499 13
63500 12
63501 13
63502 10
63503 13
63504 11
63505 13
63506 10
63507 13
63508 12
63509 13
63510 11
63511 13
63512 11
63513 13
63514 10
63515 13
63516 12
63517 13
63518 10
63519 13
63520 12
63521 13
63522 10
63523 13
63524 12
63525 13
63526 11
63527 13
63528 12
63529 13
63530 10
63531 13
63532 12
63533 13
63534 10
63535 13
63536 12
63537 13
63538 10
63539 13
63540 12
63541 13
63542 10
63543 13
63544 12
63545 13
63546 1
63547 357
63548 180
63549 119
63550 93
63551 75
63552 61
63553 51
63554 49
63555 42
63556 41
63557 38
63558 33
63559 33
63560 27
63561 28
63562 29
63563 21
63564 24
63565 25
63566 24
63567 17
63568 23
63569 23
63570 21
63571 22
63572 21
63573 19
63574 16
63575 21
63576 17
63577 19
63578 18
63579 17
63580 12
63581 14
63582 16
63583 17
63584 18
63585 16
63586 17
63587 17
63588 10
63589 18
63590 17
63591 14
63592 16
63593 16
63594 14
63595 12
63596 16
63597 7
63598 16
63599 15
63600 13
63601 15
63602 11
63603 14
63604 15
63605 15
63606 13
63607 15
63608 15
63609 8
63610 15
63611 15
63612 12
63613 14
63614 9
63615 12
63616 10
63617 14
63618 12
63619 14
63620 14
63621 12
63622 14
63623 10
63624 12
63625 14
63626 14
63627 12
63628 14
63629 14
63630 8
63631 8
63632 13
63633 11
63634 13
63635 14
63636 12
63637 10
63638 14
63639 11
63640 13
63641 14
63642 12
63643 13
63644 10
63645 11
63646 14
63647 14
63648 5
63649 13
63650 13
63651 7
63652 14
63653 13
63654 11
63655 13
63656 13
63657 11
63658 9
63659 13
63660 11
63661 13
63662 13
63663 11
63664 13
63665 3
63666 11
63667 13
63668 13
63669 11
63670 13
63671 13
63672 7
63673 13
63674 13
63675 11
63676 13
63677 14
63678 11
63679 9
63680 13
63681 12
63682 7
63683 13
63684 11
63685 13
63686 10
63687 11
63688 13
63689 13
63690 11
63691 13
63692 13
63693 7
63694 13
63695 13
63696 11
63697 13
63698 13
63699 5
63700 10
63701 13
63702 11
63703 13
63704 13
63705 11
63706 13
63707 10
63708 11
63709 13
63710 13
63711 12
63712 13
63713 13
63714 8
63715 13
63716 7
63717 11
63718 13
63719 13
63720 11
63721 9
63722 13
63723 11
63724 13
63725 13
63726 11
63727 13
63728 9
63729 11
63730 13
63731 13
63732 11
63733 7
63734 13
63735 8
63736 13
63737 13
63738 12
63739 13
63740 13
63741 11
63742 10
63743 13
63744 11
63745 13
63746 13
63747 11
63748 13
63749 10
63750 5
63751 13
63752 13
63753 11
63754 13
63755 13
63756 7
63757 13
63758 13
63759 11
63760 13
63761 13
63762 11
63763 10
63764 13
63765 11
63766 13
63767 7
63768 11
63769 13
63770 9
63771 11
63772 13
63773 13
63774 11
63775 13
63776 13
63777 7
63778 13
63779 13
63780 11
63781 13
63782 13
63783 11
63784 3
63785 13
63786 11
63787 13
63788 13
63789 11
63790 13
63791 9
63792 11
63793 13
63794 13
63795 11
63796 13
63797 13
63798 7
63799 13
63800 13
63801 5
63802 13
63803 14
63804 11
63805 10
63806 13
63807 11
63808 13
63809 13
63810 11
63811 13
63812 9
63813 11
63814 13
63815 13
63816 11
63817 13
63818 8
63819 8
63820 13
63821 13
63822 11
63823 13
63824 13
63825 11
63826 10
63827 13
63828 11
63829 13
63830 13
63831 11
63832 13
63833 10
63834 11
63835 9
63836 13
63837 11
63838 13
63839 13
63840 7
63841 13
63842 13
63843 11
63844 13
63845 13
63846 11
63847 9
63848 13
63849 11
63850 13
63851 13
63852 5
63853 13
63854 10
63855 11
63856 13
63857 13
63858 11
63859 13
63860 13
63861 8
63862 13
63863 13
63864 11
63865 13
63866 13
63867 12
63868 10
63869 7
63870 11
63871 13
63872 13
63873 11
63874 13
63875 9
63876 12
63877 14
63878 13
63879 11
63880 13
63881 13
63882 8
63883 13
63884 13
63885 11
63886 8
63887 13
63888 11
63889 10
63890 13
63891 12
63892 13
63893 13
63894 11
63895 13
63896 9
63897 11
63898 13
63899 13
63900 11
63901 13
63902 13
63903 1
63904 358
63905 179
63906 122
63907 91
63908 75
63909 62
63910 57
63911 48
63912 45
63913 40
63914 38
63915 34
63916 33
63917 30
63918 30
63919 27
63920 28
63921 26
63922 25
63923 23
63924 24
63925 22
63926 23
63927 21
63928 23
63929 20
63930 21
63931 19
63932 20
63933 18
63934 19
63935 17
63936 18
63937 18
63938 19
63939 17
63940 18
63941 16
63942 17
63943 16
63944 17
63945 15
63946 17
63947 15
63948 16
63949 15
63950 16
63951 14
63952 16
63953 16
63954 16
63955 14
63956 16
63957 14
63958 15
63959 14
63960 15
63961 14
63962 15
63963 14
63964 14
63965 13
63966 14
63967 13
63968 15
63969 13
63970 15
63971 13
63972 15
63973 13
63974 14
63975 13
63976 14
63977 14
63978 14
63979 13
63980 14
63981 13
63982 14
63983 12
63984 14
63985 13
63986 14
63987 13
63988 14
63989 12
63990 14
63991 12
63992 15
63993 13
63994 13
63995 12
63996 13
63997 12
63998 14
63999 13
64000 14
64001 13
64002 13
64003 12
64004 13
64005 12
64006 13
64007 13
64008 13
64009 12
64010 13
64011 12
64012 13
64013 13
64014 13
64015 12
64016 13
64017 12
64018 13
64019 12
64020 13
64021 11
64022 13
64023 12
64024 13
64025 12
64026 14
64027 12
64028 13
64029 12
64030 13
64031 12
64032 13
64033 12
64034 13
64035 12
64036 13
64037 12
64038 13
64039 12
64040 13
64041 11
64042 14
64043 11
64044 13
64045 12
64046 13
64047 12
64048 13
64049 12
64050 13
64051 12
64052 13
64053 11
64054 13
64055 11
64056 13
64057 13
64058 13
64059 12
64060 13
64061 13
64062 13
64063 12
64064 13
64065 11
64066 13
64067 11
64068 13
64069 11
64070 13
64071 12
64072 13
64073 11
64074 13
64075 12
64076 13
64077 11
64078 13
64079 12
64080 13
64081 12
64082 2
64083 12
64084 13
64085 12
64086 13
64087 11
64088 13
64089 12
64090 13
64091 11
64092 13
64093 12
64094 13
64095 11
64096 13
64097 12
64098 13
64099 11
64100 13
64101 12
64102 13
64103 12
64104 13
64105 12
64106 13
64107 12
64108 13
64109 11
64110 13
64111 11
64112 13
64113 12
64114 13
64115 12
64116 13
64117 12
64118 13
64119 12
64120 13
64121 11
64122 13
64123 11
64124 13
64125 12
64126 13
64127 12
64128 13
64129 12
64130 13
64131 12
64132 13
64133 11
64134 13
64135 12
64136 13
64137 12
64138 13
64139 12
64140 13
64141 11
64142 13
64143 11
64144 13
64145 12
64146 13
64147 11
64148 13
64149 11
64150 13
64151 12
64152 13
64153 12
64154 13
64155 12
64156 13
64157 11
64158 13
64159 12
64160 13
64161 12
64162 13
64163 12
64164 13
64165 11
64166 13
64167 12
64168 13
64169 12
64170 13
64171 12
64172 13
64173 12
64174 13
64175 12
64176 13
64177 11
64178 13
64179 12
64180 13
64181 11
64182 13
64183 12
64184 13
64185 12
64186 13
64187 12
64188 13
64189 12
64190 13
64191 12
64192 13
64193 12
64194 13
64195 12
64196 13
64197 12
64198 13
64199 12
64200 13
64201 12
64202 13
64203 12
64204 13
64205 12
64206 13
64207 12
64208 13
64209 12
64210 13
64211 12
64212 13
64213 11
64214 13
64215 12
64216 13
64217 12
64218 14
64219 12
64220 13
64221 11
64222 13
64223 11
64224 13
64225 12
64226 13
64227 12
64228 13
64229 12
64230 13
64231 12
64232 13
64233 12
64234 13
64235 12
64236 13
64237 12
64238 13
64239 12
64240 13
64241 12
64242 13
64243 12
64244 13
64245 12
64246 13
64247 12
64248 13
64249 12
64250 13
64251 12
64252 13
64253 11
64254 13
64255 12
64256 13
64257 12
64258 13
64259 12
64260 13
64261 1
64262 359
64263 181
64264 122
64265 93
64266 76
64267 64
64268 56
64269 51
64270 46
64271 41
64272 38
64273 36
64274 33
64275 32
64276 30
64277 29
64278 29
64279 27
64280 27
64281 25
64282 24
64283 24
64284 23
64285 22
64286 21
64287 21
64288 21
64289 21
64290 19
64291 20
64292 19
64293 20
64294 19
64295 18
64296 18
64297 18
64298 18
64299 17
64300 17
64301 17
64302 17
64303 17
64304 17
64305 17
64306 17
64307 16
64308 16
64309 16
64310 17
64311 15
64312 15
64313 15
64314 15
64315 15
64316 15
64317 15
64318 15
64319 15
64320 15
64321 15
64322 14
64323 15
64324 15
64325 15
64326 15
64327 14
64328 14
64329 14
64330 14
64331 14
64332 14
64333 14
64334 14
64335 14
64336 14
64337 14
64338 14
64339 14
64340 15
64341 14
64342 14
64343 14
64344 14
64345 14
64346 14
64347 13
64348 13
64349 14
64350 13
64351 14
64352 14
64353 14
64354 13
64355 14
64356 13
64357 13
64358 13
64359 14
64360 14
64361 14
64362 14
64363 14
64364 13
64365 13
64366 13
64367 14
64368 13
64369 13
64370 13
64371 13
64372 13
64373 13
64374 13
64375 13
64376 13
64377 13
64378 13
64379 13
64380 13
64381 13
64382 13
64383 13
64384 13
64385 13
64386 13
64387 13
64388 13
64389 13
64390 13
64391 13
64392 13
64393 13
64394 13
64395 13
64396 13
64397 13
64398 13
64399 13
64400 13
64401 13
64402 14
64403 13
64404 13
64405 13
64406 13
64407 13
64408 13
64409 13
64410 13
64411 13
64412 13
64413 13
64414 13
64415 13
64416 13
64417 13
64418 13
64419 13
64420 13
64421 13
64422 13
64423 13
64424 13
64425 13
64426 13
64427 13
64428 13
64429 13
64430 13
64431 13
64432 13
64433 13
64434 13
64435 13
64436 13
64437 13
64438 13
64439 13
64440 14
64441 14
64442 13
64443 13
64444 13
64445 13
64446 13
64447 13
64448 13
64449 13
64450 13
64451 13
64452 13
64453 13
64454 13
64455 13
64456 13
64457 13
64458 13
64459 13
64460 13
64461 13
64462 13
64463 13
64464 13
64465 13
64466 13
64467 13
64468 13
64469 13
64470 13
64471 13
64472 13
64473 13
64474 13
64475 13
64476 13
64477 13
64478 13
64479 13
64480 13
64481 13
64482 13
64483 13
64484 13
64485 13
64486 13
64487 13
64488 13
64489 13
64490 13
64491 13
64492 13
64493 13
64494 13
64495 13
64496 13
64497 13
64498 13
64499 13
64500 13
64501 13
64502 13
64503 13
64504 13
64505 13
64506 13
64507 13
64508 13
64509 13
64510 13
64511 13
64512 13
64513 13
64514 13
64515 13
64516 13
64517 13
64518 13
64519 13
64520 13
64521 13
64522 13
64523 13
64524 13
64525 13
64526 13
64527 13
64528 13
64529 13
64530 13
64531 13
64532 13
64533 13
64534 13
64535 13
64536 13
64537 13
64538 14
64539 13
64540 13
64541 13
64542 13
64543 13
64544 13
64545 13
64546 13
64547 13
64548 13
64549 13
64550 13
64551 13
64552 14
64553 13
64554 13
64555 13
64556 13
64557 13
64558 13
64559 13
64560 13
64561 13
64562 13
64563 13
64564 13
64565 13
64566 13
64567 13
64568 13
64569 13
64570 13
64571 13
64572 13
64573 13
64574 13
64575 14
64576 13
64577 13
64578 13
64579 13
64580 13
64581 13
64582 13
64583 13
64584 13
64585 13
64586 13
64587 13
64588 13
64589 13
64590 13
64591 13
64592 13
64593 13
64594 13
64595 13
64596 13
64597 13
64598 13
64599 13
64600 13
64601 13
64602 13
64603 13
64604 13
64605 13
64606 13
64607 13
64608 13
64609 13
64610 13
64611 14
64612 13
64613 13
64614 13
64615 13
64616 13
64617 13
64618 13
64619 13
64620 1
64621 360
64622 180
64623 120
64624 90
64625 72
64626 60
64627 56
64628 45
64629 40
64630 36
64631 38
64632 30
64633 34
64634 30
64635 24
64636 24
64637 27
64638 20
64639 25
64640 18
64641 23
64642 22
64643 23
64644 15
64645 18
64646 19
64647 16
64648 17
64649 20
64650 12
64651 19
64652 15
64653 16
64654 17
64655 15
64656 10
64657 18
64658 16
64659 16
64660 9
64661 17
64662 13
64663 16
64664 13
64665 8
64666 16
64667 16
64668 9
64669 15
64670 11
64671 14
64672 13
64673 16
64674 9
64675 12
64676 11
64677 13
64678 14
64679 15
64680 6
64681 15
64682 13
64683 10
64684 10
64685 11
64686 11
64687 15
64688 12
64689 13
64690 11
64691 14
64692 5
64693 14
64694 12
64695 9
64696 11
64697 15
64698 10
64699 14
64700 6
64701 10
64702 13
64703 14
64704 9
64705 12
64706 12
64707 12
64708 10
64709 14
64710 4
64711 13
64712 11
64713 12
64714 12
64715 10
64716 7
64717 13
64718 13
64719 9
64720 7
64721 13
64722 11
64723 14
64724 9
64725 8
64726 12
64727 13
64728 6
64729 14
64730 9
64731 11
64732 9
64733 13
64734 10
64735 10
64736 10
64737 9
64738 12
64739 13
64740 3
64741 13
64742 12
64743 11
64744 10
64745 10
64746 7
64747 13
64748 10
64749 11
64750 9
64751 13
64752 8
64753 13
64754 12
64755 5
64756 9
64757 13
64758 10
64759 13
64760 7
64761 11
64762 12
64763 13
64764 4
64765 10
64766 12
64767 11
64768 11
64769 13
64770 6
64771 13
64772 9
64773 9
64774 12
64775 10
64776 9
64777 13
64778 13
64779 11
64780 6
64781 13
64782 8
64783 13
64784 10
64785 7
64786 12
64787 13
64788 8
64789 13
64790 10
64791 8
64792 12
64793 13
64794 9
64795 10
64796 9
64797 10
64798 13
64799 13
64800 2
64801 13
64802 13
64803 10
64804 9
64805 10
64806 9
64807 13
64808 12
64809 8
64810 10
64811 13
64812 8
64813 13
64814 12
64815 7
64816 10
64817 13
64818 8
64819 13
64820 6
64821 11
64822 13
64823 13
64824 9
64825 10
64826 12
64827 9
64828 9
64829 13
64830 6
64831 13
64832 11
64833 11
64834 12
64835 10
64836 4
64837 13
64838 12
64839 11
64840 7
64841 13
64842 10
64843 13
64844 9
64845 5
64846 12
64847 13
64848 8
64849 13
64850 9
64851 11
64852 10
64853 13
64854 7
64855 10
64856 10
64857 11
64858 12
64859 13
64860 3
64861 13
64862 12
64863 9
64864 10
64865 10
64866 9
64867 13
64868 9
64869 11
64870 9
64871 13
64872 6
64873 13
64874 12
64875 8
64876 9
64877 13
64878 11
64879 13
64880 7
64881 8
64882 12
64883 13
64884 7
64885 10
64886 12
64887 11
64888 11
64889 13
64890 4
64891 13
64892 9
64893 11
64894 12
64895 10
64896 9
64897 13
64898 13
64899 9
64900 6
64901 13
64902 10
64903 13
64904 10
64905 9
64906 12
64907 13
64908 5
64909 13
64910 10
64911 11
64912 11
64913 13
64914 10
64915 10
64916 9
64917 9
64918 12
64919 13
64920 5
64921 13
64922 13
64923 11
64924 9
64925 10
64926 7
64927 13
64928 11
64929 11
64930 10
64931 13
64932 8
64933 14
64934 12
64935 7
64936 10
64937 13
64938 11
64939 13
64940 7
64941 11
64942 13
64943 13
64944 6
64945 10
64946 12
64947 11
64948 10
64949 13
64950 7
64951 13
64952 11
64953 9
64954 12
64955 10
64956 7
64957 13
64958 12
64959 11
64960 8
64961 13
64962 9
64963 13
64964 9
64965 8
64966 12
64967 13
64968 9
64969 13
64970 9
64971 9
64972 10
64973 13
64974 10
64975 10
64976 11
64977 11
64978 13
64979 13
64980 1
64981 361
64982 182
64983 123
64984 94
64985 76
64986 64
64987 56
64988 51
64989 45
64990 41
64991 39
64992 36
64993 34
64994 32
64995 30
64996 29
64997 29
64998 26
64999 19
65000 25
65001 24
65002 23
65003 23
65004 22
65005 22
65006 21
65007 21
65008 22
65009 21
65010 19
65011 20
65012 19
65013 19
65014 18
65015 18
65016 18
65017 18
65018 11
65019 17
65020 17
65021 17
65022 17
65023 18
65024 17
65025 16
65026 16
65027 17
65028 16
65029 16
65030 15
65031 16
65032 17
65033 17
65034 15
65035 15
65036 15
65037 9
65038 15
65039 15
65040 15
65041 15
65042 15
65043 15
65044 15
65045 16
65046 14
65047 15
65048 15
65049 15
65050 14
65051 15
65052 14
65053 15
65054 14
65055 14
65056 8
65057 16
65058 14
65059 14
65060 14
65061 14
65062 14
65063 15
65064 14
65065 14
65066 14
65067 14
65068 13
65069 13
65070 13
65071 14
65072 14
65073 14
65074 14
65075 8
65076 13
65077 13
65078 14
65079 14
65080 13
65081 13
65082 13
65083 13
65084 13
65085 13
65086 13
65087 13
65088 13
65089 13
65090 13
65091 13
65092 13
65093 13
65094 7
65095 13
65096 13
65097 13
65098 13
65099 13
65100 13
65101 13
65102 13
65103 13
65104 13
65105 13
65106 13
65107 13
65108 13
65109 13
65110 14
65111 13
65112 13
65113 7
65114 13
65115 13
65116 13
65117 13
65118 13
65119 13
65120 13
65121 13
65122 13
65123 13
65124 13
65125 13
65126 13
65127 13
65128 13
65129 13
65130 13
65131 13
65132 7
65133 13
65134 13
65135 13
65136 13
65137 13
65138 13
65139 13
65140 13
65141 13
65142 13
65143 13
65144 13
65145 13
65146 13
65147 13
65148 13
65149 13
65150 13
65151 7
65152 13
65153 13
65154 13
65155 13
65156 13
65157 13
65158 13
65159 13
65160 13
65161 13
65162 13
65163 13
65164 13
65165 13
65166 13
65167 13
65168 13
65169 13
65170 7
65171 13
65172 13
65173 13
65174 13
65175 13
65176 13
65177 13
65178 13
65179 13
65180 13
65181 13
65182 13
65183 13
65184 13
65185 13
65186 13
65187 13
65188 13
65189 7
65190 13
65191 13
65192 13
65193 13
65194 13
65195 13
65196 13
65197 13
65198 13
65199 13
65200 13
65201 13
65202 13
65203 13
65204 13
65205 13
65206 13
65207 13
65208 7
65209 13
65210 13
65211 13
65212 13
65213 13
65214 13
65215 13
65216 13
65217 13
65218 13
65219 13
65220 13
65221 13
65222 13
65223 13
65224 13
65225 13
65226 13
65227 7
65228 13
65229 13
65230 13
65231 13
65232 13
65233 13
65234 13
65235 13
65236 13
65237 13
65238 13
65239 13
65240 13
65241 13
65242 13
65243 13
65244 13
65245 13
65246 7
65247 13
65248 13
65249 13
65250 13
65251 13
65252 13
65253 13
65254 13
65255 13
65256 13
65257 13
65258 13
65259 13
65260 13
65261 13
65262 13
65263 13
65264 13
65265 7
65266 13
65267 13
65268 13
65269 13
65270 13
65271 13
65272 13
65273 13
65274 13
65275 13
65276 13
65277 13
65278 13
65279 13
65280 13
65281 13
65282 13
65283 13
65284 7
65285 13
65286 13
65287 13
65288 13
65289 13
65290 13
65291 13
65292 13
65293 13
65294 13
65295 13
65296 13
65297 13
65298 13
65299 13
65300 13
65301 13
65302 13
65303 9
65304 13
65305 13
65306 13
65307 13
65308 13
65309 13
65310 13
65311 13
65312 13
65313 13
65314 13
65315 13
65316 13
65317 13
65318 13
65319 13
65320 13
65321 13
65322 7
65323 13
65324 13
65325 13
65326 13
65327 13
65328 13
65329 13
65330 13
65331 13
65332 13
65333 13
65334 13
65335 13
65336 13
65337 13
65338 13
65339 13
65340 13
65341 1
65342 362
65343 181
65344 123
65345 92
65346 76
65347 63
65348 56
65349 49
65350 46
65351 40
65352 38
65353 34
65354 33
65355 30
65356 31
65357 27
65358 28
65359 25
65360 27
65361 23
65362 24
65363 22
65364 23
65365 21
65366 22
65367 20
65368 21
65369 19
65370 20
65371 18
65372 19
65373 18
65374 19
65375 17
65376 18
65377 16
65378 17
65379 16
65380 17
65381 16
65382 17
65383 15
65384 16
65385 15
65386 16
65387 15
65388 16
65389 14
65390 16
65391 14
65392 16
65393 14
65394 16
65395 14
65396 15
65397 14
65398 15
65399 15
65400 15
65401 13
65402 15
65403 13
65404 15
65405 13
65406 15
65407 14
65408 14
65409 13
65410 14
65411 13
65412 14
65413 13
65414 14
65415 13
65416 14
65417 14
65418 14
65419 13
65420 14
65421 12
65422 14
65423 13
65424 14
65425 13
65426 14
65427 13
65428 15
65429 13
65430 14
65431 12
65432 15
65433 12
65434 14
65435 12
65436 14
65437 13
65438 14
65439 12
65440 14
65441 12
65442 13
65443 13
65444 13
65445 14
65446 14
65447 12
65448 14
65449 12
65450 14
65451 13
65452 13
65453 12
65454 13
65455 12
65456 13
65457 12
65458 13
65459 12
65460 13
65461 12
65462 13
65463 11
65464 13
65465 12
65466 13
65467 12
65468 13
65469 13
65470 13
65471 12
65472 14
65473 11
65474 13
65475 12
65476 14
65477 12
65478 13
65479 12
65480 13
65481 12
65482 14
65483 12
65484 13
65485 12
65486 13
65487 12
65488 13
65489 12
65490 13
65491 12
65492 13
65493 12
65494 13
65495 11
65496 13
65497 12
65498 14
65499 12
65500 13
65501 12
65502 13
65503 12
65504 13
65505 12
65506 13
65507 11
65508 13
65509 12
65510 13
65511 11
65512 13
65513 12
65514 13
65515 12
65516 13
65517 11
65518 13
65519 11
65520 13
65521 11
65522 2
65523 11
65524 13
65525 11
65526 13
65527 11
65528 13
65529 12
65530 13
65531 12
65532 13
65533 11
65534 13
65535 11
65536 13
65537 11
65538 13
65539 12
65540 13
65541 12
65542 13
65543 12
65544 13
65545 12
65546 14
65547 12
65548 13
65549 11
65550 13
65551 11
65552 13
65553 12
65554 13
65555 12
65556 13
65557 12
65558 13
65559 11
65560 13
65561 12
65562 13
65563 12
65564 13
65565 12
65566 13
65567 11
65568 13
65569 12
65570 13
65571 11
65572 13
65573 12
65574 13
65575 13
65576 13
65577 11
65578 13
65579 12
65580 13
65581 11
65582 13
65583 12
65584 13
65585 12
65586 13
65587 12
65588 13
65589 12
65590 13
65591 12
65592 13
65593 12
65594 13
65595 12
65596 13
65597 11
65598 13
65599 12
65600 13
65601 12
65602 13
65603 12
65604 13
65605 12
65606 13
65607 12
65608 13
65609 12
65610 13
65611 12
65612 14
65613 12
65614 13
65615 12
65616 13
65617 12
65618 14
65619 13
65620 13
65621 12
65622 13
65623 12
65624 13
65625 13
65626 13
65627 12
65628 13
65629 12
65630 13
65631 12
65632 13
65633 12
65634 13
65635 12
65636 13
65637 12
65638 13
65639 11
65640 13
65641 12
65642 13
65643 12
65644 13
65645 12
65646 13
65647 12
65648 13
65649 12
65650 13
65651 12
65652 13
65653 12
65654 13
65655 11
65656 13
65657 11
65658 13
65659 12
65660 13
65661 12
65662 13
65663 12
65664 13
65665 12
65666 13
65667 12
65668 13
65669 12
65670 13
65671 12
65672 13
65673 12
65674 13
65675 12
65676 13
65677 13
65678 13
65679 12
65680 13
65681 12
65682 13
65683 12
65684 14
65685 12
65686 13
65687 11
65688 13
65689 12
65690 13
65691 12
65692 13
65693 12
65694 13
65695 12
65696 13
65697 12
65698 13
65699 12
65700 13
65701 12
65702 13
65703 1
65704 363
65705 183
65706 121
65707 94
65708 76
65709 62
65710 56
65711 50
65712 43
65713 42
65714 33
65715 34
65716 34
65717 32
65718 28
65719 29
65720 28
65721 24
65722 25
65723 25
65724 22
65725 18
65726 23
65727 21
65728 22
65729 21
65730 19
65731 20
65732 20
65733 17
65734 19
65735 19
65736 11
65737 18
65738 19
65739 16
65740 18
65741 18
65742 16
65743 17
65744 17
65745 15
65746 18
65747 12
65748 14
65749 16
65750 16
65751 14
65752 17
65753 16
65754 15
65755 16
65756 15
65757 13
65758 10
65759 15
65760 13
65761 15
65762 15
65763 13
65764 15
65765 15
65766 13
65767 15
65768 15
65769 7
65770 15
65771 15
65772 13
65773 14
65774 14
65775 12
65776 14
65777 14
65778 12
65779 14
65780 9
65781 13
65782 14
65783 14
65784 12
65785 14
65786 14
65787 12
65788 14
65789 14
65790 12
65791 10
65792 14
65793 11
65794 13
65795 13
65796 11
65797 13
65798 14
65799 12
65800 13
65801 13
65802 6
65803 14
65804 13
65805 11
65806 13
65807 13
65808 11
65809 13
65810 14
65811 11
65812 13
65813 9
65814 11
65815 13
65816 13
65817 11
65818 13
65819 13
65820 11
65821 13
65822 13
65823 11
65824 3
65825 13
65826 11
65827 13
65828 13
65829 11
65830 13
65831 13
65832 12
65833 13
65834 14
65835 6
65836 13
65837 13
65838 11
65839 13
65840 13
65841 11
65842 13
65843 13
65844 11
65845 13
65846 8
65847 11
65848 13
65849 13
65850 11
65851 13
65852 13
65853 11
65854 13
65855 13
65856 11
65857 8
65858 13
65859 12
65860 13
65861 13
65862 11
65863 13
65864 13
65865 11
65866 13
65867 13
65868 6
65869 13
65870 13
65871 11
65872 13
65873 13
65874 11
65875 13
65876 13
65877 11
65878 13
65879 9
65880 11
65881 13
65882 13
65883 11
65884 13
65885 13
65886 11
65887 13
65888 13
65889 11
65890 9
65891 13
65892 11
65893 13
65894 13
65895 11
65896 13
65897 13
65898 11
65899 13
65900 13
65901 6
65902 13
65903 13
65904 11
65905 13
65906 13
65907 11
65908 13
65909 13
65910 11
65911 13
65912 8
65913 11
65914 13
65915 13
65916 11
65917 13
65918 13
65919 11
65920 13
65921 13
65922 11
65923 8
65924 13
65925 11
65926 13
65927 13
65928 11
65929 13
65930 13
65931 11
65932 13
65933 13
65934 6
65935 13
65936 13
65937 11
65938 13
65939 13
65940 11
65941 13
65942 13
65943 11
65944 13
65945 3
65946 11
65947 13
65948 13
65949 11
65950 13
65951 13
65952 11
65953 13
65954 13
65955 11
65956 9
65957 13
65958 11
65959 13
65960 13
65961 11
65962 13
65963 13
65964 11
65965 13
65966 13
65967 6
65968 13
65969 13
65970 11
65971 13
65972 13
65973 11
65974 13
65975 13
65976 11
65977 13
65978 10
65979 11
65980 13
65981 13
65982 11
65983 13
65984 13
65985 11
65986 13
65987 13
65988 11
65989 8
65990 13
65991 11
65992 13
65993 13
65994 11
65995 13
65996 13
65997 11
65998 13
65999 13
66000 7
66001 13
66002 13
66003 11
66004 13
66005 13
66006 11
66007 13
66008 13
66009 11
66010 13
66011 8
66012 11
66013 13
66014 13
66015 11
66016 13
66017 13
66018 11
66019 13
66020 13
66021 11
66022 9
66023 13
66024 11
66025 13
66026 13
66027 11
66028 13
66029 13
66030 11
66031 13
66032 13
66033 6
66034 13
66035 13
66036 11
66037 13
66038 13
66039 11
66040 13
66041 13
66042 11
66043 13
66044 9
66045 11
66046 13
66047 13
66048 11
66049 13
66050 13
66051 11
66052 13
66053 13
66054 11
66055 9
66056 13
66057 11
66058 13
66059 13
66060 11
66061 13
66062 13
66063 11
66064 13
66065 13
66066 1
66067 364
66068 182
66069 124
66070 91
66071 77
66072 63
66073 52
66074 47
66075 46
66076 40
66077 39
66078 33
66079 28
66080 26
66081 30
66082 26
66083 28
66084 26
66085 26
66086 22
66087 20
66088 22
66089 24
66090 19
66091 22
66092 14
66093 21
66094 13
66095 21
66096 19
66097 19
66098 16
66099 19
66100 17
66101 14
66102 15
66103 19
66104 16
66105 12
66106 14
66107 19
66108 11
66109 17
66110 14
66111 16
66112 15
66113 16
66114 13
66115 12
66116 15
66117 16
66118 7
66119 16
66120 14
66121 15
66122 8
66123 15
66124 13
66125 15
66126 12
66127 14
66128 14
66129 11
66130 12
66131 9
66132 13
66133 16
66134 12
66135 15
66136 9
66137 14
66138 11
66139 14
66140 13
66141 14
66142 11
66143 10
66144 7
66145 14
66146 12
66147 14
66148 13
66149 14
66150 7
66151 13
66152 14
66153 14
66154 11
66155 14
66156 12
66157 4
66158 11
66159 13
66160 12
66161 14
66162 11
66163 14
66164 8
66165 13
66166 11
66167 13
66168 13
66169 13
66170 5
66171 10
66172 12
66173 14
66174 11
66175 13
66176 12
66177 14
66178 7
66179 13
66180 12
66181 13
66182 11
66183 8
66184 12
66185 10
66186 10
66187 13
66188 12
66189 13
66190 10
66191 13
66192 9
66193 13
66194 10
66195 13
66196 7
66197 13
66198 11
66199 9
66200 12
66201 13
66202 10
66203 13
66204 12
66205 13
66206 6
66207 13
66208 12
66209 8
66210 11
66211 13
66212 12
66213 9
66214 10
66215 13
66216 12
66217 13
66218 11
66219 13
66220 8
66221 14
66222 5
66223 13
66224 12
66225 13
66226 11
66227 10
66228 13
66229 13
66230 10
66231 13
66232 12
66233 13
66234 6
66235 9
66236 12
66237 13
66238 10
66239 13
66240 12
66241 11
66242 10
66243 13
66244 12
66245 13
66246 10
66247 13
66248 2
66249 13
66250 10
66251 13
66252 12
66253 13
66254 10
66255 11
66256 12
66257 13
66258 10
66259 13
66260 12
66261 8
66262 6
66263 13
66264 12
66265 13
66266 10
66267 13
66268 13
66269 10
66270 10
66271 13
66272 12
66273 13
66274 5
66275 13
66276 8
66277 13
66278 11
66279 13
66280 12
66281 13
66282 10
66283 9
66284 12
66285 13
66286 11
66287 8
66288 12
66289 13
66290 6
66291 13
66292 12
66293 13
66294 10
66295 13
66296 12
66297 9
66298 10
66299 13
66300 7
66301 13
66302 10
66303 13
66304 9
66305 13
66306 10
66307 13
66308 12
66309 13
66310 10
66311 10
66312 12
66313 8
66314 10
66315 13
66316 12
66317 13
66318 7
66319 13
66320 12
66321 13
66322 10
66323 13
66324 12
66325 9
66326 5
66327 13
66328 12
66329 13
66330 11
66331 13
66332 8
66333 13
66334 10
66335 13
66336 12
66337 13
66338 11
66339 4
66340 12
66341 13
66342 11
66343 13
66344 12
66345 13
66346 7
66347 13
66348 12
66349 13
66350 10
66351 13
66352 7
66353 9
66354 10
66355 13
66356 12
66357 13
66358 10
66359 13
66360 8
66361 13
66362 11
66363 13
66364 12
66365 9
66366 10
66367 10
66368 12
66369 13
66370 10
66371 13
66372 12
66373 13
66374 6
66375 13
66376 12
66377 13
66378 5
66379 13
66380 12
66381 10
66382 11
66383 13
66384 12
66385 13
66386 11
66387 13
66388 8
66389 13
66390 11
66391 10
66392 12
66393 13
66394 11
66395 9
66396 12
66397 13
66398 10
66399 13
66400 12
66401 13
66402 7
66403 13
66404 7
66405 13
66406 10
66407 13
66408 12
66409 11
66410 11
66411 13
66412 12
66413 13
66414 10
66415 13
66416 8
66417 8
66418 11
66419 13
66420 12
66421 13
66422 12
66423 10
66424 12
66425 13
66426 10
66427 13
66428 12
66429 13
66430 1
66431 365
66432 184
66433 124
66434 95
66435 73
66436 65
66437 58
66438 50
66439 46
66440 38
66441 38
66442 36
66443 34
66444 32
66445 27
66446 30
66447 29
66448 27
66449 27
66450 22
66451 24
66452 24
66453 23
66454 24
66455 18
66456 21
66457 21
66458 21
66459 20
66460 16
66461 19
66462 19
66463 19
66464 18
66465 15
66466 20
66467 17
66468 17
66469 17
66470 15
66471 17
66472 17
66473 17
66474 16
66475 13
66476 16
66477 16
66478 16
66479 16
66480 13
66481 15
66482 16
66483 16
66484 15
66485 12
66486 15
66487 15
66488 15
66489 15
66490 12
66491 15
66492 15
66493 15
66494 15
66495 11
66496 14
66497 15
66498 15
66499 14
66500 11
66501 14
66502 14
66503 5
66504 14
66505 11
66506 14
66507 14
66508 14
66509 14
66510 11
66511 14
66512 14
66513 14
66514 14
66515 11
66516 14
66517 13
66518 15
66519 13
66520 10
66521 14
66522 13
66523 14
66524 13
66525 10
66526 15
66527 14
66528 13
66529 13
66530 10
66531 13
66532 13
66533 13
66534 13
66535 10
66536 13
66537 13
66538 13
66539 14
66540 11
66541 13
66542 14
66543 13
66544 13
66545 10
66546 13
66547 13
66548 13
66549 13
66550 10
66551 13
66552 13
66553 13
66554 13
66555 10
66556 13
66557 13
66558 13
66559 13
66560 10
66561 13
66562 13
66563 14
66564 13
66565 10
66566 13
66567 13
66568 13
66569 13
66570 10
66571 13
66572 13
66573 13
66574 14
66575 10
66576 4
66577 13
66578 13
66579 13
66580 10
66581 13
66582 13
66583 13
66584 13
66585 11
66586 13
66587 13
66588 13
66589 13
66590 10
66591 13
66592 13
66593 13
66594 13
66595 10
66596 13
66597 13
66598 13
66599 13
66600 10
66601 13
66602 13
66603 13
66604 13
66605 10
66606 13
66607 13
66608 13
66609 13
66610 10
66611 13
66612 13
66613 13
66614 13
66615 10
66616 13
66617 13
66618 13
66619 13
66620 10
66621 13
66622 13
66623 13
66624 13
66625 10
66626 13
66627 13
66628 13
66629 13
66630 10
66631 13
66632 13
66633 13
66634 13
66635 10
66636 13
66637 13
66638 13
66639 13
66640 10
66641 13
66642 13
66643 13
66644 13
66645 10
66646 13
66647 13
66648 13
66649 4
66650 10
66651 14
66652 13
66653 13
66654 13
66655 10
66656 13
66657 13
66658 13
66659 13
66660 10
66661 13
66662 13
66663 13
66664 13
66665 10
66666 13
66667 13
66668 13
66669 13
66670 10
66671 13
66672 13
66673 13
66674 13
66675 10
66676 13
66677 13
66678 13
66679 13
66680 10
66681 13
66682 13
66683 13
66684 13
66685 10
66686 13
66687 13
66688 13
66689 13
66690 10
66691 13
66692 13
66693 13
66694 13
66695 10
66696 13
66697 13
66698 13
66699 13
66700 10
66701 13
66702 14
66703 13
66704 13
66705 10
66706 13
66707 13
66708 13
66709 13
66710 10
66711 13
66712 13
66713 13
66714 13
66715 10
66716 13
66717 13
66718 13
66719 13
66720 10
66721 14
66722 5
66723 13
66724 13
66725 10
66726 13
66727 13
66728 13
66729 13
66730 10
66731 13
66732 13
66733 13
66734 13
66735 10
66736 13
66737 13
66738 13
66739 13
66740 10
66741 13
66742 13
66743 13
66744 13
66745 10
66746 13
66747 13
66748 13
66749 13
66750 10
66751 13
66752 13
66753 13
66754 13
66755 10
66756 13
66757 13
66758 13
66759 13
66760 10
66761 13
66762 13
66763 13
66764 13
66765 10
66766 13
66767 13
66768 13
66769 13
66770 10
66771 13
66772 13
66773 13
66774 13
66775 11
66776 13
66777 13
66778 13
66779 13
66780 10
66781 13
66782 14
66783 13
66784 13
66785 10
66786 13
66787 13
66788 13
66789 13
66790 10
66791 13
66792 13
66793 13
66794 13
66795 1
66796 366
66797 183
66798 122
66799 93
66800 77
66801 61
66802 57
66803 49
66804 43
66805 40
66806 39
66807 32
66808 35
66809 32
66810 28
66811 29
66812 29
66813 23
66814 27
66815 24
66816 22
66817 22
66818 23
66819 19
66820 22
66821 20
66822 19
66823 19
66824 20
66825 16
66826 19
66827 18
66828 17
66829 18
66830 18
66831 14
66832 18
66833 16
66834 15
66835 16
66836 17
66837 13
66838 17
66839 16
66840 15
66841 15
66842 16
66843 12
66844 16
66845 16
66846 13
66847 14
66848 15
66849 12
66850 16
66851 14
66852 13
66853 15
66854 17
66855 11
66856 6
66857 13
66858 14
66859 14
66860 15
66861 11
66862 15
66863 13
66864 13
66865 14
66866 15
66867 11
66868 14
66869 13
66870 12
66871 13
66872 14
66873 11
66874 14
66875 13
66876 12
66877 12
66878 14
66879 10
66880 14
66881 12
66882 12
66883 13
66884 14
66885 10
66886 13
66887 12
66888 11
66889 12
66890 13
66891 11
66892 14
66893 12
66894 12
66895 12
66896 14
66897 10
66898 13
66899 13
66900 12
66901 14
66902 13
66903 10
66904 13
66905 12
66906 12
66907 12
66908 13
66909 11
66910 13
66911 12
66912 11
66913 12
66914 13
66915 10
66916 13
66917 3
66918 11
66919 12
66920 13
66921 9
66922 13
66923 13
66924 12
66925 12
66926 13
66927 10
66928 14
66929 12
66930 11
66931 12
66932 13
66933 10
66934 13
66935 12
66936 11
66937 12
66938 13
66939 9
66940 13
66941 12
66942 11
66943 12
66944 13
66945 10
66946 13
66947 12
66948 11
66949 12
66950 13
66951 9
66952 13
66953 11
66954 12
66955 12
66956 13
66957 10
66958 13
66959 12
66960 12
66961 12
66962 13
66963 9
66964 13
66965 11
66966 11
66967 12
66968 13
66969 9
66970 13
66971 12
66972 11
66973 11
66974 13
66975 9
66976 13
66977 12
66978 2
66979 12
66980 13
66981 9
66982 13
66983 11
66984 11
66985 12
66986 13
66987 9
66988 13
66989 12
66990 11
66991 11
66992 13
66993 9
66994 13
66995 12
66996 12
66997 12
66998 13
66999 10
67000 13
67001 12
67002 12
67003 11
67004 13
67005 9
67006 13
67007 12
67008 11
67009 12
67010 13
67011 10
67012 13
67013 12
67014 11
67015 12
67016 13
67017 9
67018 13
67019 11
67020 11
67021 12
67022 13
67023 9
67024 13
67025 12
67026 11
67027 12
67028 13
67029 10
67030 13
67031 12
67032 12
67033 12
67034 13
67035 9
67036 13
67037 12
67038 11
67039 3
67040 13
67041 10
67042 13
67043 11
67044 11
67045 12
67046 13
67047 10
67048 13
67049 12
67050 11
67051 12
67052 13
67053 9
67054 13
67055 12
67056 11
67057 12
67058 13
67059 9
67060 13
67061 12
67062 11
67063 12
67064 13
67065 10
67066 13
67067 12
67068 11
67069 12
67070 13
67071 10
67072 13
67073 12
67074 11
67075 12
67076 13
67077 10
67078 13
67079 12
67080 11
67081 11
67082 14
67083 10
67084 13
67085 11
67086 11
67087 11
67088 13
67089 11
67090 13
67091 12
67092 12
67093 12
67094 13
67095 9
67096 13
67097 11
67098 11
67099 12
67100 5
67101 10
67102 13
67103 12
67104 11
67105 12
67106 13
67107 10
67108 13
67109 12
67110 12
67111 12
67112 13
67113 9
67114 13
67115 12
67116 11
67117 12
67118 13
67119 9
67120 13
67121 12
67122 11
67123 12
67124 13
67125 10
67126 13
67127 12
67128 11
67129 12
67130 13
67131 10
67132 13
67133 12
67134 11
67135 12
67136 13
67137 10
67138 13
67139 12
67140 11
67141 12
67142 13
67143 10
67144 13
67145 12
67146 11
67147 12
67148 13
67149 9
67150 13
67151 12
67152 11
67153 12
67154 13
67155 10
67156 13
67157 12
67158 11
67159 12
67160 13
67161 1
67162 367
67163 185
67164 125
67165 95
67166 77
67167 65
67168 57
67169 52
67170 46
67171 42
67172 39
67173 36
67174 35
67175 32
67176 31
67177 29
67178 28
67179 27
67180 26
67181 25
67182 24
67183 23
67184 23
67185 22
67186 23
67187 21
67188 21
67189 20
67190 20
67191 20
67192 19
67193 20
67194 19
67195 19
67196 19
67197 19
67198 18
67199 18
67200 17
67201 17
67202 17
67203 17
67204 17
67205 16
67206 17
67207 16
67208 16
67209 16
67210 16
67211 16
67212 16
67213 16
67214 16
67215 15
67216 15
67217 15
67218 15
67219 15
67220 15
67221 16
67222 15
67223 15
67224 15
67225 15
67226 15
67227 14
67228 15
67229 15
67230 15
67231 14
67232 14
67233 14
67234 15
67235 14
67236 14
67237 14
67238 14
67239 14
67240 13
67241 14
67242 14
67243 14
67244 14
67245 13
67246 15
67247 14
67248 15
67249 13
67250 15
67251 14
67252 14
67253 14
67254 13
67255 13
67256 14
67257 13
67258 13
67259 13
67260 14
67261 14
67262 14
67263 14
67264 13
67265 13
67266 14
67267 13
67268 14
67269 13
67270 13
67271 13
67272 13
67273 14
67274 14
67275 13
67276 13
67277 13
67278 13
67279 13
67280 13
67281 13
67282 13
67283 13
67284 13
67285 13
67286 13
67287 13
67288 13
67289 13
67290 13
67291 13
67292 13
67293 14
67294 13
67295 13
67296 13
67297 13
67298 13
67299 13
67300 13
67301 13
67302 13
67303 13
67304 13
67305 13
67306 13
67307 13
67308 13
67309 14
67310 13
67311 13
67312 13
67313 13
67314 13
67315 13
67316 13
67317 13
67318 13
67319 13
67320 13
67321 13
67322 14
67323 13
67324 13
67325 13
67326 13
67327 13
67328 13
67329 13
67330 13
67331 13
67332 13
67333 13
67334 13
67335 13
67336 13
67337 13
67338 13
67339 13
67340 13
67341 13
67342 13
67343 13
67344 13
67345 13
67346 13
67347 13
67348 13
67349 13
67350 13
67351 13
67352 13
67353 13
67354 13
67355 13
67356 13
67357 13
67358 13
67359 13
67360 13
67361 13
67362 13
67363 13
67364 13
67365 13
67366 13
67367 13
67368 13
67369 13
67370 13
67371 13
67372 13
67373 13
67374 13
67375 13
67376 13
67377 13
67378 13
67379 13
67380 13
67381 13
67382 13
67383 13
67384 13
67385 13
67386 13
67387 13
67388 13
67389 13
67390 13
67391 13
67392 13
67393 13
67394 13
67395 13
67396 13
67397 13
67398 13
67399 13
67400 13
67401 13
67402 13
67403 13
67404 13
67405 13
67406 13
67407 13
67408 13
67409 13
67410 13
67411 13
67412 13
67413 13
67414 13
67415 13
67416 13
67417 13
67418 13
67419 13
67420 13
67421 13
67422 13
67423 13
67424 13
67425 13
67426 13
67427 13
67428 13
67429 13
67430 13
67431 13
67432 13
67433 13
67434 13
67435 13
67436 13
67437 13
67438 13
67439 13
67440 13
67441 13
67442 13
67443 13
67444 13
67445 13
67446 13
67447 13
67448 13
67449 13
67450 13
67451 13
67452 13
67453 13
67454 13
67455 13
67456 13
67457 13
67458 13
67459 13
67460 13
67461 13
67462 13
67463 13
67464 13
67465 13
67466 13
67467 13
67468 13
67469 13
67470 13
67471 13
67472 13
67473 13
67474 13
67475 13
67476 13
67477 13
67478 13
67479 13
67480 13
67481 13
67482 13
67483 13
67484 13
67485 13
67486 13
67487 13
67488 13
67489 13
67490 13
67491 13
67492 13
67493 13
67494 13
67495 13
67496 13
67497 13
67498 13
67499 13
67500 13
67501 13
67502 13
67503 13
67504 13
67505 13
67506 13
67507 13
67508 13
67509 13
67510 13
67511 13
67512 13
67513 13
67514 13
67515 13
67516 13
67517 13
67518 13
67519 13
67520 13
67521 13
67522 13
67523 13
67524 13
67525 13
67526 13
67527 13
67528 1
67529 368
67530 184
67531 125
67532 92
67533 77
67534 64
67535 57
67536 46
67537 47
67538 41
67539 39
67540 33
67541 35
67542 31
67543 31
67544 23
67545 28
67546 26
67547 26
67548 22
67549 24
67550 22
67551 16
67552 18
67553 22
67554 21
67555 21
67556 19
67557 21
67558 18
67559 20
67560 13
67561 19
67562 17
67563 19
67564 16
67565 18
67566 16
67567 18
67568 13
67569 17
67570 16
67571 17
67572 14
67573 16
67574 8
67575 16
67576 10
67577 16
67578 14
67579 16
67580 13
67581 15
67582 14
67583 15
67584 11
67585 15
67586 14
67587 15
67588 13
67589 15
67590 13
67591 15
67592 9
67593 15
67594 13
67595 15
67596 12
67597 8
67598 13
67599 14
67600 10
67601 14
67602 13
67603 14
67604 11
67605 15
67606 13
67607 15
67608 8
67609 14
67610 13
67611 14
67612 11
67613 14
67614 12
67615 14
67616 9
67617 13
67618 12
67619 14
67620 4
67621 14
67622 14
67623 14
67624 8
67625 13
67626 12
67627 14
67628 12
67629 14
67630 12
67631 13
67632 9
67633 13
67634 13
67635 14
67636 11
67637 13
67638 13
67639 13
67640 8
67641 14
67642 12
67643 7
67644 11
67645 14
67646 12
67647 14
67648 9
67649 13
67650 12
67651 13
67652 10
67653 13
67654 12
67655 13
67656 9
67657 13
67658 12
67659 13
67660 10
67661 14
67662 12
67663 13
67664 9
67665 13
67666 5
67667 13
67668 11
67669 13
67670 12
67671 13
67672 8
67673 13
67674 12
67675 13
67676 10
67677 13
67678 12
67679 13
67680 9
67681 13
67682 12
67683 13
67684 10
67685 13
67686 12
67687 12
67688 8
67689 7
67690 12
67691 13
67692 11
67693 13
67694 11
67695 13
67696 9
67697 12
67698 11
67699 14
67700 11
67701 14
67702 12
67703 13
67704 8
67705 12
67706 12
67707 13
67708 10
67709 13
67710 11
67711 12
67712 2
67713 12
67714 11
67715 13
67716 10
67717 13
67718 12
67719 12
67720 8
67721 13
67722 12
67723 14
67724 11
67725 14
67726 11
67727 12
67728 9
67729 13
67730 11
67731 13
67732 11
67733 13
67734 12
67735 7
67736 8
67737 12
67738 12
67739 13
67740 10
67741 13
67742 12
67743 13
67744 9
67745 13
67746 12
67747 13
67748 10
67749 13
67750 12
67751 13
67752 8
67753 12
67754 12
67755 13
67756 10
67757 13
67758 5
67759 13
67760 9
67761 13
67762 11
67763 14
67764 10
67765 13
67766 12
67767 13
67768 8
67769 13
67770 12
67771 13
67772 10
67773 13
67774 12
67775 12
67776 9
67777 13
67778 12
67779 14
67780 11
67781 7
67782 12
67783 13
67784 8
67785 13
67786 12
67787 13
67788 10
67789 13
67790 12
67791 13
67792 9
67793 12
67794 12
67795 13
67796 11
67797 13
67798 12
67799 13
67800 8
67801 13
67802 12
67803 14
67804 4
67805 13
67806 12
67807 13
67808 9
67809 13
67810 12
67811 14
67812 11
67813 13
67814 12
67815 13
67816 8
67817 13
67818 12
67819 14
67820 11
67821 13
67822 12
67823 12
67824 9
67825 13
67826 12
67827 8
67828 10
67829 14
67830 12
67831 13
67832 9
67833 13
67834 12
67835 13
67836 11
67837 13
67838 11
67839 13
67840 9
67841 13
67842 12
67843 13
67844 11
67845 13
67846 12
67847 13
67848 8
67849 13
67850 7
67851 13
67852 12
67853 13
67854 12
67855 13
67856 9
67857 13
67858 12
67859 13
67860 11
67861 13
67862 12
67863 13
67864 8
67865 13
67866 12
67867 13
67868 11
67869 13
67870 12
67871 13
67872 9
67873 7
67874 12
67875 13
67876 10
67877 13
67878 12
67879 13
67880 8
67881 13
67882 12
67883 13
67884 10
67885 14
67886 12
67887 13
67888 9
67889 13
67890 12
67891 13
67892 11
67893 13
67894 12
67895 13
67896 1
67897 369
67898 186
67899 123
67900 96
67901 78
67902 63
67903 57
67904 52
67905 41
67906 42
67907 39
67908 34
67909 34
67910 32
67911 28
67912 30
67913 28
67914 22
67915 26
67916 26
67917 22
67918 24
67919 23
67920 20
67921 22
67922 21
67923 16
67924 20
67925 20
67926 18
67927 19
67928 20
67929 16
67930 19
67931 18
67932 14
67933 18
67934 18
67935 15
67936 17
67937 9
67938 15
67939 17
67940 16
67941 12
67942 16
67943 16
67944 14
67945 16
67946 16
67947 15
67948 15
67949 15
67950 11
67951 15
67952 15
67953 13
67954 15
67955 16
67956 13
67957 15
67958 15
67959 10
67960 15
67961 14
67962 13
67963 15
67964 15
67965 12
67966 15
67967 14
67968 11
67969 14
67970 14
67971 12
67972 14
67973 15
67974 12
67975 14
67976 14
67977 10
67978 6
67979 14
67980 12
67981 13
67982 14
67983 13
67984 14
67985 13
67986 9
67987 15
67988 14
67989 11
67990 14
67991 14
67992 11
67993 14
67994 13
67995 9
67996 13
67997 13
67998 11
67999 13
68000 14
68001 12
68002 14
68003 14
68004 9
68005 13
68006 13
68007 11
68008 13
68009 14
68010 11
68011 13
68012 13
68013 10
68014 13
68015 13
68016 11
68017 13
68018 13
68019 3
68020 13
68021 13
68022 9
68023 13
68024 13
68025 11
68026 13
68027 13
68028 11
68029 13
68030 13
68031 9
68032 13
68033 13
68034 11
68035 13
68036 13
68037 11
68038 13
68039 13
68040 9
68041 13
68042 13
68043 11
68044 13
68045 13
68046 11
68047 13
68048 13
68049 9
68050 13
68051 13
68052 11
68053 13
68054 13
68055 12
68056 13
68057 13
68058 9
68059 13
68060 6
68061 11
68062 13
68063 13
68064 11
68065 13
68066 13
68067 9
68068 13
68069 13
68070 11
68071 13
68072 13
68073 11
68074 13
68075 13
68076 9
68077 13
68078 13
68079 11
68080 13
68081 13
68082 11
68083 13
68084 13
68085 9
68086 13
68087 13
68088 11
68089 13
68090 13
68091 11
68092 13
68093 13
68094 9
68095 13
68096 13
68097 11
68098 13
68099 13
68100 11
68101 6
68102 13
68103 9
68104 13
68105 13
68106 11
68107 13
68108 13
68109 11
68110 13
68111 13
68112 9
68113 13
68114 13
68115 11
68116 13
68117 13
68118 11
68119 13
68120 13
68121 9
68122 13
68123 13
68124 11
68125 13
68126 13
68127 11
68128 13
68129 13
68130 9
68131 13
68132 13
68133 11
68134 13
68135 13
68136 11
68137 13
68138 13
68139 9
68140 13
68141 13
68142 3
68143 13
68144 13
68145 11
68146 13
68147 13
68148 9
68149 13
68150 13
68151 11
68152 13
68153 13
68154 11
68155 13
68156 13
68157 9
68158 13
68159 13
68160 11
68161 13
68162 13
68163 11
68164 13
68165 13
68166 9
68167 13
68168 13
68169 11
68170 13
68171 13
68172 11
68173 13
68174 13
68175 9
68176 13
68177 13
68178 11
68179 13
68180 13
68181 12
68182 13
68183 6
68184 9
68185 13
68186 13
68187 11
68188 13
68189 13
68190 11
68191 13
68192 13
68193 9
68194 13
68195 13
68196 11
68197 13
68198 13
68199 11
68200 13
68201 13
68202 9
68203 13
68204 13
68205 11
68206 13
68207 13
68208 11
68209 13
68210 13
68211 9
68212 13
68213 13
68214 11
68215 13
68216 13
68217 11
68218 13
68219 13
68220 11
68221 13
68222 13
68223 11
68224 7
68225 13
68226 11
68227 13
68228 13
68229 9
68230 13
68231 14
68232 12
68233 13
68234 13
68235 11
68236 13
68237 13
68238 9
68239 13
68240 13
68241 11
68242 13
68243 13
68244 11
68245 13
68246 13
68247 9
68248 13
68249 13
68250 11
68251 13
68252 13
68253 11
68254 13
68255 13
68256 9
68257 13
68258 13
68259 11
68260 13
68261 14
68262 11
68263 13
68264 13
68265 1
68266 370
68267 185
68268 126
68269 94
68270 74
68271 64
68272 57
68273 50
68274 46
68275 37
68276 39
68277 35
68278 34
68279 31
68280 27
68281 29
68282 29
68283 26
68284 26
68285 20
68286 24
68287 23
68288 23
68289 21
68290 19
68291 21
68292 21
68293 19
68294 21
68295 15
68296 19
68297 18
68298 19
68299 18
68300 15
68301 17
68302 10
68303 16
68304 19
68305 13
68306 17
68307 17
68308 17
68309 15
68310 14
68311 15
68312 16
68313 15
68314 16
68315 11
68316 16
68317 14
68318 16
68319 14
68320 12
68321 14
68322 16
68323 13
68324 15
68325 10
68326 15
68327 13
68328 15
68329 14
68330 12
68331 13
68332 14
68333 13
68334 15
68335 10
68336 15
68337 15
68338 14
68339 5
68340 11
68341 13
68342 14
68343 13
68344 14
68345 9
68346 14
68347 13
68348 14
68349 12
68350 11
68351 14
68352 14
68353 13
68354 14
68355 9
68356 14
68357 12
68358 13
68359 12
68360 12
68361 12
68362 13
68363 12
68364 13
68365 9
68366 14
68367 12
68368 13
68369 13
68370 10
68371 12
68372 14
68373 12
68374 13
68375 9
68376 6
68377 12
68378 13
68379 12
68380 11
68381 12
68382 13
68383 12
68384 13
68385 9
68386 13
68387 12
68388 13
68389 12
68390 10
68391 12
68392 13
68393 12
68394 13
68395 8
68396 13
68397 12
68398 13
68399 12
68400 10
68401 12
68402 13
68403 12
68404 13
68405 9
68406 13
68407 11
68408 13
68409 12
68410 11
68411 12
68412 13
68413 4
68414 13
68415 9
68416 14
68417 12
68418 13
68419 12
68420 10
68421 12
68422 13
68423 12
68424 13
68425 9
68426 13
68427 11
68428 13
68429 11
68430 10
68431 12
68432 13
68433 12
68434 13
68435 8
68436 13
68437 11
68438 13
68439 11
68440 10
68441 11
68442 13
68443 12
68444 13
68445 8
68446 13
68447 12
68448 13
68449 12
68450 2
68451 12
68452 13
68453 12
68454 13
68455 8
68456 13
68457 12
68458 13
68459 11
68460 10
68461 11
68462 13
68463 11
68464 13
68465 8
68466 13
68467 12
68468 13
68469 12
68470 10
68471 11
68472 13
68473 11
68474 13
68475 9
68476 13
68477 12
68478 13
68479 12
68480 10
68481 12
68482 13
68483 12
68484 13
68485 8
68486 13
68487 4
68488 13
68489 12
68490 11
68491 12
68492 13
68493 11
68494 13
68495 9
68496 13
68497 12
68498 13
68499 12
68500 10
68501 12
68502 13
68503 12
68504 13
68505 8
68506 13
68507 12
68508 13
68509 12
68510 10
68511 12
68512 13
68513 12
68514 13
68515 9
68516 13
68517 12
68518 13
68519 12
68520 10
68521 11
68522 13
68523 12
68524 6
68525 9
68526 13
68527 12
68528 13
68529 12
68530 10
68531 11
68532 13
68533 12
68534 14
68535 9
68536 13
68537 11
68538 13
68539 12
68540 11
68541 12
68542 13
68543 11
68544 14
68545 9
68546 13
68547 11
68548 13
68549 12
68550 10
68551 12
68552 13
68553 11
68554 13
68555 8
68556 14
68557 12
68558 13
68559 12
68560 11
68561 5
68562 13
68563 12
68564 13
68565 9
68566 13
68567 11
68568 13
68569 12
68570 11
68571 11
68572 13
68573 12
68574 13
68575 10
68576 13
68577 12
68578 13
68579 12
68580 10
68581 12
68582 13
68583 11
68584 13
68585 8
68586 14
68587 12
68588 13
68589 12
68590 10
68591 12
68592 13
68593 12
68594 13
68595 9
68596 13
68597 12
68598 6
68599 12
68600 10
68601 11
68602 13
68603 11
68604 13
68605 9
68606 13
68607 12
68608 13
68609 12
68610 10
68611 12
68612 13
68613 12
68614 13
68615 9
68616 13
68617 12
68618 13
68619 12
68620 10
68621 12
68622 13
68623 12
68624 13
68625 9
68626 13
68627 12
68628 13
68629 12
68630 10
68631 11
68632 13
68633 12
68634 13
68635 1
68636 371
68637 187
68638 126
68639 96
68640 78
68641 66
68642 53
68643 51
68644 47
68645 42
68646 39
68647 37
68648 34
68649 28
68650 31
68651 29
68652 28
68653 27
68654 26
68655 26
68656 20
68657 24
68658 23
68659 22
68660 22
68661 21
68662 21
68663 17
68664 21
68665 20
68666 19
68667 19
68668 19
68669 19
68670 14
68671 18
68672 18
68673 19
68674 17
68675 18
68676 17
68677 13
68678 17
68679 17
68680 17
68681 16
68682 16
68683 17
68684 12
68685 16
68686 16
68687 15
68688 7
68689 16
68690 15
68691 11
68692 15
68693 15
68694 15
68695 15
68696 15
68697 15
68698 12
68699 15
68700 15
68701 15
68702 14
68703 15
68704 15
68705 11
68706 14
68707 14
68708 14
68709 14
68710 14
68711 14
68712 11
68713 14
68714 14
68715 15
68716 14
68717 14
68718 14
68719 10
68720 14
68721 14
68722 14
68723 14
68724 14
68725 13
68726 10
68727 14
68728 14
68729 13
68730 14
68731 13
68732 14
68733 10
68734 14
68735 14
68736 14
68737 14
68738 14
68739 14
68740 10
68741 5
68742 13
68743 14
68744 13
68745 13
68746 13
68747 10
68748 13
68749 13
68750 15
68751 13
68752 13
68753 13
68754 11
68755 13
68756 13
68757 13
68758 13
68759 13
68760 13
68761 10
68762 13
68763 13
68764 13
68765 14
68766 13
68767 13
68768 9
68769 13
68770 13
68771 13
68772 13
68773 13
68774 13
68775 9
68776 13
68777 13
68778 13
68779 13
68780 13
68781 13
68782 9
68783 13
68784 13
68785 13
68786 13
68787 13
68788 13
68789 9
68790 13
68791 13
68792 13
68793 13
68794 5
68795 14
68796 10
68797 13
68798 13
68799 13
68800 13
68801 13
68802 14
68803 11
68804 13
68805 13
68806 13
68807 13
68808 13
68809 13
68810 11
68811 13
68812 13
68813 13
68814 13
68815 13
68816 13
68817 9
68818 13
68819 13
68820 13
68821 13
68822 13
68823 13
68824 9
68825 13
68826 13
68827 13
68828 13
68829 13
68830 13
68831 11
68832 13
68833 13
68834 13
68835 13
68836 13
68837 13
68838 11
68839 13
68840 13
68841 13
68842 13
68843 13
68844 13
68845 9
68846 13
68847 5
68848 13
68849 13
68850 13
68851 13
68852 9
68853 13
68854 13
68855 13
68856 13
68857 13
68858 13
68859 9
68860 13
68861 13
68862 13
68863 13
68864 13
68865 13
68866 9
68867 13
68868 13
68869 13
68870 13
68871 13
68872 13
68873 9
68874 13
68875 13
68876 13
68877 13
68878 13
68879 13
68880 10
68881 13
68882 13
68883 13
68884 13
68885 13
68886 13
68887 11
68888 13
68889 13
68890 13
68891 13
68892 13
68893 13
68894 10
68895 13
68896 13
68897 13
68898 13
68899 13
68900 5
68901 10
68902 13
68903 13
68904 13
68905 13
68906 13
68907 13
68908 9
68909 13
68910 13
68911 13
68912 13
68913 13
68914 13
68915 10
68916 13
68917 13
68918 13
68919 13
68920 13
68921 13
68922 9
68923 13
68924 13
68925 13
68926 13
68927 13
68928 13
68929 10
68930 13
68931 13
68932 13
68933 13
68934 13
68935 13
68936 11
68937 13
68938 13
68939 13
68940 13
68941 13
68942 13
68943 10
68944 13
68945 14
68946 13
68947 13
68948 14
68949 13
68950 9
68951 13
68952 13
68953 5
68954 13
68955 13
68956 13
68957 10
68958 13
68959 13
68960 13
68961 13
68962 13
68963 13
68964 10
68965 13
68966 13
68967 13
68968 13
68969 13
68970 13
68971 9
68972 13
68973 13
68974 13
68975 13
68976 13
68977 13
68978 11
68979 13
68980 13
68981 13
68982 13
68983 13
68984 14
68985 9
68986 13
68987 13
68988 14
68989 13
68990 13
68991 13
68992 9
68993 13
68994 13
68995 13
68996 13
68997 13
68998 13
68999 10
69000 13
69001 13
69002 13
69003 13
69004 13
69005 13
69006 1
69007 372
69008 186
69009 124
69010 93
69011 78
69012 62
69013 59
69014 48
69015 44
69016 41
69017 40
69018 31
69019 34
69020 31
69021 29
69022 27
69023 29
69024 23
69025 26
69026 22
69027 22
69028 22
69029 23
69030 17
69031 22
69032 21
69033 19
69034 18
69035 22
69036 16
69037 12
69038 16
69039 17
69040 18
69041 19
69042 13
69043 18
69044 16
69045 15
69046 15
69047 17
69048 13
69049 17
69050 14
69051 14
69052 15
69053 18
69054 11
69055 17
69056 15
69057 14
69058 14
69059 16
69060 13
69061 16
69062 13
69063 13
69064 14
69065 15
69066 10
69067 15
69068 6
69069 12
69070 13
69071 15
69072 11
69073 15
69074 13
69075 13
69076 13
69077 14
69078 9
69079 14
69080 13
69081 12
69082 13
69083 15
69084 11
69085 14
69086 11
69087 12
69088 13
69089 14
69090 9
69091 14
69092 13
69093 11
69094 11
69095 13
69096 11
69097 14
69098 11
69099 4
69100 12
69101 14
69102 10
69103 14
69104 12
69105 12
69106 11
69107 13
69108 10
69109 13
69110 11
69111 11
69112 12
69113 14
69114 9
69115 14
69116 12
69117 11
69118 11
69119 13
69120 11
69121 13
69122 11
69123 11
69124 12
69125 14
69126 8
69127 14
69128 12
69129 11
69130 3
69131 13
69132 10
69133 13
69134 10
69135 11
69136 12
69137 13
69138 9
69139 14
69140 12
69141 11
69142 10
69143 13
69144 10
69145 13
69146 11
69147 11
69148 12
69149 13
69150 8
69151 13
69152 12
69153 11
69154 10
69155 13
69156 10
69157 13
69158 10
69159 11
69160 12
69161 6
69162 8
69163 13
69164 12
69165 11
69166 11
69167 13
69168 10
69169 13
69170 10
69171 12
69172 12
69173 13
69174 8
69175 13
69176 12
69177 11
69178 10
69179 13
69180 10
69181 13
69182 11
69183 11
69184 12
69185 13
69186 8
69187 13
69188 12
69189 11
69190 10
69191 13
69192 2
69193 13
69194 10
69195 11
69196 12
69197 13
69198 8
69199 13
69200 12
69201 11
69202 11
69203 13
69204 10
69205 13
69206 10
69207 11
69208 12
69209 13
69210 8
69211 13
69212 12
69213 11
69214 10
69215 13
69216 10
69217 13
69218 11
69219 11
69220 12
69221 13
69222 8
69223 6
69224 12
69225 11
69226 10
69227 13
69228 10
69229 13
69230 10
69231 11
69232 12
69233 13
69234 8
69235 13
69236 12
69237 11
69238 10
69239 13
69240 10
69241 13
69242 10
69243 11
69244 12
69245 13
69246 9
69247 13
69248 12
69249 11
69250 10
69251 13
69252 10
69253 13
69254 3
69255 11
69256 12
69257 13
69258 8
69259 13
69260 12
69261 11
69262 11
69263 13
69264 11
69265 13
69266 11
69267 11
69268 12
69269 14
69270 8
69271 13
69272 12
69273 11
69274 11
69275 13
69276 10
69277 13
69278 11
69279 11
69280 12
69281 13
69282 8
69283 13
69284 12
69285 4
69286 11
69287 13
69288 11
69289 13
69290 11
69291 11
69292 12
69293 13
69294 8
69295 13
69296 12
69297 11
69298 10
69299 13
69300 11
69301 13
69302 11
69303 11
69304 12
69305 13
69306 8
69307 13
69308 12
69309 11
69310 11
69311 13
69312 10
69313 13
69314 11
69315 11
69316 5
69317 13
69318 8
69319 13
69320 12
69321 11
69322 10
69323 13
69324 10
69325 13
69326 10
69327 11
69328 12
69329 13
69330 10
69331 13
69332 12
69333 11
69334 11
69335 13
69336 10
69337 13
69338 11
69339 11
69340 12
69341 13
69342 8
69343 13
69344 12
69345 11
69346 10
69347 7
69348 10
69349 13
69350 11
69351 11
69352 12
69353 14
69354 8
69355 13
69356 12
69357 11
69358 10
69359 13
69360 10
69361 13
69362 11
69363 11
69364 12
69365 13
69366 8
69367 13
69368 12
69369 11
69370 10
69371 13
69372 10
69373 13
69374 11
69375 11
69376 12
69377 13
69378 1
69379 373
69380 188
69381 127
69382 97
69383 78
69384 66
69385 58
69386 51
69387 47
69388 43
69389 39
69390 37
69391 35
69392 33
69393 31
69394 30
69395 29
69396 27
69397 26
69398 25
69399 25
69400 24
69401 24
69402 22
69403 22
69404 21
69405 21
69406 21
69407 21
69408 20
69409 20
69410 19
69411 19
69412 19
69413 19
69414 18
69415 18
69416 18
69417 18
69418 18
69419 18
69420 17
69421 17
69422 17
69423 17
69424 17
69425 16
69426 17
69427 16
69428 16
69429 16
69430 16
69431 16
69432 15
69433 15
69434 15
69435 15
69436 15
69437 15
69438 15
69439 15
69440 15
69441 15
69442 16
69443 15
69444 15
69445 16
69446 15
69447 15
69448 15
69449 14
69450 14
69451 14
69452 14
69453 15
69454 14
69455 14
69456 14
69457 14
69458 14
69459 15
69460 14
69461 14
69462 14
69463 14
69464 14
69465 14
69466 14
69467 14
69468 14
69469 14
69470 14
69471 14
69472 14
69473 14
69474 13
69475 14
69476 13
69477 13
69478 14
69479 14
69480 13
69481 14
69482 13
69483 13
69484 13
69485 14
69486 14
69487 13
69488 13
69489 13
69490 14
69491 13
69492 13
69493 13
69494 13
69495 14
69496 13
69497 13
69498 14
69499 14
69500 13
69501 13
69502 13
69503 13
69504 13
69505 13
69506 13
69507 13
69508 13
69509 13
69510 13
69511 13
69512 13
69513 13
69514 13
69515 13
69516 13
69517 13
69518 13
69519 13
69520 13
69521 13
69522 13
69523 13
69524 13
69525 13
69526 13
69527 13
69528 13
69529 13
69530 13
69531 13
69532 13
69533 13
69534 13
69535 13
69536 13
69537 13
69538 13
69539 13
69540 13
69541 13
69542 13
69543 13
69544 13
69545 13
69546 13
69547 13
69548 13
69549 13
69550 13
69551 13
69552 13
69553 13
69554 13
69555 13
69556 13
69557 13
69558 13
69559 14
69560 13
69561 13
69562 13
69563 13
69564 13
69565 13
69566 13
69567 13
69568 13
69569 13
69570 14
69571 13
69572 13
69573 13
69574 13
69575 13
69576 13
69577 13
69578 13
69579 13
69580 13
69581 13
69582 13
69583 13
69584 13
69585 13
69586 13
69587 13
69588 13
69589 13
69590 13
69591 13
69592 13
69593 13
69594 13
69595 13
69596 13
69597 13
69598 13
69599 13
69600 13
69601 13
69602 13
69603 13
69604 13
69605 13
69606 13
69607 13
69608 13
69609 13
69610 13
69611 13
69612 13
69613 13
69614 13
69615 13
69616 13
69617 13
69618 13
69619 13
69620 13
69621 13
69622 13
69623 13
69624 13
69625 13
69626 13
69627 13
69628 13
69629 13
69630 13
69631 13
69632 13
69633 13
69634 13
69635 13
69636 13
69637 13
69638 13
69639 14
69640 13
69641 13
69642 13
69643 13
69644 13
69645 13
69646 13
69647 13
69648 13
69649 13
69650 13
69651 13
69652 13
69653 13
69654 13
69655 13
69656 13
69657 13
69658 13
69659 13
69660 13
69661 14
69662 13
69663 13
69664 13
69665 13
69666 13
69667 13
69668 13
69669 13
69670 13
69671 13
69672 13
69673 13
69674 13
69675 13
69676 14
69677 13
69678 13
69679 13
69680 13
69681 13
69682 13
69683 13
69684 13
69685 13
69686 13
69687 13
69688 13
69689 13
69690 13
69691 13
69692 13
69693 13
69694 13
69695 13
69696 13
69697 13
69698 13
69699 13
69700 13
69701 13
69702 13
69703 14
69704 13
69705 13
69706 13
69707 13
69708 13
69709 13
69710 13
69711 13
69712 14
69713 13
69714 13
69715 13
69716 13
69717 13
69718 13
69719 13
69720 13
69721 13
69722 13
69723 13
69724 13
69725 13
69726 13
69727 13
69728 13
69729 13
69730 13
69731 13
69732 13
69733 13
69734 13
69735 14
69736 13
69737 13
69738 14
69739 13
69740 13
69741 13
69742 13
69743 13
69744 14
69745 13
69746 13
69747 13
69748 13
69749 13
69750 13
69751 1
69752 374
69753 187
69754 127
69755 95
69756 79
69757 65
69758 58
69759 50
69760 47
69761 41
69762 34
69763 35
69764 35
69765 31
69766 31
69767 28
69768 22
69769 26
69770 26
69771 24
69772 26
69773 17
69774 24
69775 21
69776 22
69777 20
69778 21
69779 19
69780 20
69781 19
69782 20
69783 18
69784 14
69785 11
69786 18
69787 17
69788 18
69789 16
69790 18
69791 16
69792 17
69793 15
69794 17
69795 10
69796 17
69797 15
69798 16
69799 15
69800 16
69801 15
69802 10
69803 14
69804 15
69805 16
69806 11
69807 14
69808 16
69809 15
69810 15
69811 14
69812 14
69813 14
69814 15
69815 13
69816 15
69817 8
69818 15
69819 7
69820 14
69821 13
69822 14
69823 14
69824 14
69825 13
69826 14
69827 13
69828 9
69829 13
69830 14
69831 13
69832 14
69833 13
69834 14
69835 13
69836 8
69837 13
69838 14
69839 8
69840 14
69841 13
69842 14
69843 12
69844 14
69845 12
69846 14
69847 12
69848 14
69849 12
69850 9
69851 12
69852 14
69853 6
69854 14
69855 12
69856 13
69857 13
69858 14
69859 12
69860 13
69861 7
69862 14
69863 12
69864 13
69865 12
69866 14
69867 12
69868 13
69869 12
69870 9
69871 13
69872 9
69873 12
69874 13
69875 12
69876 13
69877 12
69878 13
69879 12
69880 13
69881 12
69882 13
69883 7
69884 14
69885 12
69886 13
69887 6
69888 13
69889 12
69890 13
69891 12
69892 14
69893 12
69894 8
69895 12
69896 13
69897 12
69898 13
69899 12
69900 13
69901 12
69902 13
69903 11
69904 8
69905 7
69906 13
69907 12
69908 13
69909 12
69910 13
69911 12
69912 13
69913 12
69914 13
69915 12
69916 8
69917 12
69918 13
69919 11
69920 13
69921 6
69922 13
69923 11
69924 13
69925 12
69926 13
69927 8
69928 13
69929 11
69930 13
69931 12
69932 13
69933 13
69934 13
69935 12
69936 13
69937 12
69938 2
69939 12
69940 13
69941 12
69942 13
69943 12
69944 13
69945 12
69946 13
69947 11
69948 13
69949 8
69950 13
69951 12
69952 13
69953 11
69954 13
69955 6
69956 13
69957 11
69958 13
69959 12
69960 8
69961 12
69962 13
69963 12
69964 13
69965 12
69966 13
69967 12
69968 13
69969 12
69970 13
69971 7
69972 8
69973 11
69974 13
69975 12
69976 13
69977 12
69978 13
69979 12
69980 13
69981 12
69982 8
69983 12
69984 14
69985 12
69986 13
69987 12
69988 13
69989 6
69990 13
69991 11
69992 14
69993 7
69994 13
69995 12
69996 13
69997 12
69998 13
69999 12
70000 13
70001 12
70002 13
70003 12
70004 9
70005 11
70006 8
70007 12
70008 13
70009 12
70010 14
70011 12
70012 13
70013 12
70014 13
70015 7
70016 13
70017 12
70018 13
70019 12
70020 13
70021 12
70022 13
70023 6
70024 13
70025 11
70026 8
70027 12
70028 14
70029 12
70030 13
70031 12
70032 13
70033 12
70034 13
70035 12
70036 13
70037 8
70038 13
70039 12
70040 8
70041 12
70042 13
70043 12
70044 13
70045 12
70046 14
70047 12
70048 9
70049 12
70050 13
70051 12
70052 13
70053 12
70054 14
70055 11
70056 13
70057 7
70058 13
70059 7
70060 13
70061 12
70062 13
70063 12
70064 13
70065 12
70066 13
70067 12
70068 13
70069 12
70070 9
70071 12
70072 13
70073 12
70074 8
70075 12
70076 13
70077 12
70078 13
70079 12
70080 13
70081 8
70082 13
70083 11
70084 13
70085 12
70086 13
70087 12
70088 13
70089 12
70090 13
70091 6
70092 9
70093 12
70094 14
70095 12
70096 14
70097 12
70098 13
70099 12
70100 14
70101 12
70102 13
70103 8
70104 13
70105 12
70106 13
70107 12
70108 8
70109 12
70110 13
70111 12
70112 13
70113 12
70114 9
70115 12
70116 13
70117 12
70118 13
70119 12
70120 13
70121 12
70122 13
70123 12
70124 14
70125 1
70126 375
70127 189
70128 125
70129 97
70130 75
70131 64
70132 58
70133 53
70134 44
70135 39
70136 40
70137 35
70138 34
70139 33
70140 25
70141 30
70142 29
70143 25
70144 26
70145 22
70146 22
70147 24
70148 24
70149 20
70150 15
70151 22
70152 20
70153 21
70154 20
70155 14
70156 20
70157 20
70158 17
70159 18
70160 15
70161 16
70162 18
70163 18
70164 15
70165 14
70166 17
70167 15
70168 17
70169 17
70170 11
70171 17
70172 16
70173 15
70174 17
70175 9
70176 14
70177 16
70178 16
70179 14
70180 13
70181 15
70182 13
70183 16
70184 16
70185 10
70186 15
70187 15
70188 13
70189 16
70190 12
70191 12
70192 15
70193 15
70194 13
70195 11
70196 14
70197 14
70198 14
70199 15
70200 5
70201 14
70202 15
70203 12
70204 14
70205 11
70206 12
70207 14
70208 14
70209 12
70210 11
70211 14
70212 13
70213 13
70214 14
70215 8
70216 14
70217 15
70218 12
70219 14
70220 10
70221 11
70222 13
70223 13
70224 11
70225 7
70226 13
70227 11
70228 13
70229 13
70230 8
70231 14
70232 14
70233 13
70234 14
70235 10
70236 12
70237 13
70238 14
70239 11
70240 11
70241 13
70242 11
70243 13
70244 13
70245 9
70246 14
70247 13
70248 11
70249 13
70250 3
70251 11
70252 13
70253 13
70254 11
70255 10
70256 13
70257 11
70258 13
70259 13
70260 8
70261 13
70262 13
70263 11
70264 13
70265 10
70266 11
70267 13
70268 13
70269 11
70270 10
70271 13
70272 11
70273 13
70274 13
70275 4
70276 13
70277 13
70278 11
70279 13
70280 10
70281 11
70282 13
70283 13
70284 11
70285 10
70286 13
70287 11
70288 13
70289 13
70290 8
70291 13
70292 13
70293 11
70294 13
70295 10
70296 11
70297 13
70298 13
70299 11
70300 8
70301 13
70302 11
70303 13
70304 14
70305 8
70306 13
70307 13
70308 11
70309 13
70310 10
70311 11
70312 13
70313 13
70314 11
70315 10
70316 13
70317 11
70318 13
70319 13
70320 8
70321 14
70322 13
70323 11
70324 13
70325 8
70326 11
70327 13
70328 13
70329 11
70330 10
70331 13
70332 11
70333 13
70334 13
70335 8
70336 13
70337 13
70338 11
70339 13
70340 10
70341 11
70342 13
70343 13
70344 11
70345 10
70346 13
70347 11
70348 13
70349 13
70350 4
70351 13
70352 13
70353 11
70354 13
70355 10
70356 11
70357 13
70358 13
70359 11
70360 10
70361 13
70362 11
70363 13
70364 13
70365 8
70366 13
70367 13
70368 11
70369 13
70370 10
70371 11
70372 13
70373 13
70374 11
70375 3
70376 13
70377 11
70378 13
70379 13
70380 9
70381 13
70382 13
70383 11
70384 13
70385 11
70386 11
70387 13
70388 13
70389 11
70390 10
70391 13
70392 12
70393 13
70394 13
70395 8
70396 13
70397 13
70398 11
70399 13
70400 7
70401 11
70402 13
70403 13
70404 11
70405 10
70406 13
70407 11
70408 13
70409 13
70410 8
70411 13
70412 13
70413 12
70414 13
70415 10
70416 11
70417 13
70418 13
70419 11
70420 10
70421 13
70422 12
70423 13
70424 13
70425 5
70426 13
70427 13
70428 11
70429 13
70430 10
70431 11
70432 13
70433 13
70434 11
70435 10
70436 13
70437 11
70438 13
70439 13
70440 8
70441 13
70442 13
70443 11
70444 13
70445 10
70446 11
70447 13
70448 13
70449 11
70450 8
70451 13
70452 11
70453 13
70454 13
70455 8
70456 13
70457 13
70458 11
70459 13
70460 10
70461 11
70462 13
70463 13
70464 11
70465 10
70466 13
70467 11
70468 13
70469 13
70470 8
70471 13
70472 13
70473 11
70474 13
70475 7
70476 11
70477 13
70478 13
70479 11
70480 10
70481 13
70482 11
70483 13
70484 13
70485 8
70486 13
70487 13
70488 11
70489 13
70490 11
70491 11
70492 13
70493 13
70494 11
70495 10
70496 13
70497 11
70498 13
70499 13
70500 1
70501 376
70502 188
70503 128
70504 94
70505 79
70506 65
70507 58
70508 47
70509 47
70510 41
70511 39
70512 34
70513 35
70514 31
70515 31
70516 25
70517 30
70518 27
70519 26
70520 23
70521 24
70522 23
70523 23
70524 18
70525 22
70526 20
70527 23
70528 18
70529 21
70530 19
70531 19
70532 15
70533 19
70534 18
70535 18
70536 16
70537 18
70538 18
70539 18
70540 13
70541 17
70542 16
70543 17
70544 14
70545 17
70546 15
70547 8
70548 12
70549 17
70550 15
70551 16
70552 14
70553 16
70554 14
70555 15
70556 11
70557 15
70558 14
70559 15
70560 12
70561 16
70562 14
70563 15
70564 12
70565 15
70566 14
70567 15
70568 13
70569 15
70570 14
70571 15
70572 11
70573 14
70574 13
70575 14
70576 11
70577 14
70578 14
70579 14
70580 10
70581 15
70582 13
70583 14
70584 11
70585 14
70586 12
70587 14
70588 10
70589 14
70590 12
70591 13
70592 11
70593 14
70594 4
70595 14
70596 10
70597 14
70598 12
70599 13
70600 11
70601 13
70602 12
70603 13
70604 9
70605 13
70606 13
70607 14
70608 11
70609 13
70610 13
70611 14
70612 9
70613 13
70614 12
70615 13
70616 12
70617 14
70618 12
70619 14
70620 10
70621 13
70622 12
70623 13
70624 11
70625 13
70626 12
70627 13
70628 9
70629 13
70630 12
70631 13
70632 10
70633 13
70634 12
70635 13
70636 10
70637 13
70638 12
70639 13
70640 10
70641 5
70642 12
70643 13
70644 9
70645 13
70646 12
70647 13
70648 10
70649 13
70650 12
70651 13
70652 9
70653 13
70654 12
70655 13
70656 10
70657 13
70658 12
70659 14
70660 9
70661 13
70662 12
70663 13
70664 10
70665 13
70666 12
70667 13
70668 9
70669 13
70670 12
70671 13
70672 10
70673 13
70674 13
70675 13
70676 9
70677 13
70678 12
70679 13
70680 10
70681 13
70682 12
70683 13
70684 9
70685 13
70686 12
70687 13
70688 2
70689 13
70690 12
70691 13
70692 9
70693 13
70694 12
70695 13
70696 10
70697 13
70698 12
70699 13
70700 9
70701 13
70702 12
70703 13
70704 10
70705 13
70706 12
70707 13
70708 9
70709 13
70710 12
70711 13
70712 10
70713 13
70714 12
70715 13
70716 9
70717 13
70718 12
70719 13
70720 10
70721 13
70722 12
70723 13
70724 9
70725 13
70726 12
70727 13
70728 10
70729 13
70730 12
70731 13
70732 9
70733 13
70734 12
70735 5
70736 10
70737 13
70738 12
70739 13
70740 9
70741 13
70742 12
70743 13
70744 10
70745 13
70746 12
70747 13
70748 9
70749 13
70750 12
70751 13
70752 11
70753 13
70754 12
70755 13
70756 10
70757 13
70758 12
70759 13
70760 10
70761 13
70762 12
70763 13
70764 9
70765 14
70766 12
70767 13
70768 10
70769 13
70770 12
70771 13
70772 9
70773 13
70774 12
70775 13
70776 11
70777 13
70778 12
70779 13
70780 9
70781 13
70782 4
70783 13
70784 10
70785 13
70786 12
70787 13
70788 9
70789 13
70790 12
70791 13
70792 10
70793 13
70794 12
70795 13
70796 9
70797 14
70798 12
70799 13
70800 10
70801 13
70802 12
70803 13
70804 9
70805 13
70806 12
70807 13
70808 11
70809 13
70810 12
70811 13
70812 9
70813 13
70814 12
70815 13
70816 11
70817 13
70818 12
70819 13
70820 9
70821 13
70822 12
70823 13
70824 10
70825 13
70826 12
70827 13
70828 9
70829 7
70830 12
70831 13
70832 10
70833 13
70834 12
70835 13
70836 9
70837 13
70838 12
70839 13
70840 10
70841 13
70842 12
70843 13
70844 11
70845 13
70846 12
70847 13
70848 11
70849 13
70850 12
70851 13
70852 9
70853 13
70854 12
70855 13
70856 10
70857 13
70858 12
70859 13
70860 9
70861 13
70862 12
70863 13
70864 11
70865 13
70866 12
70867 13
70868 9
70869 13
70870 12
70871 13
70872 11
70873 13
70874 12
70875 13
70876 1
70877 377
70878 190
70879 128
70880 98
70881 79
70882 67
70883 58
70884 53
70885 48
70886 43
70887 40
70888 37
70889 29
70890 33
70891 32
70892 30
70893 28
70894 28
70895 26
70896 25
70897 25
70898 24
70899 24
70900 23
70901 24
70902 16
70903 21
70904 21
70905 13
70906 20
70907 21
70908 20
70909 19
70910 19
70911 19
70912 20
70913 18
70914 18
70915 12
70916 18
70917 17
70918 17
70919 17
70920 17
70921 17
70922 16
70923 17
70924 16
70925 16
70926 16
70927 16
70928 11
70929 16
70930 16
70931 15
70932 16
70933 15
70934 8
70935 15
70936 16
70937 15
70938 15
70939 15
70940 15
70941 10
70942 15
70943 15
70944 15
70945 14
70946 14
70947 15
70948 14
70949 16
70950 14
70951 14
70952 14
70953 14
70954 9
70955 14
70956 14
70957 15
70958 14
70959 14
70960 14
70961 14
70962 14
70963 7
70964 14
70965 13
70966 14
70967 10
70968 14
70969 13
70970 14
70971 14
70972 14
70973 14
70974 13
70975 14
70976 14
70977 13
70978 13
70979 14
70980 8
70981 14
70982 13
70983 14
70984 14
70985 13
70986 14
70987 13
70988 13
70989 13
70990 13
70991 13
70992 7
70993 9
70994 13
70995 13
70996 13
70997 13
70998 14
70999 13
71000 14
71001 13
71002 13
71003 13
71004 13
71005 13
71006 8
71007 13
71008 13
71009 13
71010 13
71011 13
71012 13
71013 13
71014 13
71015 13
71016 13
71017 13
71018 14
71019 8
71020 13
71021 6
71022 13
71023 13
71024 15
71025 13
71026 13
71027 13
71028 13
71029 13
71030 13
71031 14
71032 8
71033 13
71034 13
71035 13
71036 13
71037 13
71038 13
71039 13
71040 13
71041 13
71042 13
71043 13
71044 12
71045 9
71046 13
71047 13
71048 13
71049 13
71050 6
71051 13
71052 13
71053 13
71054 12
71055 13
71056 13
71057 13
71058 8
71059 12
71060 13
71061 13
71062 13
71063 13
71064 13
71065 13
71066 13
71067 13
71068 13
71069 13
71070 12
71071 8
71072 13
71073 13
71074 13
71075 12
71076 13
71077 13
71078 13
71079 6
71080 13
71081 13
71082 13
71083 13
71084 9
71085 12
71086 13
71087 13
71088 13
71089 13
71090 13
71091 13
71092 13
71093 13
71094 13
71095 13
71096 13
71097 8
71098 13
71099 13
71100 13
71101 13
71102 13
71103 13
71104 13
71105 13
71106 13
71107 12
71108 6
71109 13
71110 8
71111 14
71112 13
71113 13
71114 13
71115 13
71116 13
71117 13
71118 13
71119 13
71120 13
71121 13
71122 13
71123 8
71124 13
71125 13
71126 13
71127 13
71128 13
71129 13
71130 13
71131 13
71132 12
71133 13
71134 13
71135 13
71136 9
71137 7
71138 13
71139 13
71140 13
71141 13
71142 13
71143 13
71144 13
71145 13
71146 13
71147 13
71148 14
71149 8
71150 13
71151 13
71152 13
71153 13
71154 13
71155 13
71156 13
71157 13
71158 13
71159 13
71160 13
71161 13
71162 9
71163 13
71164 13
71165 13
71166 7
71167 13
71168 14
71169 13
71170 13
71171 13
71172 13
71173 13
71174 13
71175 9
71176 13
71177 13
71178 13
71179 13
71180 13
71181 13
71182 13
71183 13
71184 13
71185 13
71186 13
71187 13
71188 10
71189 13
71190 13
71191 13
71192 13
71193 13
71194 13
71195 6
71196 13
71197 13
71198 14
71199 14
71200 13
71201 10
71202 13
71203 13
71204 13
71205 13
71206 13
71207 13
71208 13
71209 13
71210 13
71211 13
71212 13
71213 13
71214 8
71215 13
71216 14
71217 13
71218 13
71219 13
71220 13
71221 13
71222 13
71223 13
71224 7
71225 13
71226 13
71227 8
71228 13
71229 13
71230 13
71231 13
71232 13
71233 13
71234 13
71235 13
71236 13
71237 13
71238 13
71239 13
71240 9
71241 13
71242 13
71243 14
71244 13
71245 13
71246 13
71247 13
71248 13
71249 13
71250 13
71251 13
71252 13
71253 1
71254 378
71255 189
71256 126
71257 96
71258 79
71259 63
71260 54
71261 51
71262 42
71263 42
71264 40
71265 33
71266 35
71267 27
71268 29
71269 28
71270 30
71271 21
71272 28
71273 24
71274 18
71275 22
71276 24
71277 19
71278 24
71279 20
71280 14
71281 15
71282 21
71283 16
71284 21
71285 19
71286 17
71287 19
71288 15
71289 12
71290 18
71291 16
71292 16
71293 17
71294 17
71295 9
71296 17
71297 16
71298 12
71299 16
71300 16
71301 14
71302 12
71303 15
71304 14
71305 14
71306 17
71307 7
71308 15
71309 10
71310 13
71311 14
71312 15
71313 12
71314 15
71315 14
71316 6
71317 13
71318 15
71319 11
71320 15
71321 13
71322 13
71323 9
71324 14
71325 9
71326 14
71327 13
71328 12
71329 13
71330 10
71331 10
71332 14
71333 12
71334 7
71335 13
71336 14
71337 6
71338 14
71339 14
71340 12
71341 12
71342 14
71343 8
71344 11
71345 13
71346 12
71347 13
71348 14
71349 10
71350 14
71351 8
71352 10
71353 12
71354 13
71355 10
71356 13
71357 12
71358 7
71359 12
71360 14
71361 5
71362 13
71363 12
71364 11
71365 8
71366 14
71367 10
71368 14
71369 12
71370 10
71371 14
71372 9
71373 10
71374 13
71375 12
71376 11
71377 12
71378 13
71379 3
71380 13
71381 12
71382 11
71383 12
71384 13
71385 10
71386 9
71387 13
71388 7
71389 12
71390 14
71391 10
71392 13
71393 8
71394 12
71395 12
71396 13
71397 7
71398 13
71399 12
71400 7
71401 12
71402 14
71403 10
71404 13
71405 12
71406 10
71407 8
71408 13
71409 10
71410 13
71411 12
71412 11
71413 12
71414 9
71415 5
71416 13
71417 12
71418 12
71419 13
71420 13
71421 6
71422 13
71423 12
71424 10
71425 12
71426 13
71427 10
71428 11
71429 13
71430 11
71431 13
71432 13
71433 7
71434 13
71435 8
71436 11
71437 12
71438 13
71439 10
71440 13
71441 12
71442 2
71443 12
71444 13
71445 10
71446 13
71447 12
71448 11
71449 8
71450 13
71451 7
71452 13
71453 13
71454 11
71455 13
71456 10
71457 10
71458 13
71459 12
71460 10
71461 12
71462 13
71463 6
71464 13
71465 12
71466 12
71467 12
71468 13
71469 5
71470 9
71471 12
71472 11
71473 12
71474 13
71475 10
71476 13
71477 8
71478 10
71479 12
71480 13
71481 10
71482 13
71483 12
71484 7
71485 12
71486 13
71487 7
71488 13
71489 12
71490 11
71491 8
71492 13
71493 10
71494 14
71495 12
71496 7
71497 12
71498 9
71499 10
71500 13
71501 12
71502 11
71503 12
71504 13
71505 3
71506 13
71507 12
71508 11
71509 12
71510 13
71511 10
71512 9
71513 12
71514 10
71515 12
71516 14
71517 10
71518 13
71519 8
71520 11
71521 12
71522 13
71523 5
71524 14
71525 12
71526 7
71527 12
71528 13
71529 10
71530 13
71531 12
71532 10
71533 8
71534 13
71535 10
71536 13
71537 12
71538 11
71539 12
71540 9
71541 8
71542 13
71543 12
71544 11
71545 12
71546 13
71547 6
71548 13
71549 12
71550 7
71551 12
71552 13
71553 10
71554 9
71555 13
71556 11
71557 12
71558 13
71559 9
71560 13
71561 8
71562 12
71563 12
71564 13
71565 10
71566 13
71567 12
71568 5
71569 12
71570 13
71571 10
71572 13
71573 12
71574 11
71575 8
71576 13
71577 5
71578 13
71579 12
71580 11
71581 12
71582 10
71583 10
71584 13
71585 12
71586 9
71587 12
71588 13
71589 7
71590 13
71591 12
71592 11
71593 12
71594 13
71595 7
71596 9
71597 12
71598 12
71599 12
71600 14
71601 10
71602 14
71603 10
71604 7
71605 12
71606 13
71607 10
71608 13
71609 12
71610 8
71611 12
71612 13
71613 8
71614 13
71615 12
71616 11
71617 8
71618 13
71619 10
71620 14
71621 12
71622 9
71623 12
71624 10
71625 10
71626 13
71627 12
71628 11
71629 12
71630 13
71631 1
71632 379
71633 191
71634 129
71635 98
71636 80
71637 67
71638 60
71639 52
71640 47
71641 43
71642 40
71643 37
71644 36
71645 33
71646 31
71647 30
71648 29
71649 27
71650 26
71651 26
71652 25
71653 24
71654 24
71655 23
71656 24
71657 22
71658 21
71659 21
71660 20
71661 20
71662 20
71663 19
71664 20
71665 19
71666 19
71667 19
71668 18
71669 18
71670 18
71671 17
71672 18
71673 17
71674 18
71675 17
71676 17
71677 16
71678 16
71679 16
71680 16
71681 16
71682 16
71683 16
71684 15
71685 16
71686 15
71687 16
71688 15
71689 15
71690 15
71691 15
71692 16
71693 15
71694 15
71695 15
71696 15
71697 14
71698 15
71699 15
71700 14
71701 15
71702 15
71703 14
71704 14
71705 14
71706 15
71707 14
71708 15
71709 14
71710 14
71711 15
71712 14
71713 14
71714 14
71715 14
71716 14
71717 14
71718 14
71719 14
71720 14
71721 14
71722 14
71723 14
71724 14
71725 13
71726 14
71727 14
71728 13
71729 13
71730 14
71731 14
71732 14
71733 14
71734 13
71735 14
71736 14
71737 14
71738 14
71739 13
71740 13
71741 14
71742 14
71743 14
71744 14
71745 14
71746 14
71747 13
71748 13
71749 13
71750 13
71751 13
71752 13
71753 13
71754 14
71755 13
71756 13
71757 14
71758 13
71759 13
71760 13
71761 13
71762 13
71763 13
71764 13
71765 13
71766 13
71767 13
71768 13
71769 13
71770 13
71771 13
71772 14
71773 13
71774 13
71775 14
71776 13
71777 13
71778 14
71779 14
71780 13
71781 13
71782 13
71783 13
71784 13
71785 13
71786 13
71787 13
71788 13
71789 13
71790 13
71791 13
71792 13
71793 13
71794 13
71795 13
71796 13
71797 13
71798 13
71799 13
71800 13
71801 13
71802 13
71803 13
71804 13
71805 13
71806 13
71807 13
71808 13
71809 13
71810 13
71811 13
71812 13
71813 13
71814 13
71815 13
71816 13
71817 13
71818 13
71819 13
71820 13
71821 13
71822 13
71823 13
71824 13
71825 13
71826 13
71827 13
71828 13
71829 13
71830 13
71831 13
71832 13
71833 13
71834 13
71835 13
71836 13
71837 13
71838 13
71839 13
71840 13
71841 13
71842 13
71843 13
71844 13
71845 13
71846 13
71847 13
71848 13
71849 13
71850 13
71851 13
71852 13
71853 13
71854 13
71855 13
71856 13
71857 13
71858 13
71859 13
71860 13
71861 13
71862 13
71863 13
71864 13
71865 13
71866 13
71867 13
71868 13
71869 13
71870 13
71871 13
71872 13
71873 13
71874 13
71875 13
71876 13
71877 13
71878 13
71879 13
71880 13
71881 13
71882 13
71883 13
71884 13
71885 13
71886 13
71887 13
71888 13
71889 13
71890 13
71891 13
71892 13
71893 13
71894 13
71895 13
71896 13
71897 13
71898 13
71899 13
71900 13
71901 13
71902 13
71903 13
71904 13
71905 13
71906 13
71907 13
71908 13
71909 13
71910 13
71911 13
71912 13
71913 13
71914 13
71915 13
71916 13
71917 13
71918 13
71919 13
71920 13
71921 13
71922 13
71923 13
71924 13
71925 13
71926 13
71927 13
71928 13
71929 13
71930 13
71931 13
71932 13
71933 14
71934 13
71935 13
71936 13
71937 13
71938 13
71939 13
71940 13
71941 13
71942 13
71943 13
71944 13
71945 13
71946 13
71947 13
71948 13
71949 13
71950 14
71951 13
71952 13
71953 13
71954 14
71955 13
71956 13
71957 13
71958 13
71959 13
71960 13
71961 13
71962 13
71963 13
71964 13
71965 13
71966 13
71967 13
71968 13
71969 13
71970 13
71971 13
71972 13
71973 14
71974 13
71975 13
71976 13
71977 13
71978 13
71979 13
71980 13
71981 13
71982 13
71983 13
71984 13
71985 13
71986 13
71987 13
71988 13
71989 13
71990 13
71991 13
71992 13
71993 13
71994 13
71995 13
71996 13
71997 13
71998 13
71999 13
72000 14
72001 13
72002 13
72003 13
72004 13
72005 13
72006 13
72007 13
72008 13
72009 13
72010 1
72011 380
72012 190
72013 129
72014 95
72015 76
72016 66
72017 59
72018 49
72019 48
72020 38
72021 40
72022 34
72023 36
72024 33
72025 28
72026 27
72027 29
72028 26
72029 20
72030 19
72031 25
72032 23
72033 24
72034 20
72035 19
72036 20
72037 21
72038 18
72039 20
72040 15
72041 20
72042 18
72043 19
72044 17
72045 15
72046 16
72047 18
72048 10
72049 18
72050 11
72051 17
72052 16
72053 18
72054 14
72055 14
72056 16
72057 16
72058 14
72059 16
72060 11
72061 16
72062 14
72063 16
72064 14
72065 12
72066 13
72067 9
72068 15
72069 15
72070 9
72071 15
72072 13
72073 15
72074 12
72075 11
72076 14
72077 15
72078 12
72079 14
72080 10
72081 14
72082 12
72083 14
72084 13
72085 11
72086 5
72087 14
72088 13
72089 14
72090 8
72091 14
72092 13
72093 15
72094 11
72095 12
72096 12
72097 14
72098 12
72099 14
72100 10
72101 14
72102 11
72103 13
72104 12
72105 4
72106 11
72107 14
72108 13
72109 14
72110 8
72111 14
72112 12
72113 13
72114 12
72115 10
72116 12
72117 14
72118 11
72119 13
72120 9
72121 14
72122 11
72123 13
72124 6
72125 11
72126 10
72127 13
72128 12
72129 13
72130 7
72131 13
72132 12
72133 13
72134 11
72135 10
72136 12
72137 14
72138 11
72139 13
72140 9
72141 13
72142 11
72143 7
72144 12
72145 10
72146 11
72147 13
72148 12
72149 13
72150 7
72151 13
72152 12
72153 13
72154 11
72155 10
72156 12
72157 13
72158 11
72159 13
72160 9
72161 13
72162 4
72163 13
72164 12
72165 10
72166 11
72167 13
72168 11
72169 13
72170 7
72171 13
72172 12
72173 13
72174 10
72175 10
72176 12
72177 13
72178 11
72179 13
72180 10
72181 8
72182 11
72183 13
72184 12
72185 10
72186 11
72187 13
72188 11
72189 13
72190 7
72191 13
72192 12
72193 13
72194 10
72195 10
72196 12
72197 13
72198 11
72199 13
72200 2
72201 13
72202 11
72203 13
72204 12
72205 10
72206 10
72207 13
72208 12
72209 13
72210 7
72211 13
72212 11
72213 13
72214 11
72215 10
72216 12
72217 13
72218 11
72219 8
72220 10
72221 13
72222 11
72223 13
72224 12
72225 10
72226 10
72227 13
72228 12
72229 13
72230 7
72231 13
72232 11
72233 13
72234 10
72235 10
72236 12
72237 13
72238 4
72239 13
72240 9
72241 13
72242 11
72243 13
72244 12
72245 10
72246 11
72247 13
72248 12
72249 13
72250 7
72251 13
72252 12
72253 13
72254 11
72255 10
72256 12
72257 7
72258 11
72259 13
72260 9
72261 13
72262 11
72263 14
72264 12
72265 10
72266 11
72267 13
72268 11
72269 13
72270 7
72271 13
72272 11
72273 13
72274 10
72275 10
72276 6
72277 13
72278 11
72279 13
72280 9
72281 13
72282 11
72283 13
72284 12
72285 10
72286 11
72287 13
72288 11
72289 13
72290 7
72291 13
72292 13
72293 13
72294 11
72295 4
72296 12
72297 13
72298 11
72299 13
72300 10
72301 13
72302 11
72303 13
72304 12
72305 10
72306 10
72307 13
72308 12
72309 13
72310 7
72311 13
72312 12
72313 13
72314 5
72315 10
72316 12
72317 13
72318 11
72319 13
72320 9
72321 13
72322 11
72323 13
72324 12
72325 10
72326 11
72327 13
72328 12
72329 13
72330 7
72331 13
72332 12
72333 7
72334 10
72335 10
72336 12
72337 13
72338 11
72339 13
72340 9
72341 13
72342 11
72343 13
72344 12
72345 10
72346 11
72347 13
72348 12
72349 13
72350 9
72351 14
72352 6
72353 13
72354 11
72355 11
72356 12
72357 13
72358 11
72359 13
72360 9
72361 13
72362 11
72363 13
72364 12
72365 10
72366 11
72367 13
72368 12
72369 13
72370 7
72371 9
72372 12
72373 13
72374 11
72375 10
72376 12
72377 13
72378 11
72379 13
72380 9
72381 13
72382 11
72383 13
72384 12
72385 10
72386 11
72387 13
72388 12
72389 13
72390 1
72391 381
72392 192
72393 127
72394 99
72395 80
72396 65
72397 59
72398 52
72399 45
72400 43
72401 40
72402 35
72403 36
72404 33
72405 29
72406 31
72407 29
72408 25
72409 28
72410 26
72411 24
72412 25
72413 24
72414 22
72415 22
72416 23
72417 19
72418 21
72419 21
72420 18
72421 20
72422 19
72423 17
72424 19
72425 18
72426 16
72427 19
72428 18
72429 16
72430 17
72431 17
72432 15
72433 17
72434 17
72435 15
72436 16
72437 16
72438 14
72439 16
72440 16
72441 15
72442 17
72443 16
72444 13
72445 16
72446 16
72447 13
72448 15
72449 15
72450 13
72451 15
72452 15
72453 13
72454 15
72455 15
72456 13
72457 15
72458 15
72459 13
72460 15
72461 15
72462 12
72463 15
72464 14
72465 14
72466 14
72467 14
72468 12
72469 14
72470 15
72471 12
72472 14
72473 14
72474 12
72475 14
72476 14
72477 11
72478 14
72479 15
72480 12
72481 14
72482 14
72483 12
72484 14
72485 13
72486 12
72487 14
72488 13
72489 11
72490 14
72491 14
72492 11
72493 14
72494 13
72495 12
72496 13
72497 14
72498 12
72499 13
72500 13
72501 12
72502 14
72503 13
72504 11
72505 13
72506 13
72507 11
72508 13
72509 13
72510 11
72511 13
72512 13
72513 12
72514 13
72515 14
72516 11
72517 3
72518 13
72519 11
72520 14
72521 13
72522 11
72523 13
72524 13
72525 11
72526 13
72527 13
72528 11
72529 13
72530 13
72531 11
72532 13
72533 13
72534 11
72535 13
72536 13
72537 12
72538 13
72539 13
72540 11
72541 13
72542 13
72543 11
72544 13
72545 13
72546 12
72547 13
72548 13
72549 11
72550 13
72551 13
72552 11
72553 13
72554 13
72555 11
72556 13
72557 13
72558 11
72559 13
72560 13
72561 11
72562 13
72563 14
72564 11
72565 13
72566 13
72567 11
72568 13
72569 13
72570 12
72571 13
72572 13
72573 11
72574 13
72575 13
72576 11
72577 13
72578 13
72579 11
72580 13
72581 13
72582 11
72583 13
72584 13
72585 11
72586 13
72587 13
72588 11
72589 13
72590 13
72591 12
72592 13
72593 13
72594 11
72595 13
72596 13
72597 11
72598 14
72599 13
72600 11
72601 13
72602 13
72603 11
72604 13
72605 13
72606 11
72607 13
72608 13
72609 11
72610 13
72611 13
72612 11
72613 13
72614 13
72615 11
72616 13
72617 13
72618 11
72619 13
72620 13
72621 11
72622 13
72623 13
72624 11
72625 13
72626 13
72627 11
72628 13
72629 13
72630 11
72631 13
72632 13
72633 11
72634 13
72635 13
72636 11
72637 13
72638 13
72639 11
72640 13
72641 13
72642 11
72643 13
72644 3
72645 11
72646 13
72647 13
72648 11
72649 13
72650 13
72651 11
72652 13
72653 13
72654 11
72655 13
72656 13
72657 11
72658 13
72659 13
72660 11
72661 13
72662 13
72663 11
72664 13
72665 13
72666 11
72667 13
72668 13
72669 11
72670 13
72671 13
72672 11
72673 13
72674 13
72675 11
72676 13
72677 13
72678 11
72679 13
72680 13
72681 11
72682 13
72683 13
72684 11
72685 13
72686 13
72687 11
72688 13
72689 13
72690 11
72691 13
72692 13
72693 11
72694 13
72695 13
72696 11
72697 13
72698 13
72699 11
72700 13
72701 13
72702 11
72703 13
72704 13
72705 11
72706 13
72707 13
72708 11
72709 13
72710 14
72711 11
72712 13
72713 13
72714 11
72715 13
72716 13
72717 12
72718 13
72719 13
72720 11
72721 13
72722 13
72723 11
72724 13
72725 13
72726 11
72727 13
72728 13
72729 11
72730 13
72731 13
72732 11
72733 13
72734 13
72735 11
72736 13
72737 13
72738 11
72739 13
72740 13
72741 11
72742 14
72743 13
72744 11
72745 13
72746 13
72747 11
72748 13
72749 13
72750 11
72751 13
72752 13
72753 11
72754 13
72755 13
72756 11
72757 13
72758 14
72759 11
72760 13
72761 13
72762 11
72763 13
72764 13
72765 11
72766 13
72767 13
72768 12
72769 13
72770 13
72771 1
72772 382
72773 191
72774 130
72775 97
72776 80
72777 66
72778 59
72779 51
72780 48
72781 42
72782 40
72783 36
72784 35
72785 32
72786 32
72787 30
72788 30
72789 27
72790 26
72791 24
72792 25
72793 23
72794 24
72795 22
72796 23
72797 21
72798 23
72799 20
72800 21
72801 19
72802 20
72803 18
72804 19
72805 19
72806 19
72807 17
72808 18
72809 18
72810 18
72811 17
72812 17
72813 16
72814 17
72815 15
72816 17
72817 16
72818 17
72819 15
72820 16
72821 15
72822 16
72823 14
72824 17
72825 14
72826 16
72827 15
72828 16
72829 14
72830 15
72831 14
72832 16
72833 15
72834 15
72835 14
72836 15
72837 13
72838 15
72839 13
72840 14
72841 13
72842 14
72843 13
72844 15
72845 13
72846 15
72847 13
72848 14
72849 13
72850 14
72851 13
72852 14
72853 13
72854 14
72855 13
72856 14
72857 14
72858 14
72859 12
72860 14
72861 13
72862 14
72863 13
72864 14
72865 12
72866 14
72867 13
72868 14
72869 13
72870 13
72871 12
72872 15
72873 12
72874 14
72875 13
72876 13
72877 12
72878 14
72879 12
72880 14
72881 12
72882 13
72883 12
72884 14
72885 12
72886 14
72887 12
72888 13
72889 12
72890 14
72891 12
72892 13
72893 11
72894 13
72895 12
72896 13
72897 12
72898 13
72899 12
72900 14
72901 12
72902 13
72903 12
72904 13
72905 12
72906 13
72907 12
72908 13
72909 13
72910 13
72911 12
72912 13
72913 12
72914 13
72915 12
72916 13
72917 12
72918 14
72919 12
72920 13
72921 12
72922 13
72923 11
72924 13
72925 12
72926 13
72927 12
72928 13
72929 12
72930 13
72931 12
72932 13
72933 11
72934 13
72935 12
72936 13
72937 12
72938 13
72939 12
72940 13
72941 12
72942 13
72943 12
72944 13
72945 11
72946 13
72947 11
72948 14
72949 11
72950 13
72951 11
72952 13
72953 12
72954 13
72955 13
72956 13
72957 11
72958 13
72959 11
72960 13
72961 11
72962 2
72963 11
72964 13
72965 11
72966 13
72967 11
72968 13
72969 13
72970 13
72971 12
72972 13
72973 11
72974 13
72975 11
72976 13
72977 11
72978 13
72979 11
72980 13
72981 12
72982 13
72983 12
72984 13
72985 12
72986 13
72987 12
72988 13
72989 12
72990 13
72991 11
72992 13
72993 12
72994 13
72995 11
72996 13
72997 12
72998 13
72999 12
73000 13
73001 11
73002 13
73003 11
73004 13
73005 11
73006 14
73007 12
73008 13
73009 12
73010 13
73011 12
73012 13
73013 12
73014 13
73015 12
73016 13
73017 12
73018 13
73019 12
73020 13
73021 12
73022 13
73023 12
73024 13
73025 11
73026 13
73027 12
73028 13
73029 11
73030 13
73031 11
73032 13
73033 12
73034 13
73035 12
73036 13
73037 12
73038 13
73039 12
73040 13
73041 12
73042 13
73043 12
73044 13
73045 11
73046 13
73047 11
73048 13
73049 12
73050 13
73051 12
73052 13
73053 12
73054 13
73055 12
73056 13
73057 12
73058 13
73059 12
73060 13
73061 12
73062 13
73063 12
73064 13
73065 11
73066 13
73067 12
73068 13
73069 12
73070 13
73071 12
73072 13
73073 12
73074 13
73075 12
73076 13
73077 11
73078 13
73079 12
73080 13
73081 12
73082 13
73083 12
73084 13
73085 12
73086 14
73087 12
73088 13
73089 12
73090 13
73091 12
73092 13
73093 12
73094 13
73095 11
73096 13
73097 12
73098 13
73099 12
73100 13
73101 12
73102 13
73103 12
73104 13
73105 12
73106 13
73107 12
73108 13
73109 12
73110 13
73111 12
73112 14
73113 12
73114 13
73115 12
73116 13
73117 12
73118 13
73119 12
73120 13
73121 12
73122 13
73123 12
73124 13
73125 11
73126 13
73127 12
73128 13
73129 12
73130 14
73131 12
73132 13
73133 12
73134 13
73135 12
73136 13
73137 12
73138 13
73139 12
73140 13
73141 12
73142 13
73143 12
73144 13
73145 12
73146 13
73147 12
73148 13
73149 12
73150 13
73151 12
73152 13
73153 1
73154 383
73155 193
73156 130
73157 99
73158 80
73159 68
73160 59
73161 54
73162 48
73163 44
73164 41
73165 38
73166 35
73167 33
73168 32
73169 30
73170 30
73171 28
73172 27
73173 26
73174 25
73175 24
73176 24
73177 23
73178 24
73179 22
73180 21
73181 21
73182 21
73183 20
73184 21
73185 20
73186 19
73187 19
73188 19
73189 19
73190 18
73191 18
73192 19
73193 18
73194 17
73195 17
73196 17
73197 17
73198 17
73199 17
73200 17
73201 17
73202 16
73203 16
73204 16
73205 16
73206 16
73207 16
73208 16
73209 15
73210 16
73211 15
73212 16
73213 15
73214 16
73215 15
73216 15
73217 15
73218 15
73219 15
73220 15
73221 15
73222 15
73223 14
73224 15
73225 15
73226 14
73227 14
73228 14
73229 14
73230 14
73231 14
73232 14
73233 14
73234 14
73235 14
73236 14
73237 14
73238 14
73239 14
73240 14
73241 14
73242 14
73243 14
73244 14
73245 14
73246 14
73247 13
73248 14
73249 13
73250 14
73251 13
73252 13
73253 14
73254 14
73255 14
73256 14
73257 13
73258 14
73259 14
73260 14
73261 14
73262 13
73263 14
73264 13
73265 14
73266 14
73267 13
73268 14
73269 13
73270 13
73271 13
73272 14
73273 13
73274 13
73275 13
73276 13
73277 13
73278 13
73279 14
73280 13
73281 13
73282 13
73283 13
73284 14
73285 14
73286 13
73287 13
73288 13
73289 13
73290 13
73291 13
73292 13
73293 13
73294 13
73295 13
73296 13
73297 13
73298 13
73299 13
73300 13
73301 13
73302 13
73303 13
73304 13
73305 13
73306 13
73307 13
73308 13
73309 13
73310 14
73311 13
73312 13
73313 13
73314 13
73315 13
73316 13
73317 13
73318 14
73319 13
73320 13
73321 13
73322 13
73323 13
73324 13
73325 13
73326 13
73327 13
73328 13
73329 13
73330 13
73331 13
73332 13
73333 13
73334 13
73335 13
73336 13
73337 13
73338 13
73339 13
73340 13
73341 13
73342 13
73343 13
73344 13
73345 13
73346 13
73347 13
73348 13
73349 13
73350 13
73351 13
73352 13
73353 13
73354 13
73355 13
73356 13
73357 13
73358 13
73359 13
73360 13
73361 13
73362 13
73363 13
73364 13
73365 13
73366 13
73367 13
73368 13
73369 13
73370 13
73371 13
73372 13
73373 13
73374 13
73375 13
73376 13
73377 13
73378 13
73379 13
73380 13
73381 13
73382 13
73383 13
73384 13
73385 13
73386 13
73387 13
73388 13
73389 13
73390 13
73391 13
73392 13
73393 13
73394 13
73395 13
73396 13
73397 13
73398 13
73399 13
73400 13
73401 13
73402 13
73403 13
73404 13
73405 13
73406 13
73407 13
73408 13
73409 13
73410 13
73411 13
73412 13
73413 13
73414 13
73415 13
73416 13
73417 13
73418 13
73419 13
73420 13
73421 13
73422 13
73423 13
73424 13
73425 13
73426 13
73427 13
73428 13
73429 13
73430 13
73431 13
73432 13
73433 13
73434 13
73435 13
73436 13
73437 13
73438 13
73439 13
73440 13
73441 14
73442 13
73443 13
73444 13
73445 13
73446 13
73447 13
73448 13
73449 13
73450 13
73451 13
73452 13
73453 13
73454 13
73455 13
73456 13
73457 13
73458 13
73459 13
73460 13
73461 13
73462 13
73463 13
73464 13
73465 13
73466 13
73467 13
73468 13
73469 13
73470 13
73471 13
73472 13
73473 13
73474 13
73475 13
73476 13
73477 13
73478 13
73479 13
73480 13
73481 13
73482 13
73483 13
73484 13
73485 13
73486 13
73487 13
73488 13
73489 13
73490 13
73491 13
73492 13
73493 13
73494 13
73495 13
73496 13
73497 13
73498 13
73499 13
73500 14
73501 13
73502 13
73503 13
73504 13
73505 13
73506 13
73507 13
73508 13
73509 13
73510 13
73511 13
73512 13
73513 13
73514 13
73515 13
73516 13
73517 13
73518 13
73519 13
73520 13
73521 13
73522 13
73523 13
73524 13
73525 13
73526 13
73527 13
73528 13
73529 13
73530 13
73531 13
73532 13
73533 13
73534 13
73535 13
73536 1
73537 384
73538 192
73539 128
73540 96
73541 81
73542 64
73543 59
73544 48
73545 45
73546 42
73547 40
73548 32
73549 35
73550 32
73551 29
73552 24
73553 29
73554 24
73555 28
73556 23
73557 23
73558 23
73559 24
73560 16
73561 22
73562 21
73563 20
73564 18
73565 22
73566 17
73567 20
73568 12
73569 17
73570 18
73571 18
73572 13
73573 19
73574 16
73575 15
73576 13
73577 18
73578 15
73579 17
73580 14
73581 15
73582 15
73583 16
73584 8
73585 16
73586 16
73587 15
73588 13
73589 16
73590 12
73591 16
73592 11
73593 13
73594 14
73595 16
73596 10
73597 16
73598 15
73599 13
73600 6
73601 15
73602 12
73603 15
73604 12
73605 13
73606 14
73607 15
73608 8
73609 15
73610 13
73611 14
73612 13
73613 14
73614 11
73615 14
73616 9
73617 12
73618 12
73619 14
73620 9
73621 14
73622 13
73623 12
73624 10
73625 14
73626 10
73627 14
73628 11
73629 11
73630 12
73631 14
73632 4
73633 14
73634 12
73635 12
73636 11
73637 15
73638 11
73639 14
73640 10
73641 12
73642 12
73643 14
73644 9
73645 13
73646 12
73647 11
73648 8
73649 13
73650 10
73651 14
73652 12
73653 11
73654 13
73655 13
73656 7
73657 13
73658 12
73659 11
73660 11
73661 13
73662 10
73663 14
73664 3
73665 11
73666 12
73667 13
73668 8
73669 13
73670 12
73671 11
73672 9
73673 13
73674 10
73675 13
73676 10
73677 11
73678 12
73679 13
73680 5
73681 13
73682 12
73683 11
73684 10
73685 13
73686 10
73687 13
73688 9
73689 11
73690 12
73691 13
73692 8
73693 13
73694 12
73695 11
73696 6
73697 13
73698 10
73699 13
73700 10
73701 11
73702 12
73703 13
73704 7
73705 13
73706 12
73707 11
73708 12
73709 13
73710 10
73711 14
73712 7
73713 11
73714 12
73715 13
73716 9
73717 13
73718 12
73719 11
73720 9
73721 13
73722 10
73723 13
73724 10
73725 11
73726 12
73727 13
73728 2
73729 13
73730 12
73731 11
73732 10
73733 13
73734 10
73735 13
73736 9
73737 11
73738 12
73739 13
73740 9
73741 13
73742 12
73743 11
73744 7
73745 13
73746 10
73747 13
73748 12
73749 11
73750 12
73751 13
73752 7
73753 13
73754 12
73755 11
73756 10
73757 13
73758 10
73759 13
73760 6
73761 11
73762 12
73763 13
73764 8
73765 13
73766 12
73767 11
73768 9
73769 13
73770 10
73771 13
73772 10
73773 11
73774 12
73775 13
73776 5
73777 13
73778 12
73779 11
73780 10
73781 13
73782 10
73783 13
73784 9
73785 11
73786 12
73787 13
73788 8
73789 13
73790 12
73791 11
73792 3
73793 13
73794 10
73795 13
73796 10
73797 11
73798 12
73799 13
73800 7
73801 13
73802 12
73803 11
73804 12
73805 13
73806 10
73807 13
73808 8
73809 11
73810 12
73811 13
73812 9
73813 13
73814 12
73815 11
73816 10
73817 13
73818 10
73819 13
73820 10
73821 11
73822 12
73823 13
73824 4
73825 13
73826 12
73827 11
73828 10
73829 13
73830 10
73831 13
73832 10
73833 11
73834 12
73835 13
73836 9
73837 13
73838 12
73839 11
73840 9
73841 13
73842 10
73843 13
73844 12
73845 11
73846 12
73847 13
73848 8
73849 13
73850 12
73851 11
73852 10
73853 13
73854 11
73855 13
73856 5
73857 11
73858 12
73859 13
73860 8
73861 13
73862 12
73863 11
73864 9
73865 13
73866 11
73867 13
73868 10
73869 11
73870 12
73871 13
73872 7
73873 13
73874 12
73875 11
73876 10
73877 14
73878 10
73879 13
73880 9
73881 11
73882 12
73883 13
73884 8
73885 13
73886 12
73887 11
73888 7
73889 13
73890 10
73891 14
73892 11
73893 11
73894 12
73895 13
73896 7
73897 13
73898 13
73899 11
73900 12
73901 14
73902 10
73903 13
73904 8
73905 11
73906 12
73907 13
73908 9
73909 13
73910 12
73911 11
73912 10
73913 13
73914 10
73915 13
73916 10
73917 11
73918 12
73919 13
73920 1
73921 385
73922 194
73923 131
73924 100
73925 77
73926 68
73927 55
73928 54
73929 48
73930 40
73931 35
73932 38
73933 35
73934 29
73935 28
73936 31
73937 29
73938 28
73939 28
73940 23
73941 21
73942 19
73943 24
73944 23
73945 19
73946 22
73947 22
73948 17
73949 20
73950 17
73951 20
73952 20
73953 14
73954 19
73955 11
73956 19
73957 18
73958 18
73959 18
73960 14
73961 18
73962 13
73963 17
73964 12
73965 14
73966 17
73967 16
73968 16
73969 12
73970 13
73971 17
73972 16
73973 16
73974 15
73975 7
73976 13
73977 16
73978 16
73979 15
73980 12
73981 16
73982 15
73983 11
73984 15
73985 12
73986 10
73987 15
73988 15
73989 14
73990 7
73991 15
73992 14
73993 14
73994 14
73995 12
73996 15
73997 5
73998 14
73999 14
74000 12
74001 14
74002 14
74003 14
74004 10
74005 12
74006 14
74007 14
74008 9
74009 14
74010 11
74011 11
74012 14
74013 13
74014 14
74015 12
74016 14
74017 13
74018 10
74019 10
74020 10
74021 14
74022 14
74023 13
74024 14
74025 6
74026 14
74027 14
74028 14
74029 13
74030 5
74031 13
74032 10
74033 14
74034 13
74035 10
74036 14
74037 13
74038 13
74039 11
74040 12
74041 8
74042 13
74043 13
74044 13
74045 12
74046 9
74047 13
74048 13
74049 13
74050 10
74051 13
74052 9
74053 11
74054 14
74055 10
74056 13
74057 13
74058 13
74059 13
74060 6
74061 13
74062 13
74063 9
74064 13
74065 10
74066 13
74067 9
74068 13
74069 13
74070 10
74071 14
74072 13
74073 13
74074 4
74075 10
74076 13
74077 14
74078 13
74079 13
74080 10
74081 10
74082 13
74083 13
74084 14
74085 5
74086 13
74087 14
74088 9
74089 13
74090 10
74091 13
74092 13
74093 13
74094 13
74095 6
74096 8
74097 13
74098 13
74099 13
74100 12
74101 13
74102 9
74103 13
74104 13
74105 10
74106 13
74107 9
74108 13
74109 9
74110 10
74111 13
74112 13
74113 13
74114 13
74115 10
74116 9
74117 13
74118 9
74119 13
74120 10
74121 13
74122 13
74123 9
74124 13
74125 12
74126 13
74127 13
74128 13
74129 8
74130 6
74131 13
74132 13
74133 13
74134 13
74135 10
74136 13
74137 9
74138 13
74139 13
74140 5
74141 14
74142 13
74143 13
74144 10
74145 10
74146 13
74147 13
74148 13
74149 13
74150 10
74151 4
74152 13
74153 13
74154 13
74155 10
74156 13
74157 13
74158 9
74159 13
74160 10
74161 13
74162 9
74163 13
74164 13
74165 6
74166 13
74167 13
74168 13
74169 13
74170 10
74171 13
74172 10
74173 9
74174 13
74175 10
74176 13
74177 13
74178 13
74179 9
74180 12
74181 13
74182 13
74183 13
74184 8
74185 12
74186 9
74187 13
74188 13
74189 13
74190 10
74191 13
74192 13
74193 9
74194 13
74195 5
74196 13
74197 13
74198 13
74199 14
74200 6
74201 13
74202 13
74203 13
74204 13
74205 10
74206 8
74207 9
74208 13
74209 13
74210 10
74211 13
74212 13
74213 13
74214 10
74215 10
74216 13
74217 9
74218 13
74219 13
74220 12
74221 9
74222 13
74223 13
74224 13
74225 11
74226 13
74227 13
74228 5
74229 13
74230 10
74231 14
74232 13
74233 13
74234 13
74235 7
74236 13
74237 13
74238 13
74239 9
74240 11
74241 13
74242 9
74243 13
74244 13
74245 10
74246 13
74247 13
74248 13
74249 9
74250 5
74251 14
74252 13
74253 13
74254 13
74255 12
74256 9
74257 13
74258 13
74259 13
74260 10
74261 8
74262 13
74263 9
74264 13
74265 10
74266 13
74267 13
74268 13
74269 13
74270 6
74271 13
74272 10
74273 13
74274 13
74275 11
74276 13
74277 10
74278 13
74279 13
74280 10
74281 14
74282 14
74283 9
74284 10
74285 10
74286 13
74287 13
74288 13
74289 13
74290 10
74291 10
74292 13
74293 13
74294 8
74295 10
74296 13
74297 13
74298 10
74299 13
74300 10
74301 13
74302 13
74303 13
74304 13
74305 1
74306 386
74307 193
74308 131
74309 98
74310 81
74311 67
74312 61
74313 52
74314 49
74315 42
74316 41
74317 36
74318 36
74319 32
74320 32
74321 30
74322 29
74323 27
74324 27
74325 25
74326 25
74327 23
74328 24
74329 22
74330 23
74331 20
74332 22
74333 20
74334 22
74335 19
74336 20
74337 19
74338 20
74339 18
74340 19
74341 17
74342 19
74343 17
74344 18
74345 16
74346 18
74347 16
74348 17
74349 16
74350 17
74351 16
74352 17
74353 15
74354 17
74355 15
74356 17
74357 15
74358 16
74359 16
74360 15
74361 16
74362 15
74363 14
74364 15
74365 14
74366 15
74367 14
74368 15
74369 14
74370 15
74371 13
74372 15
74373 13
74374 14
74375 14
74376 15
74377 13
74378 14
74379 13
74380 14
74381 13
74382 15
74383 13
74384 14
74385 13
74386 14
74387 13
74388 14
74389 13
74390 14
74391 13
74392 14
74393 12
74394 14
74395 13
74396 14
74397 12
74398 14
74399 12
74400 14
74401 12
74402 14
74403 12
74404 14
74405 12
74406 13
74407 12
74408 14
74409 12
74410 14
74411 12
74412 13
74413 12
74414 13
74415 12
74416 14
74417 12
74418 14
74419 12
74420 13
74421 12
74422 14
74423 12
74424 13
74425 12
74426 13
74427 13
74428 14
74429 12
74430 14
74431 12
74432 13
74433 12
74434 13
74435 12
74436 13
74437 12
74438 14
74439 12
74440 13
74441 12
74442 13
74443 12
74444 13
74445 12
74446 13
74447 12
74448 13
74449 12
74450 13
74451 12
74452 13
74453 12
74454 13
74455 12
74456 13
74457 12
74458 13
74459 12
74460 13
74461 12
74462 13
74463 12
74464 13
74465 12
74466 13
74467 12
74468 13
74469 12
74470 13
74471 12
74472 13
74473 12
74474 13
74475 12
74476 13
74477 12
74478 13
74479 13
74480 13
74481 12
74482 12
74483 12
74484 13
74485 12
74486 12
74487 12
74488 13
74489 12
74490 13
74491 12
74492 13
74493 12
74494 13
74495 12
74496 12
74497 12
74498 2
74499 12
74500 12
74501 12
74502 13
74503 12
74504 13
74505 12
74506 13
74507 12
74508 13
74509 12
74510 12
74511 12
74512 12
74513 12
74514 12
74515 12
74516 13
74517 13
74518 13
74519 12
74520 13
74521 12
74522 13
74523 12
74524 13
74525 12
74526 13
74527 12
74528 13
74529 12
74530 13
74531 12
74532 13
74533 12
74534 13
74535 12
74536 13
74537 12
74538 13
74539 12
74540 13
74541 12
74542 13
74543 12
74544 13
74545 12
74546 13
74547 12
74548 13
74549 12
74550 13
74551 12
74552 12
74553 12
74554 13
74555 12
74556 13
74557 12
74558 13
74559 12
74560 13
74561 12
74562 13
74563 12
74564 13
74565 12
74566 13
74567 12
74568 14
74569 12
74570 13
74571 12
74572 13
74573 12
74574 14
74575 12
74576 13
74577 12
74578 13
74579 12
74580 13
74581 12
74582 12
74583 12
74584 13
74585 12
74586 13
74587 12
74588 13
74589 12
74590 13
74591 12
74592 14
74593 12
74594 13
74595 12
74596 13
74597 12
74598 13
74599 12
74600 13
74601 12
74602 13
74603 12
74604 13
74605 12
74606 13
74607 12
74608 13
74609 12
74610 13
74611 12
74612 13
74613 12
74614 13
74615 12
74616 13
74617 12
74618 13
74619 12
74620 13
74621 12
74622 13
74623 13
74624 13
74625 12
74626 13
74627 12
74628 13
74629 12
74630 13
74631 12
74632 13
74633 12
74634 13
74635 12
74636 13
74637 12
74638 13
74639 12
74640 13
74641 12
74642 13
74643 12
74644 13
74645 12
74646 14
74647 12
74648 13
74649 12
74650 14
74651 12
74652 13
74653 12
74654 13
74655 12
74656 13
74657 12
74658 13
74659 12
74660 13
74661 12
74662 13
74663 12
74664 13
74665 12
74666 13
74667 12
74668 13
74669 12
74670 13
74671 12
74672 13
74673 12
74674 13
74675 12
74676 13
74677 12
74678 13
74679 12
74680 14
74681 12
74682 13
74683 12
74684 13
74685 12
74686 13
74687 12
74688 13
74689 12
74690 14
74691 1
74692 387
74693 195
74694 129
74695 100
74696 81
74697 66
74698 60
74699 53
74700 43
74701 44
74702 40
74703 36
74704 36
74705 34
74706 30
74707 30
74708 30
74709 23
74710 27
74711 26
74712 23
74713 25
74714 25
74715 22
74716 23
74717 22
74718 17
74719 22
74720 21
74721 18
74722 20
74723 21
74724 17
74725 19
74726 19
74727 14
74728 18
74729 18
74730 16
74731 18
74732 18
74733 15
74734 9
74735 17
74736 12
74737 17
74738 18
74739 15
74740 17
74741 16
74742 14
74743 17
74744 17
74745 11
74746 16
74747 16
74748 13
74749 16
74750 15
74751 14
74752 15
74753 15
74754 12
74755 15
74756 15
74757 13
74758 15
74759 15
74760 13
74761 15
74762 14
74763 10
74764 15
74765 15
74766 14
74767 14
74768 14
74769 12
74770 14
74771 14
74772 10
74773 14
74774 14
74775 12
74776 14
74777 6
74778 13
74779 14
74780 14
74781 10
74782 14
74783 14
74784 13
74785 13
74786 14
74787 12
74788 14
74789 13
74790 9
74791 14
74792 14
74793 12
74794 14
74795 13
74796 11
74797 13
74798 14
74799 9
74800 14
74801 13
74802 11
74803 14
74804 14
74805 12
74806 14
74807 13
74808 10
74809 13
74810 14
74811 11
74812 13
74813 14
74814 11
74815 13
74816 13
74817 9
74818 13
74819 13
74820 3
74821 13
74822 14
74823 11
74824 14
74825 14
74826 9
74827 13
74828 13
74829 11
74830 13
74831 14
74832 11
74833 13
74834 13
74835 9
74836 13
74837 13
74838 11
74839 13
74840 13
74841 11
74842 13
74843 13
74844 10
74845 13
74846 14
74847 13
74848 13
74849 13
74850 11
74851 13
74852 13
74853 9
74854 13
74855 13
74856 12
74857 13
74858 13
74859 11
74860 13
74861 13
74862 10
74863 6
74864 13
74865 11
74866 13
74867 13
74868 11
74869 13
74870 13
74871 9
74872 13
74873 13
74874 11
74875 13
74876 13
74877 11
74878 13
74879 13
74880 9
74881 13
74882 13
74883 11
74884 13
74885 13
74886 11
74887 13
74888 13
74889 9
74890 13
74891 13
74892 11
74893 13
74894 13
74895 11
74896 13
74897 13
74898 9
74899 13
74900 13
74901 11
74902 13
74903 13
74904 11
74905 13
74906 6
74907 9
74908 13
74909 13
74910 11
74911 13
74912 13
74913 11
74914 13
74915 13
74916 9
74917 13
74918 13
74919 11
74920 13
74921 13
74922 12
74923 13
74924 13
74925 10
74926 13
74927 13
74928 11
74929 13
74930 13
74931 11
74932 13
74933 13
74934 9
74935 13
74936 13
74937 11
74938 13
74939 13
74940 11
74941 13
74942 13
74943 9
74944 13
74945 14
74946 11
74947 13
74948 13
74949 3
74950 13
74951 13
74952 9
74953 13
74954 13
74955 11
74956 13
74957 13
74958 11
74959 13
74960 13
74961 9
74962 13
74963 13
74964 11
74965 13
74966 13
74967 11
74968 13
74969 13
74970 9
74971 13
74972 13
74973 11
74974 13
74975 13
74976 12
74977 13
74978 13
74979 9
74980 13
74981 13
74982 12
74983 13
74984 13
74985 11
74986 13
74987 13
74988 9
74989 14
74990 13
74991 11
74992 6
74993 13
74994 11
74995 13
74996 13
74997 9
74998 13
74999 13
75000 11
75001 13
75002 13
75003 11
75004 13
75005 13
75006 10
75007 13
75008 13
75009 11
75010 13
75011 13
75012 11
75013 13
75014 13
75015 10
75016 13
75017 13
75018 11
75019 13
75020 13
75021 11
75022 13
75023 13
75024 9
75025 13
75026 13
75027 11
75028 13
75029 13
75030 11
75031 13
75032 13
75033 9
75034 13
75035 7
75036 11
75037 13
75038 13
75039 11
75040 13
75041 13
75042 9
75043 13
75044 13
75045 11
75046 13
75047 13
75048 11
75049 13
75050 14
75051 9
75052 13
75053 13
75054 11
75055 13
75056 13
75057 11
75058 13
75059 13
75060 9
75061 13
75062 13
75063 12
75064 13
75065 14
75066 11
75067 13
75068 13
75069 9
75070 13
75071 13
75072 11
75073 13
75074 13
75075 11
75076 13
75077 13
75078 1
75079 388
75080 194
75081 132
75082 97
75083 81
75084 67
75085 60
75086 50
75087 48
75088 43
75089 41
75090 35
75091 35
75092 32
75093 32
75094 28
75095 29
75096 27
75097 27
75098 23
75099 25
75100 23
75101 24
75102 20
75103 23
75104 21
75105 22
75106 18
75107 20
75108 19
75109 20
75110 18
75111 20
75112 18
75113 19
75114 16
75115 18
75116 18
75117 18
75118 15
75119 17
75120 16
75121 17
75122 15
75123 17
75124 16
75125 16
75126 14
75127 16
75128 15
75129 16
75130 13
75131 17
75132 14
75133 16
75134 13
75135 15
75136 15
75137 15
75138 13
75139 15
75140 14
75141 15
75142 13
75143 15
75144 14
75145 15
75146 12
75147 15
75148 13
75149 15
75150 12
75151 14
75152 13
75153 15
75154 11
75155 14
75156 13
75157 14
75158 11
75159 14
75160 13
75161 14
75162 11
75163 15
75164 13
75165 14
75166 11
75167 14
75168 13
75169 14
75170 12
75171 14
75172 13
75173 14
75174 11
75175 4
75176 12
75177 14
75178 11
75179 14
75180 13
75181 14
75182 11
75183 14
75184 13
75185 14
75186 11
75187 14
75188 12
75189 13
75190 11
75191 14
75192 12
75193 13
75194 11
75195 13
75196 12
75197 13
75198 11
75199 13
75200 12
75201 14
75202 10
75203 13
75204 12
75205 13
75206 11
75207 14
75208 12
75209 14
75210 11
75211 14
75212 13
75213 13
75214 11
75215 13
75216 12
75217 13
75218 11
75219 13
75220 12
75221 13
75222 11
75223 13
75224 12
75225 13
75226 11
75227 13
75228 12
75229 13
75230 11
75231 13
75232 12
75233 13
75234 12
75235 13
75236 11
75237 13
75238 11
75239 13
75240 13
75241 13
75242 11
75243 13
75244 12
75245 14
75246 11
75247 13
75248 11
75249 13
75250 10
75251 13
75252 12
75253 13
75254 11
75255 13
75256 11
75257 13
75258 11
75259 13
75260 11
75261 13
75262 11
75263 13
75264 11
75265 13
75266 10
75267 13
75268 12
75269 13
75270 10
75271 13
75272 2
75273 13
75274 10
75275 13
75276 12
75277 13
75278 10
75279 13
75280 11
75281 13
75282 11
75283 13
75284 11
75285 13
75286 11
75287 13
75288 11
75289 13
75290 11
75291 13
75292 12
75293 13
75294 10
75295 13
75296 11
75297 13
75298 11
75299 14
75300 12
75301 13
75302 11
75303 13
75304 12
75305 13
75306 11
75307 13
75308 11
75309 13
75310 11
75311 13
75312 12
75313 13
75314 11
75315 13
75316 11
75317 13
75318 11
75319 13
75320 12
75321 13
75322 11
75323 13
75324 12
75325 13
75326 11
75327 13
75328 12
75329 13
75330 11
75331 13
75332 12
75333 13
75334 10
75335 13
75336 11
75337 13
75338 11
75339 13
75340 12
75341 13
75342 10
75343 13
75344 12
75345 13
75346 11
75347 13
75348 12
75349 13
75350 11
75351 13
75352 12
75353 14
75354 11
75355 13
75356 12
75357 13
75358 10
75359 13
75360 12
75361 13
75362 11
75363 13
75364 13
75365 13
75366 10
75367 13
75368 12
75369 4
75370 11
75371 13
75372 12
75373 13
75374 11
75375 13
75376 12
75377 13
75378 11
75379 13
75380 12
75381 13
75382 11
75383 13
75384 12
75385 13
75386 11
75387 13
75388 12
75389 13
75390 11
75391 13
75392 12
75393 13
75394 10
75395 13
75396 11
75397 13
75398 11
75399 13
75400 12
75401 13
75402 11
75403 13
75404 12
75405 13
75406 11
75407 13
75408 12
75409 13
75410 11
75411 13
75412 12
75413 13
75414 11
75415 13
75416 12
75417 13
75418 11
75419 13
75420 12
75421 13
75422 11
75423 13
75424 12
75425 13
75426 11
75427 14
75428 12
75429 13
75430 10
75431 14
75432 12
75433 13
75434 11
75435 13
75436 12
75437 13
75438 11
75439 13
75440 12
75441 13
75442 11
75443 13
75444 11
75445 13
75446 11
75447 13
75448 12
75449 13
75450 11
75451 13
75452 12
75453 13
75454 10
75455 13
75456 12
75457 13
75458 11
75459 13
75460 12
75461 13
75462 11
75463 13
75464 12
75465 13
75466 1
