set 6923635 h=5 f=5 : (53190,21095) (44610,0) (8217,21811) (24990,28425) (27978,28695) (39462,25250) (37920,33155) (43338,29010) (0,64020) (61092,43080)
set 6923636 h=5 f=5 : (32592,1032) (0,12654) (32869,39007) (35350,36012) (36085,32604) (36610,25182) (43022,26208) (39655,15348) (61712,59238) (65471,0)
set 6923640 h=5 f=5 : (34617,0) (0,18480) (5874,37440) (17879,32035) (19393,30400) (27577,20980) (39710,21940) (40304,18830) (58278,63710) (62843,12000)
set 6923641 h=5 f=5 : (16116,50842) (39240,62370) (60612,23936) (44424,25091) (38492,28821) (35628,31141) (34980,26730) (27372,33231) (48024,0) (0,18623)
set 6923645 h=5 f=5 : (4761,55151) (47442,53965) (60774,38327) (41413,33375) (38768,33599) (36432,34810) (34534,32310) (26834,31055) (39510,10385) (12843,26036)
set 6923646 h=5 f=5 : (35776,0) (5291,10164) (0,37476) (23166,34548) (26130,27444) (26491,26504) (29874,27948) (37882,22200) (43329,62604) (61451,30816)
set 6923650 h=5 f=5 : (34617,0) (0,18480) (5874,37440) (18359,31816) (19393,30400) (27577,20980) (39710,21940) (40304,18830) (58278,63710) (62843,12000)
set 6923651 h=5 f=5 : (16116,50842) (39240,62370) (60612,23936) (44424,25091) (38826,29419) (35628,31141) (34980,26730) (27372,33231) (48024,0) (0,18623)
set 6923655 h=5 f=5 : (37364,1846) (5586,8893) (3217,43126) (25443,30340) (26667,27936) (28121,25398) (29868,26469) (34803,22358) (38319,52497) (60770,10373)
set 6923656 h=5 f=5 : (35776,0) (5291,10164) (0,37476) (23166,34548) (26130,27444) (26564,26690) (29874,27948) (37882,22200) (43329,62604) (61451,30816)
set 6923858 h=5 f=5 : (3037,35026) (5388,39395) (18880,57930) (17868,47879) (16757,46490) (17638,46946) (15498,45190) (16972,45801) (37865,61833) (21725,14267)
set 6923863 h=5 f=5 : (7671,19525) (0,54741) (23279,56875) (23617,48139) (22017,42306) (23402,41400) (19547,36029) (23412,31342) (57174,41694) (27114,0)
set 6923868 h=5 f=5 : (767,14110) (1514,16226) (3933,15805) (3304,14473) (2848,14379) (2952,13823) (2434,13867) (2595,13435) (5605,12282) (2232,12159)
set 6923873 h=5 f=5 : (60472,30456) (48704,0) (11666,11322) (22912,30012) (29184,33492) (29320,37980) (33328,38400) (32224,42276) (0,56160) (40608,60828)
set 6923878 h=5 f=5 : (55551,19581) (25646,2069) (0,7278) (21496,18836) (23435,19011) (23511,19520) (31627,22342) (32464,24150) (7611,56450) (52527,35541)
set 6924319 h=5 f=5 : (41401,19482) (8924,1488) (20944,22747) (29180,27608) (32736,26163) (39987,33497) (43007,33573) (47224,37426) (56611,64047) (65472,51482)
set 6924330 h=5 f=5 : (60472,30456) (48704,0) (16010,18074) (22912,30012) (29184,33492) (29320,37980) (33328,38400) (32224,42276) (0,56160) (40608,60828)
set 6924341 h=5 f=5 : (57360,0) (14493,3650) (0,6732) (12528,23120) (15372,22236) (16062,26240) (21312,31688) (22446,33936) (342,55612) (35448,54216)
set 6925561 h=5 f=5 : (28159,2905) (0,21392) (29732,64463) (33168,34125) (32084,21742) (37864,21448) (35216,15722) (30480,6587) (56720,47936) (42312,0)
set 6925562 h=5 f=5 : (64666,41070) (55636,0) (24500,17535) (30282,28845) (37394,38010) (35709,41548) (38150,41625) (47222,45345) (0,60975) (44688,62505)
set 6925571 h=5 f=5 : (43530,0) (0,19740) (16910,53136) (29650,38472) (32050,32016) (38410,32592) (39926,26518) (42310,16596) (43800,62412) (63680,9636)
set 6925572 h=5 f=5 : (10857,43424) (39798,59504) (64944,45792) (36432,29744) (31790,30690) (27984,20128) (24849,23648) (20328,27472) (33726,4616) (0,0)
set 6925575 h=5 f=5 : (33823,0) (6018,9402) (0,33766) (22600,31999) (24267,28022) (28013,31833) (28594,28717) (35944,24895) (41785,60193) (55150,30927)
set 6925611 h=5 f=5 : (1449,18830) (210,52836) (22526,56945) (22381,47952) (21227,41498) (22357,39118) (18052,34428) (21495,30509) (53857,42624) (22078,0)
set 6925614 h=5 f=5 : (3037,35026) (5388,39395) (22562,63424) (17868,47879) (16757,46490) (17638,46946) (15498,45190) (16972,45801) (37865,61833) (21725,14267)
set 6925619 h=5 f=5 : (56468,19146) (25082,0) (528,12497) (18160,19557) (19897,19558) (21467,20963) (31716,20682) (39872,28199) (4591,57624) (52131,33500)
set 6925622 h=5 f=5 : (55160,18279) (25199,0) (0,11954) (18506,19948) (19999,19910) (23604,22169) (29249,22735) (39393,28821) (5458,58210) (53030,35062)
set 6925929 h=5 f=5 : (34617,0) (0,18480) (5874,37440) (19393,30400) (27577,20980) (39710,21940) (40304,18830) (40266,16706) (58278,63710) (62843,12000)
set 6925930 h=5 f=5 : (10857,43424) (39798,59504) (64944,45792) (36432,29744) (31692,32144) (27984,20128) (24849,23648) (20328,27472) (33726,4616) (0,0)
set 6925934 h=5 f=5 : (60002,3553) (24580,622) (15467,8631) (19979,16219) (24127,15339) (24269,27158) (27959,28253) (31154,33233) (5534,64913) (34859,51038)
set 6925971 h=5 f=5 : (64460,36170) (47780,0) (17769,197) (29710,19490) (34520,23250) (37110,33120) (41000,36470) (43080,40480) (0,50540) (52660,60060)
set 6925974 h=5 f=5 : (59638,63949) (65372,28231) (33002,8120) (34198,22420) (39918,34159) (32391,36538) (37383,42908) (36109,43831) (164,15504) (30935,57234)
set 6925982 h=5 f=5 : (52916,5724) (15522,3293) (5659,10914) (34018,27314) (38029,26171) (47192,35027) (49879,35003) (51158,36177) (59876,62243) (59286,42183)
set 6926017 h=5 f=5 : (34617,0) (0,18480) (5874,37440) (19393,30400) (27577,20980) (35724,21639) (39710,21940) (40304,18830) (58278,63710) (62843,12000)
set 6926018 h=5 f=5 : (42224,0) (4758,2669) (0,30532) (13052,28951) (19697,25123) (21268,27336) (28678,37502) (33462,24548) (22048,61914) (65130,48501)
set 6926019 h=5 f=5 : (34617,0) (0,18480) (5874,37440) (19393,30400) (27577,20980) (35530,21599) (39710,21940) (40304,18830) (58278,63710) (62843,12000)
set 6926020 h=5 f=5 : (42224,0) (4758,2669) (0,30532) (13052,28951) (19291,25810) (21268,27336) (28678,37502) (33462,24548) (22048,61914) (65130,48501)
set 6926021 h=5 f=5 : (42224,0) (4758,2669) (0,30532) (13052,28951) (15703,26837) (21268,27336) (28678,37502) (33462,24548) (22048,61914) (65130,48501)
set 6926033 h=5 f=5 : (34617,0) (0,18480) (5874,37440) (19393,30400) (27577,20980) (35187,21636) (39710,21940) (40304,18830) (58278,63710) (62843,12000)
set 6926034 h=5 f=5 : (24368,58716) (63728,64442) (61504,26978) (41920,30394) (38304,34650) (36668,32758) (28016,22988) (26608,36190) (26512,0) (0,16268)
set 6926035 h=5 f=5 : (34617,0) (0,18480) (5874,37440) (19393,30400) (27577,20980) (35268,21574) (39710,21940) (40304,18830) (58278,63710) (62843,12000)
set 6926036 h=5 f=5 : (24368,58716) (63728,64442) (61504,26978) (41920,30394) (38304,34650) (36662,32943) (28016,22988) (26608,36190) (26512,0) (0,16268)
set 6926037 h=5 f=5 : (47222,3140) (45413,3167) (44944,4089) (45582,4009) (45769,3931) (46065,3898) (46322,4003) (46838,3751) (45839,5385) (47385,3939)
set 6926541 h=5 f=5 : (64399,29399) (63679,0) (17215,8960) (34496,21696) (32428,25856) (45188,28080) (41987,35216) (60907,30320) (0,46944) (63459,64448)
set 6926542 h=5 f=5 : (60480,30960) (65025,7008) (22194,0) (33963,18473) (28359,20748) (38286,23952) (34389,26772) (45765,28692) (0,30672) (38664,61596)
set 6926543 h=5 f=5 : (34820,1749) (6282,7448) (2080,30989) (21262,26612) (23688,28898) (25428,25540) (27369,26830) (35068,22570) (38242,58032) (56544,27185)
set 6926550 h=5 f=5 : (34254,0) (0,12384) (860,64748) (27936,38484) (33039,43056) (33561,28575) (43470,32274) (40113,20286) (53307,65520) (63477,22815)
set 6926551 h=5 f=5 : (37925,0) (8426,8009) (0,37130) (22934,30571) (24097,32272) (25145,29847) (26952,30659) (36112,26388) (40955,61750) (58348,30981)
set 6926631 h=5 f=5 : (34617,0) (0,18480) (5874,37440) (19393,30400) (20510,30822) (27577,20980) (39710,21940) (40304,18830) (58278,63710) (62843,12000)
set 6926632 h=5 f=5 : (34254,0) (0,12384) (10230,59534) (27936,38484) (33039,43056) (33561,28575) (43470,32274) (40113,20286) (53307,65520) (63477,22815)
set 6926633 h=5 f=5 : (40292,764) (0,13561) (5122,36436) (28574,24260) (30129,24317) (31280,21708) (34375,21687) (39777,18375) (57216,54353) (65477,7200)
set 6926634 h=5 f=5 : (40784,1359) (26153,12261) (5930,33338) (34035,31070) (36394,36180) (37374,28816) (40356,32883) (44052,30202) (48133,65013) (59606,38357)
set 6927441 h=5 f=5 : (64460,36170) (47780,0) (19969,4576) (29710,19490) (34520,23250) (37110,33120) (41000,36470) (43080,40480) (0,50540) (52660,60060)
set 6927493 h=5 f=5 : (34617,0) (0,18480) (5874,37440) (19393,30400) (27577,20980) (37902,21856) (39710,21940) (40304,18830) (58278,63710) (62843,12000)
set 6927494 h=5 f=5 : (55484,3832) (8863,1880) (2328,42129) (17291,35067) (22590,31059) (26313,35221) (30187,37872) (41666,23011) (23258,63194) (63207,36321)
set 6927495 h=5 f=5 : (34617,0) (0,18480) (5874,37440) (19393,30400) (27577,20980) (37346,21739) (39710,21940) (40304,18830) (58278,63710) (62843,12000)
set 6927496 h=5 f=5 : (54062,4294) (6761,381) (2328,42129) (17291,35067) (20501,32963) (26313,35221) (30187,37872) (41666,23011) (23258,63194) (63207,36321)
set 6927497 h=5 f=5 : (20299,15207) (19541,17660) (21329,17487) (21286,17000) (21197,16638) (21352,16297) (21830,15861) (21151,15562) (23811,16505) (22587,13685)
set 6927539 h=5 f=5 : (60147,39395) (62498,35026) (43810,14267) (48563,45801) (50037,45190) (47897,46946) (48778,46490) (47667,47879) (27670,61833) (47060,48477)
set 6928062 h=5 f=5 : (45035,17791) (7035,1131) (2328,42129) (17291,35067) (19931,39768) (26313,35221) (30187,37872) (41666,23011) (23258,63194) (63207,36321)
set 6928063 h=5 f=5 : (60480,30960) (65025,7008) (22194,0) (34940,18167) (28359,20748) (38286,23952) (34389,26772) (45765,28692) (0,30672) (38664,61596)
set 6928064 h=5 f=5 : (54160,19913) (39929,9115) (10569,2258) (33384,28967) (30456,38897) (35700,34721) (35196,37859) (40326,36989) (20640,62609) (41448,59621)
set 6928145 h=5 f=5 : (62843,18480) (28226,0) (0,12000) (22539,18830) (23133,21940) (35266,20980) (43450,30400) (45997,30528) (4565,63710) (56969,37440)
set 6928146 h=5 f=5 : (34254,0) (0,12384) (17405,56127) (27936,38484) (33039,43056) (33561,28575) (43470,32274) (40113,20286) (53307,65520) (63477,22815)
set 6928147 h=5 f=5 : (64533,31662) (35938,0) (18158,10773) (24786,19574) (22232,24147) (30590,25785) (28329,38835) (29869,42723) (0,62892) (32018,56385)
set 6928148 h=5 f=5 : (124,27133) (9600,47492) (30040,56428) (27720,37572) (35128,33316) (26984,31788) (33216,26060) (32560,22740) (63432,18196) (41248,9108)
set 6928175 h=5 f=5 : (57584,21555) (41156,0) (14476,5330) (28348,22095) (24576,28925) (33280,27525) (31116,36800) (32056,39240) (0,62120) (36471,61979)
set 6928176 h=5 f=5 : (64740,0) (17400,3489) (0,20328) (19780,20240) (20932,23746) (27640,20180) (31144,23760) (41156,24868) (18580,59886) (53920,29310)
set 6928467 h=5 f=5 : (24368,58716) (63728,64442) (61504,26978) (44152,32324) (41920,30394) (38304,34650) (28016,22988) (26608,36190) (26512,0) (0,16268)
set 6928473 h=5 f=5 : (24368,58716) (63728,64442) (61504,26978) (44604,31569) (41920,30394) (38304,34650) (28016,22988) (26608,36190) (26512,0) (0,16268)
set 6928476 h=5 f=5 : (19560,61890) (60100,44850) (40326,6758) (30620,20590) (27510,25000) (23440,33220) (15670,30920) (15260,42440) (5780,0) (0,41840)
set 6928477 h=5 f=5 : (53190,21095) (44610,0) (18446,28310) (24990,28425) (27978,28695) (39462,25250) (37920,33155) (43338,29010) (0,64020) (61092,43080)
set 6928478 h=5 f=5 : (32592,1032) (0,12654) (33644,44260) (35350,36012) (36085,32604) (36610,25182) (43022,26208) (39655,15348) (61712,59238) (65471,0)
set 6928497 h=5 f=5 : (16482,0) (7902,21095) (0,43080) (17754,29010) (23172,33155) (21630,25250) (33114,28695) (36102,28425) (61092,64020) (36519,28528)
set 6959898 h=5 f=5 : (0,7308) (13086,58058) (48177,60851) (37719,39879) (36294,37842) (26028,29085) (24327,21217) (28917,22561) (63738,21511) (17973,0)
set 6959899 h=5 f=5 : (55776,43062) (39812,0) (23508,11037) (26916,17820) (30748,23100) (39744,30360) (40996,36810) (39728,42726) (0,42114) (46120,56388)
set 6959907 h=5 f=5 : (0,7308) (13086,58058) (48177,60851) (37719,39879) (35258,37151) (26028,29085) (24327,21217) (28917,22561) (63738,21511) (17973,0)
set 6959908 h=5 f=5 : (5510,18577) (0,57226) (24650,61282) (24680,51233) (20260,42939) (16880,37271) (17722,33849) (22400,29393) (60080,42952) (25750,0)
set 6959916 h=5 f=5 : (0,7308) (13086,58058) (48177,60851) (37719,39879) (35192,37619) (26028,29085) (24327,21217) (28917,22561) (63738,21511) (17973,0)
set 6959917 h=5 f=5 : (28146,2590) (1915,28095) (17021,54681) (32491,44559) (31903,38119) (31448,31497) (38357,30783) (46302,33198) (63620,61359) (57866,28074)
set 6959972 h=5 f=5 : (53102,25762) (23702,0) (6096,31919) (12922,35101) (21532,34034) (22330,39369) (39956,31658) (31962,40744) (0,63558) (64624,60753)
set 6959977 h=5 f=5 : (0,45792) (25146,59504) (54087,43424) (44616,27472) (39101,27782) (40095,23648) (28512,29744) (36960,20128) (64944,0) (31218,4616)
set 6959982 h=5 f=5 : (46990,18486) (2220,0) (669,15120) (3270,16434) (13210,18768) (20830,25290) (33540,24072) (29250,29424) (0,64872) (63050,46728)
set 6959987 h=5 f=5 : (0,45792) (25146,59504) (54087,43424) (44616,27472) (38585,28722) (40095,23648) (28512,29744) (36960,20128) (64944,0) (31218,4616)
set 6959992 h=5 f=5 : (13578,39787) (18439,52081) (50916,47324) (37452,34959) (29779,36479) (30732,35044) (26382,34762) (27678,33755) (63194,17859) (0,0)
set 6960183 h=5 f=5 : (16116,50842) (39240,62370) (60612,23936) (44424,25091) (35628,31141) (34980,26730) (27372,33231) (30495,27973) (48024,0) (0,18623)
set 6960190 h=5 f=5 : (16116,50842) (39240,62370) (60612,23936) (44424,25091) (35628,31141) (34980,26730) (27372,33231) (30946,27314) (48024,0) (0,18623)
set 6960197 h=5 f=5 : (58526,6417) (9904,201) (0,11817) (9126,22912) (14511,22153) (16977,30985) (20063,34217) (20076,34424) (6524,55011) (22980,40604)
set 6960773 h=5 f=5 : (28460,2616) (0,21392) (29732,64463) (33168,34125) (32084,21742) (37864,21448) (30480,6587) (35216,15722) (56720,47936) (42312,0)
set 6960774 h=5 f=5 : (45568,0) (20968,16720) (448,50014) (10736,42360) (16320,36368) (15312,41680) (30552,20848) (20952,34304) (0,63536) (65456,14176)
set 6960778 h=5 f=5 : (53102,25762) (23702,0) (6254,32306) (12922,35101) (21532,34034) (22330,39369) (39956,31658) (31962,40744) (0,63558) (64624,60753)
set 6960782 h=5 f=5 : (5220,34152) (43500,60616) (59730,40600) (40160,32008) (30030,32560) (25539,25241) (14800,28920) (20710,24304) (39830,0) (0,13600)
set 6960783 h=5 f=5 : (40432,62048) (61696,9552) (29408,0) (25216,19920) (26688,31424) (20122,39839) (25872,47408) (21472,44976) (0,26768) (13952,65232)
set 6960787 h=5 f=5 : (46990,18486) (2220,0) (912,15249) (3270,16434) (13210,18768) (20830,25290) (33540,24072) (29250,29424) (0,64872) (63050,46728)
set 6961021 h=5 f=5 : (10596,12040) (0,54280) (34284,64400) (35100,50080) (29280,39700) (38151,34155) (27108,23860) (36048,30160) (64272,47420) (43368,0)
set 6961022 h=5 f=5 : (34617,0) (0,18480) (5874,37440) (19393,30400) (27577,20980) (39710,21940) (39122,16594) (40304,18830) (58278,63710) (62843,12000)
set 6961028 h=5 f=5 : (18363,15677) (21085,16130) (21308,10050) (20592,10369) (19931,11896) (19457,10177) (18904,12919) (19218,11297) (20232,6090) (16689,9662)
set 6961046 h=5 f=5 : (46806,6015) (2436,0) (0,31158) (31524,19581) (41574,12870) (45609,14185) (48360,12540) (49476,15426) (63288,50331) (61386,11688)
set 6961047 h=5 f=5 : (1398,15610) (0,52820) (7614,62980) (11118,47300) (8826,38720) (13048,31839) (12960,30290) (18816,22260) (62394,28100) (25626,0)
set 6961050 h=5 f=5 : (46806,6015) (2436,0) (0,31158) (31524,19581) (41574,12870) (45749,14215) (48360,12540) (49476,15426) (63288,50331) (61386,11688)
set 6961051 h=5 f=5 : (1398,15610) (0,52820) (7614,62980) (11118,47300) (8826,38720) (13239,31341) (12960,30290) (18816,22260) (62394,28100) (25626,0)
set 6961076 h=5 f=5 : (46806,6015) (2436,0) (0,31158) (31524,19581) (41574,12870) (44883,13949) (48360,12540) (49476,15426) (63288,50331) (61386,11688)
set 6961077 h=5 f=5 : (1398,15610) (0,52820) (7614,62980) (11118,47300) (8826,38720) (12663,32477) (12960,30290) (18816,22260) (62394,28100) (25626,0)
set 6961080 h=5 f=5 : (46806,6015) (2436,0) (0,31158) (31524,19581) (41574,12870) (44875,13932) (48360,12540) (49476,15426) (63288,50331) (61386,11688)
set 6961081 h=5 f=5 : (1398,15610) (0,52820) (7614,62980) (11118,47300) (8826,38720) (12700,32249) (12960,30290) (18816,22260) (62394,28100) (25626,0)
set 6961445 h=5 f=5 : (0,7308) (13086,58058) (48177,60851) (36740,40794) (37719,39879) (26028,29085) (24327,21217) (28917,22561) (63738,21511) (17973,0)
set 6961446 h=5 f=5 : (65518,32498) (41271,384) (14079,1396) (29303,18336) (30359,24540) (42459,27378) (45825,35276) (43141,41568) (351,59146) (58783,65152)
set 6962011 h=5 f=5 : (34617,0) (0,18480) (5874,37440) (19393,30400) (27577,20980) (39710,21940) (40304,18830) (41819,20940) (58278,63710) (62843,12000)
set 6962013 h=5 f=5 : (24368,58716) (63728,64442) (61504,26978) (41920,30394) (38304,34650) (28016,22988) (26608,36190) (26090,23950) (26512,0) (0,16268)
set 6962045 h=5 f=5 : (34617,0) (0,18480) (5874,37440) (19393,30400) (27577,20980) (39710,21940) (40304,18830) (41519,21169) (58278,63710) (62843,12000)
set 6962047 h=5 f=5 : (34617,0) (0,18480) (5874,37440) (19393,30400) (27577,20980) (39710,21940) (40304,18830) (41668,21066) (58278,63710) (62843,12000)
set 6962049 h=5 f=5 : (24368,58716) (63728,64442) (61504,26978) (41920,30394) (38304,34650) (28016,22988) (26608,36190) (26401,22332) (26512,0) (0,16268)
set 6962051 h=5 f=5 : (24368,58716) (63728,64442) (61504,26978) (41920,30394) (38304,34650) (28016,22988) (26608,36190) (26352,22667) (26512,0) (0,16268)
set 6962059 h=5 f=5 : (34617,0) (0,18480) (5874,37440) (19393,30400) (27577,20980) (39710,21940) (40304,18830) (41877,21162) (58278,63710) (62843,12000)
set 6962061 h=5 f=5 : (24368,58716) (63728,64442) (61504,26978) (41920,30394) (38304,34650) (28016,22988) (26608,36190) (26164,21344) (26512,0) (0,16268)
set 6962063 h=5 f=5 : (15078,17486) (13880,16956) (10559,18514) (12861,18929) (13381,18608) (13188,19368) (13640,18922) (13089,19748) (11415,21716) (16354,21378)
set 6962065 h=5 f=5 : (0,38850) (34952,63260) (59232,28070) (38365,28064) (37152,28400) (32928,24180) (23688,28080) (29392,19790) (43136,0) (12136,9490)
set 6962072 h=5 f=5 : (0,52164) (18132,65224) (57984,54436) (36144,33776) (27120,38284) (31908,23520) (28290,26644) (32020,23155) (55680,0) (23730,2732)
set 6962073 h=5 f=5 : (0,52164) (18132,65224) (57984,54436) (36144,33776) (27120,38284) (31908,23520) (28290,26644) (31974,22654) (55680,0) (23730,2732)
set 6962076 h=5 f=5 : (4938,52348) (22988,65456) (56082,59117) (41074,33906) (33816,35531) (36826,23600) (33208,26724) (36966,23170) (60598,80) (28648,2812)
set 6962077 h=5 f=5 : (0,52164) (18132,65224) (57984,54436) (36144,33776) (27120,38284) (31908,23520) (28290,26644) (32409,21994) (55680,0) (23730,2732)
set 6962475 h=5 f=5 : (0,24516) (4202,46278) (26202,63891) (21439,46125) (29007,41904) (24246,38301) (13981,32310) (25817,33426) (64174,46242) (35134,0)
set 6962477 h=5 f=5 : (61584,58949) (56964,21340) (34812,0) (37763,21173) (34188,22176) (35964,26224) (44160,42768) (35256,40590) (0,18271) (32688,62821)
set 6962479 h=5 f=5 : (0,24516) (4202,46278) (26202,63891) (21439,46125) (29007,41904) (24144,38904) (13981,32310) (25817,33426) (64174,46242) (35134,0)
set 6962481 h=5 f=5 : (30162,1695) (15183,16766) (7281,45914) (27355,30283) (30450,33687) (30444,30698) (30474,18631) (40234,26331) (56174,63841) (58254,19412)
set 6962487 h=5 f=5 : (35037,63108) (63886,42336) (45339,4122) (36346,25308) (31526,22855) (31467,30456) (32572,50598) (24803,32256) (12801,0) (0,65196)
set 6962489 h=5 f=5 : (35037,63108) (63886,42336) (45339,4122) (36346,25308) (30979,23630) (31467,30456) (32572,50598) (24803,32256) (12801,0) (0,65196)
set 6962556 h=5 f=5 : (0,7308) (13086,58058) (48177,60851) (35796,41545) (37719,39879) (26028,29085) (24327,21217) (28917,22561) (63738,21511) (17973,0)
set 6962557 h=5 f=5 : (58991,8947) (54087,8032) (47629,12999) (51869,12878) (51193,14479) (53787,12659) (53980,13824) (53661,14883) (48120,21062) (55268,16188)
set 6962792 h=5 f=5 : (62843,18480) (28226,0) (0,12000) (22539,18830) (23133,21940) (35266,20980) (43450,30400) (42615,30954) (4565,63710) (56969,37440)
set 6962793 h=5 f=5 : (62843,18480) (28226,0) (0,12000) (22539,18830) (23133,21940) (35266,20980) (43450,30400) (43261,31299) (4565,63710) (56969,37440)
set 6962796 h=5 f=5 : (46806,6015) (2436,0) (0,31158) (28574,19463) (31524,19581) (41574,12870) (48360,12540) (49476,15426) (63288,50331) (61386,11688)
set 6962797 h=5 f=5 : (1398,15610) (0,52820) (7614,62980) (9383,48658) (11118,47300) (8826,38720) (12960,30290) (18816,22260) (62394,28100) (25626,0)
set 6962810 h=5 f=5 : (10307,54226) (60813,27720) (57664,0) (36168,18649) (22741,28904) (21426,31461) (19052,31976) (18987,31751) (8898,5636) (695,46581)
set 6962811 h=5 f=5 : (58979,27064) (42802,15352) (6465,893) (27925,18019) (28109,19582) (30829,20258) (29879,21036) (28057,21464) (0,20346) (58219,57427)
set 6962812 h=5 f=5 : (46806,6015) (2436,0) (0,31158) (27378,20605) (31524,19581) (41574,12870) (48360,12540) (49476,15426) (63288,50331) (61386,11688)
set 6962813 h=5 f=5 : (28595,0) (0,31662) (32515,56385) (34664,42723) (36204,38835) (33943,25785) (38454,22387) (42301,24147) (64533,62892) (46375,10773)
set 6962820 h=5 f=5 : (23686,26008) (26031,25857) (26133,24101) (25276,24256) (25059,24265) (24776,24621) (24117,24433) (24187,24164) (24511,22474) (23005,24153)
set 6962821 h=5 f=5 : (0,38752) (29980,59160) (64610,39224) (43440,35824) (35900,34072) (28780,34992) (28310,33098) (28070,21912) (64260,0) (21680,17280)
set 6962824 h=5 f=5 : (61936,47775) (49971,2487) (37200,10075) (40070,16382) (47252,32217) (50910,37863) (53039,44955) (52112,45114) (3600,63048) (55748,53811)
set 6962825 h=5 f=5 : (55776,43062) (39812,0) (18577,6689) (26916,17820) (30748,23100) (39744,30360) (40996,36810) (39728,42726) (0,42114) (46120,56388)
set 6964225 h=5 f=5 : (0,7308) (13086,58058) (48177,60851) (34182,42718) (37719,39879) (26028,29085) (24327,21217) (28917,22561) (63738,21511) (17973,0)
set 6964226 h=5 f=5 : (0,64442) (39360,58716) (63728,16268) (37120,36190) (35712,22988) (25424,34650) (22276,32457) (21808,30394) (37216,0) (2224,26978)
set 6964561 h=5 f=5 : (61336,43320) (52282,23545) (6968,0) (40184,30808) (28344,38120) (33224,41176) (33944,44784) (31200,45496) (0,53712) (39344,62632)
set 6964562 h=5 f=5 : (63786,54896) (47071,21131) (25934,7044) (38866,23897) (29962,27341) (35278,32915) (34174,40073) (30844,44627) (1750,35675) (31792,55769)
set 6964563 h=5 f=5 : (57423,1068) (14522,6874) (2328,36321) (23869,23011) (35348,37872) (39222,35221) (48244,35067) (47033,40030) (42277,63194) (63207,42129)
set 6964564 h=5 f=5 : (9030,0) (0,41070) (19978,62505) (17444,45345) (26516,41625) (27272,38010) (29830,30240) (34384,28845) (64666,60975) (40166,17535)
set 6964579 h=5 f=5 : (0,7008) (4545,30960) (26361,61596) (19260,28692) (30636,26772) (26739,23952) (31105,18714) (36666,20748) (65025,30672) (42831,0)
set 6964580 h=5 f=5 : (0,7008) (4545,30960) (26361,61596) (19260,28692) (30636,26772) (26739,23952) (28944,21846) (36666,20748) (65025,30672) (42831,0)
set 6964581 h=5 f=5 : (0,44618) (21865,56028) (55210,62048) (28365,49392) (35146,42133) (32490,41986) (28890,36624) (38970,33334) (50960,27986) (28700,0)
set 6964582 h=5 f=5 : (60147,48910) (48510,35240) (4662,0) (39492,33300) (29220,31402) (32958,33680) (35073,37020) (26199,33930) (0,24200) (8658,60330)
set 6964592 h=5 f=5 : (4028,46135) (25785,53305) (53716,42918) (34210,44169) (37831,39618) (29587,41145) (23716,37185) (27652,35280) (61507,18750) (14341,31329)
set 6964593 h=5 f=5 : (5180,53592) (41972,63147) (63840,45381) (39760,46746) (38300,36068) (31738,39522) (26306,31731) (24794,24465) (40264,0) (0,11004)
set 6964603 h=5 f=5 : (43532,50944) (44253,47416) (41515,43692) (42396,46980) (41019,46708) (41771,47986) (41096,48922) (40388,48342) (36974,45607) (39725,50980)
set 6964604 h=5 f=5 : (21372,62370) (44496,50842) (60612,18623) (33240,33231) (25632,26730) (24984,31141) (19914,29070) (16188,25091) (12588,0) (0,23936)
set 6964607 h=5 f=5 : (46806,6015) (2436,0) (0,31158) (26065,18068) (31524,19581) (41574,12870) (48360,12540) (49476,15426) (63288,50331) (61386,11688)
set 6964608 h=5 f=5 : (1398,15610) (0,52820) (7614,62980) (7166,49610) (11118,47300) (8826,38720) (12960,30290) (18816,22260) (62394,28100) (25626,0)
set 6964620 h=5 f=5 : (11189,45790) (56840,22204) (57115,0) (35860,19981) (25388,24558) (24403,26000) (20869,28188) (20990,26414) (16479,1136) (0,41282)
set 6964621 h=5 f=5 : (64834,29652) (44863,14904) (3689,0) (31619,16506) (29169,19368) (31893,20250) (33691,22800) (26012,23010) (0,18948) (61425,59562)
set 6964622 h=5 f=5 : (12370,61880) (63270,29232) (63140,0) (40160,27256) (28520,32436) (27508,33725) (22860,37764) (23650,34480) (18120,1384) (0,54512)
set 6964623 h=5 f=5 : (64834,29652) (44863,14904) (3689,0) (31619,16506) (29169,19368) (30815,20125) (33691,22800) (26012,23010) (0,18948) (61425,59562)
set 6964626 h=5 f=5 : (52042,9898) (25287,0) (0,27995) (22214,21783) (30039,27719) (33060,25715) (38207,27623) (35243,31884) (16694,58847) (58662,34600)
set 6964627 h=5 f=5 : (62842,33769) (59390,22272) (40776,10591) (44312,18114) (41554,20105) (42580,20791) (41822,21431) (39814,21069) (0,0) (37876,35285)
set 6964632 h=5 f=5 : (5244,5963) (6542,3910) (3890,23) (3824,2301) (3284,2416) (3486,2871) (3095,3190) (2537,2567) (1,20) (68,7124)
set 6964633 h=5 f=5 : (54263,30650) (38930,15524) (3168,0) (25894,19495) (26770,21620) (28024,22120) (27875,22629) (26926,22919) (216,18121) (56837,59885)
set 6964634 h=5 f=5 : (18978,4559) (16190,2020) (12576,11511) (14386,9648) (15089,9229) (16560,7472) (17410,7118) (16628,8421) (13254,14404) (19604,6172)
set 6964635 h=5 f=5 : (51824,0) (0,8134) (39776,47306) (41856,40187) (45744,35483) (47984,24710) (50332,23355) (53712,26670) (56752,63658) (63120,14322)
set 6964648 h=5 f=5 : (51111,3214) (0,0) (10820,29310) (23584,24868) (33596,23760) (37100,20180) (44960,20240) (43808,23746) (46160,59886) (64740,20328)
set 6964649 h=5 f=5 : (60615,65468) (58932,18239) (30564,0) (37467,16705) (33714,29679) (36171,32955) (34909,35245) (30735,37245) (0,8580) (26964,52637)
set 6964652 h=5 f=5 : (4851,54664) (37240,60573) (48410,20788) (41240,25598) (37490,27128) (29875,33203) (26380,33603) (29005,30303) (43625,4963) (17125,34803)
set 6964653 h=5 f=5 : (34872,64160) (52198,54838) (42414,26431) (39329,41470) (33916,51119) (33702,53539) (33144,53890) (31663,53502) (13337,1375) (26868,59374)
set 6964819 h=5 f=5 : (5780,56950) (39280,63450) (63420,41650) (37980,48075) (35960,32500) (29100,25725) (22680,30925) (25502,24493) (38800,0) (0,11525)
set 6964836 h=5 f=5 : (25146,59504) (54087,43424) (64944,0) (44616,27472) (40095,23648) (36960,20128) (31633,32524) (28512,29744) (31218,4616) (0,45792)
set 6964846 h=5 f=5 : (2965,2037) (0,6732) (342,55612) (12528,23120) (16062,26240) (22446,33936) (15372,22236) (21312,31688) (35448,54216) (57360,0)
set 7003253 h=5 f=5 : (0,17032) (2619,64680) (50755,54333) (38160,37208) (30105,30184) (16128,23832) (27018,22448) (16821,19728) (60867,25992) (14328,0)
set 7003254 h=5 f=5 : (64666,41070) (55636,0) (24500,17535) (30282,28845) (37394,38010) (42671,38749) (38150,41625) (47222,45345) (0,60975) (44688,62505)
set 7003259 h=5 f=5 : (64593,22196) (50789,1890) (32054,4503) (27035,21990) (31199,22355) (36137,22500) (23981,32700) (31091,31365) (2225,39545) (14999,63645)
set 7003260 h=5 f=5 : (60480,30960) (65025,7008) (22194,0) (28359,20748) (38286,23952) (43488,25610) (34389,26772) (45765,28692) (0,30672) (38664,61596)
set 7003265 h=5 f=5 : (0,54512) (12370,61880) (63270,29232) (40160,27256) (28563,33696) (22860,37764) (28520,32436) (23650,34480) (63140,0) (18120,1384)
set 7003266 h=5 f=5 : (61425,59562) (64834,29652) (44863,14904) (31619,16506) (31993,19837) (33691,22800) (29169,19368) (26012,23010) (3689,0) (0,18948)
set 7003271 h=5 f=5 : (0,29106) (27984,61947) (65412,34263) (46068,25173) (40836,25335) (22248,25299) (31793,18508) (21024,18801) (58920,0) (8352,1206)
set 7003272 h=5 f=5 : (60480,30960) (65025,7008) (22194,0) (28359,20748) (38286,23952) (43460,25741) (34389,26772) (45765,28692) (0,30672) (38664,61596)
set 7003277 h=5 f=5 : (53310,16669) (40423,1321) (26985,4155) (56153,31419) (55718,28986) (55300,26586) (56819,30488) (57285,29938) (60101,39037) (65243,40997)
set 7003278 h=5 f=5 : (61425,59562) (64834,29652) (44863,14904) (31619,16506) (33076,19676) (33691,22800) (29169,19368) (26012,23010) (3689,0) (0,18948)
set 7003445 h=5 f=5 : (5510,18577) (0,57226) (24650,61282) (24680,51233) (20260,42939) (16880,37271) (23940,38960) (22400,29393) (60080,42952) (25750,0)
set 7003453 h=5 f=5 : (5510,18577) (0,57226) (24650,61282) (24680,51233) (20260,42939) (16880,37271) (23327,38980) (22400,29393) (60080,42952) (25750,0)
set 7003461 h=5 f=5 : (1013,9431) (8726,10035) (10138,3805) (6793,3438) (5725,4424) (4513,4628) (4931,3241) (3881,3825) (5820,0) (95,2601)
set 7003469 h=5 f=5 : (2559,32599) (7946,61359) (35243,61636) (27398,37579) (21644,34927) (19502,30879) (24221,29779) (21728,22815) (57590,3899) (19895,10895)
set 7003713 h=5 f=5 : (39504,62315) (59166,12254) (32028,2072) (30672,7348) (32862,21516) (29652,31009) (25758,26664) (25482,40095) (0,0) (15996,64328)
set 7003732 h=5 f=5 : (1864,30251) (7946,61498) (32172,53384) (27398,37718) (21644,35066) (19502,31018) (24221,29918) (21728,22954) (57590,4038) (19895,11034)
set 7004233 h=5 f=5 : (2950,28296) (9870,60709) (58590,32692) (39186,26070) (26124,25652) (21070,20647) (30100,16819) (6832,26642) (61684,748) (0,0)
set 7004234 h=5 f=5 : (62286,31824) (59500,0) (15834,2639) (30408,25012) (34195,27892) (34118,30524) (25914,37154) (44800,35906) (0,49335) (33642,63999)
set 7004235 h=5 f=5 : (42224,0) (4758,2669) (0,30532) (13052,28951) (21268,27336) (32427,26191) (28678,37502) (33462,24548) (22048,61914) (65130,48501)
set 7004236 h=5 f=5 : (62286,31824) (59500,0) (15834,2639) (30408,25012) (33197,27668) (34118,30524) (25914,37154) (44800,35906) (0,49335) (33642,63999)
set 7004242 h=5 f=5 : (43530,0) (0,19740) (16910,53136) (29650,38472) (32050,32016) (38411,27971) (38410,32592) (42310,16596) (43800,62412) (63680,9636)
set 7004243 h=5 f=5 : (62286,31824) (59500,0) (15834,2639) (30408,25012) (34564,27358) (34118,30524) (25914,37154) (44800,35906) (0,49335) (33642,63999)
set 7004244 h=5 f=5 : (28778,1035) (6596,22697) (1976,60306) (19400,44125) (21244,35690) (27596,27581) (28304,41947) (29372,23533) (30872,64178) (63560,19628)
set 7004245 h=5 f=5 : (62286,31824) (59500,0) (15834,2639) (30408,25012) (32360,26379) (34118,30524) (25914,37154) (44800,35906) (0,49335) (33642,63999)
set 7004251 h=5 f=5 : (26306,63745) (63153,63918) (63386,16542) (35633,29929) (33059,38817) (27900,39818) (26613,33801) (22620,46550) (12962,1791) (2149,45043)
set 7004252 h=5 f=5 : (43530,0) (0,19740) (16910,53136) (29650,38472) (32050,32016) (34008,30860) (38410,32592) (42310,16596) (43800,62412) (63680,9636)
set 7004253 h=5 f=5 : (43530,0) (0,19740) (16910,53136) (29650,38472) (32050,32016) (38113,23823) (38410,32592) (42310,16596) (43800,62412) (63680,9636)
set 7004254 h=5 f=5 : (43530,0) (0,19740) (16910,53136) (29650,38472) (32050,32016) (34811,28707) (38410,32592) (42310,16596) (43800,62412) (63680,9636)
set 7004302 h=5 f=5 : (5510,18577) (0,57226) (24650,61282) (24680,51233) (20260,42939) (16880,37271) (24992,38853) (22400,29393) (60080,42952) (25750,0)
set 7004303 h=5 f=5 : (34617,0) (0,18480) (5874,37440) (19393,30400) (27577,20980) (28021,20168) (39710,21940) (40304,18830) (58278,63710) (62843,12000)
set 7004308 h=5 f=5 : (5510,18577) (0,57226) (24650,61282) (24680,51233) (20260,42939) (16880,37271) (24811,38899) (22400,29393) (60080,42952) (25750,0)
set 7004316 h=5 f=5 : (39820,10133) (31002,8544) (18570,33144) (31486,31216) (33054,27616) (35348,25862) (34182,35470) (36440,30208) (32032,56992) (46966,37404)
set 7004317 h=5 f=5 : (34617,0) (0,18480) (5874,37440) (19393,30400) (27577,20980) (28819,19992) (39710,21940) (40304,18830) (58278,63710) (62843,12000)
set 7004322 h=5 f=5 : (4757,5635) (4750,3762) (2802,3840) (3049,4387) (3459,4718) (3762,5023) (3274,4903) (3560,5357) (1513,4894) (3683,6048)
set 7004486 h=5 f=5 : (34617,0) (0,18480) (5874,37440) (19393,30400) (27577,20980) (38973,19891) (39710,21940) (40304,18830) (58278,63710) (62843,12000)
set 7004487 h=5 f=5 : (34617,0) (0,18480) (5874,37440) (19393,30400) (27577,20980) (37266,20843) (39710,21940) (40304,18830) (58278,63710) (62843,12000)
set 7004488 h=5 f=5 : (46806,6015) (2436,0) (0,31158) (31524,19581) (41574,12870) (48360,12540) (49476,15426) (48662,11570) (63288,50331) (61386,11688)
set 7004489 h=5 f=5 : (24368,58716) (63728,64442) (61504,26978) (41920,30394) (38304,34650) (34704,32141) (28016,22988) (26608,36190) (26512,0) (0,16268)
set 7004490 h=5 f=5 : (24368,58716) (63728,64442) (61504,26978) (41920,30394) (38304,34650) (27795,34756) (28016,22988) (26608,36190) (26512,0) (0,16268)
set 7004491 h=5 f=5 : (24368,58716) (63728,64442) (61504,26978) (41920,30394) (38304,34650) (30426,33400) (28016,22988) (26608,36190) (26512,0) (0,16268)
set 7004499 h=5 f=5 : (34617,0) (0,18480) (5874,37440) (19393,30400) (27577,20980) (38961,19563) (39710,21940) (40304,18830) (58278,63710) (62843,12000)
set 7004500 h=5 f=5 : (34617,0) (0,18480) (5874,37440) (19393,30400) (27577,20980) (36699,20798) (39710,21940) (40304,18830) (58278,63710) (62843,12000)
set 7004501 h=5 f=5 : (46806,6015) (2436,0) (0,31158) (31524,19581) (41574,12870) (48360,12540) (49476,15426) (48895,12325) (63288,50331) (61386,11688)
set 7004502 h=5 f=5 : (24368,58716) (63728,64442) (61504,26978) (41920,30394) (38304,34650) (36416,33348) (28016,22988) (26608,36190) (26512,0) (0,16268)
set 7004503 h=5 f=5 : (24368,58716) (63728,64442) (61504,26978) (41920,30394) (38304,34650) (27793,35756) (28016,22988) (26608,36190) (26512,0) (0,16268)
set 7004504 h=5 f=5 : (24368,58716) (63728,64442) (61504,26978) (41920,30394) (38304,34650) (32279,34477) (28016,22988) (26608,36190) (26512,0) (0,16268)
set 7004556 h=5 f=5 : (34617,0) (0,18480) (5874,37440) (19393,30400) (27577,20980) (38754,19125) (39710,21940) (40304,18830) (58278,63710) (62843,12000)
set 7004557 h=5 f=5 : (34617,0) (0,18480) (5874,37440) (19393,30400) (27577,20980) (38801,19455) (39710,21940) (40304,18830) (58278,63710) (62843,12000)
set 7004558 h=5 f=5 : (34617,0) (0,18480) (5874,37440) (19393,30400) (27577,20980) (34620,20102) (39710,21940) (40304,18830) (58278,63710) (62843,12000)
set 7004559 h=5 f=5 : (34617,0) (0,18480) (5874,37440) (19393,30400) (27577,20980) (36120,20613) (39710,21940) (40304,18830) (58278,63710) (62843,12000)
set 7004562 h=5 f=5 : (34617,0) (0,18480) (5874,37440) (19393,30400) (27577,20980) (38608,18998) (39710,21940) (40304,18830) (58278,63710) (62843,12000)
set 7004563 h=5 f=5 : (34617,0) (0,18480) (5874,37440) (19393,30400) (27577,20980) (35716,19472) (39710,21940) (40304,18830) (58278,63710) (62843,12000)
set 7004566 h=5 f=5 : (52610,63779) (64035,33307) (41793,9547) (36986,25134) (40022,33890) (37118,40347) (30342,34374) (32036,41678) (1500,14299) (21784,52854)
set 7004567 h=5 f=5 : (34617,0) (0,18480) (5874,37440) (19393,30400) (27577,20980) (30537,19891) (39710,21940) (40304,18830) (58278,63710) (62843,12000)
set 7004583 h=5 f=5 : (39504,62315) (59166,12254) (31495,3530) (30672,7348) (32862,21516) (29652,31009) (25758,26664) (25482,40095) (0,0) (15996,64328)
set 7004819 h=5 f=5 : (3511,41603) (22098,64199) (64799,44112) (35723,37527) (37567,32602) (19854,34009) (24405,27136) (12346,34898) (55313,1336) (737,11522)
set 7004821 h=5 f=5 : (24140,63450) (57640,56950) (63420,11525) (40740,30925) (34320,25725) (29067,42872) (27460,32500) (25440,48075) (24620,0) (0,41650)
set 7004823 h=5 f=5 : (58104,21577) (38188,8834) (5951,3726) (29401,35538) (28423,42818) (33058,39660) (31612,41944) (37201,42662) (19618,60668) (37816,59802)
set 7004828 h=5 f=5 : (24140,63450) (57640,56950) (63420,11525) (40740,30925) (34320,25725) (29028,44251) (27460,32500) (25440,48075) (24620,0) (0,41650)
set 7004830 h=5 f=5 : (38550,4155) (22718,7430) (12225,16669) (10235,26586) (8250,29938) (9817,28986) (8716,30488) (9382,31419) (292,40997) (5434,39037)
set 7004882 h=5 f=5 : (61050,43353) (62018,9018) (31504,0) (35112,15705) (29106,17982) (45045,30951) (29444,31113) (40733,36936) (0,24363) (22869,63270)
set 7004883 h=5 f=5 : (24140,63450) (57640,56950) (63420,11525) (40740,30925) (34320,25725) (28790,45125) (27460,32500) (25440,48075) (24620,0) (0,41650)
set 7004886 h=5 f=5 : (1749,18950) (3149,41895) (16334,57360) (29117,35117) (34534,33213) (29418,30507) (33346,30759) (32554,28341) (63786,33705) (53946,8175)
set 7004887 h=5 f=5 : (848,7639) (2853,36684) (34991,61640) (30425,38021) (38752,38357) (26705,28584) (33495,30817) (27132,21661) (64687,41471) (44352,3895)
set 7005526 h=5 f=5 : (34617,0) (0,18480) (5874,37440) (19393,30400) (27577,20980) (39018,20305) (39710,21940) (40304,18830) (58278,63710) (62843,12000)
set 7005527 h=5 f=5 : (34617,0) (0,18480) (5874,37440) (19393,30400) (27577,20980) (37790,21412) (39710,21940) (40304,18830) (58278,63710) (62843,12000)
set 7005528 h=5 f=5 : (24368,58716) (63728,64442) (61504,26978) (41920,30394) (38304,34650) (28175,28282) (28016,22988) (26608,36190) (26512,0) (0,16268)
set 7005529 h=5 f=5 : (35285,62926) (64392,32084) (42872,1361) (38488,15972) (37670,27463) (32520,32787) (27400,25757) (31816,48937) (14104,88) (1144,65448)
set 7005530 h=5 f=5 : (33384,0) (0,11352) (1560,54540) (17251,33720) (19836,29635) (28977,20736) (27105,32412) (32825,12708) (40170,63888) (64441,10200)
set 7005531 h=5 f=5 : (34208,59983) (63248,31996) (41728,1273) (37344,15884) (36382,25793) (31376,32699) (26256,25669) (30672,48849) (12960,0) (0,65360)
set 7005578 h=5 f=5 : (14794,386) (3402,23876) (1171,61938) (23310,37173) (21724,29672) (29875,29542) (33437,33338) (36011,28398) (64364,65149) (50493,18349)
set 7005580 h=5 f=5 : (30510,63012) (44674,60722) (49518,23526) (38458,36250) (36726,41898) (33574,42154) (33134,33562) (30462,37150) (30202,3690) (16018,44038)
set 7005582 h=5 f=5 : (17967,7709) (3290,38444) (25203,57826) (25016,34876) (24647,33034) (24682,27912) (35305,30108) (36334,21480) (62245,33219) (42235,14124)
set 7005584 h=5 f=5 : (27357,59859) (43059,55845) (58812,30915) (28989,37671) (26976,42135) (21792,39459) (20685,37041) (19626,38679) (0,0) (12323,37527)
set 7005585 h=5 f=5 : (64568,43769) (63744,0) (37476,4665) (39008,24519) (43752,28325) (40704,41822) (37952,42306) (39800,49357) (0,60962) (37848,62524)
set 7005586 h=5 f=5 : (1398,15610) (0,52820) (7614,62980) (11118,47300) (8826,38720) (12960,30290) (18816,22260) (17597,19672) (62394,28100) (25626,0)
set 7005587 h=5 f=5 : (1398,15610) (0,52820) (7614,62980) (11118,47300) (8826,38720) (12960,30290) (18816,22260) (17558,19224) (62394,28100) (25626,0)
set 7005590 h=5 f=5 : (76,9655) (184,11879) (2041,12938) (1771,11848) (1408,11352) (1485,10798) (1871,11024) (1535,10525) (4096,11881) (1709,8948)
set 7005591 h=5 f=5 : (1398,15610) (0,52820) (7614,62980) (11118,47300) (8826,38720) (12960,30290) (18816,22260) (18184,20097) (62394,28100) (25626,0)
set 7005661 h=5 f=5 : (48926,9080) (36290,0) (4681,9221) (25838,13775) (27794,13516) (28272,14255) (27092,14673) (33194,17409) (0,42363) (59384,26062)
set 7005662 h=5 f=5 : (5282,0) (0,32180) (18746,59664) (19216,29632) (16674,21776) (18568,17616) (20612,18112) (21028,11180) (53920,25056) (21510,4605)
set 7005665 h=5 f=5 : (0,7072) (755,10663) (6369,16155) (6367,11218) (5363,10560) (6359,10039) (8209,10465) (8483,9795) (15897,12171) (9274,7423)
set 7005666 h=5 f=5 : (42196,6525) (5075,1610) (0,31553) (26684,20575) (34903,13224) (40710,13031) (41339,15224) (44239,14157) (53923,50177) (55724,9952)
set 7005669 h=5 f=5 : (0,33756) (28242,64872) (61002,47208) (43209,35844) (40104,35058) (34479,31332) (41913,27684) (37260,16140) (62280,2688) (30204,0)
set 7005670 h=5 f=5 : (26268,0) (0,2880) (5598,28452) (16500,19332) (19206,16068) (22800,13752) (28122,21324) (35802,18936) (58512,63720) (49672,16108)
set 7005673 h=5 f=5 : (5282,0) (0,32180) (18746,59664) (19216,29632) (16674,21776) (18568,17616) (20612,18112) (21028,11180) (53920,25056) (22329,2234)
set 7005674 h=5 f=5 : (0,11031) (1177,45897) (31990,55624) (27005,25553) (23013,23258) (25878,18904) (27570,18424) (26818,10772) (50131,8457) (28617,0)
set 7005675 h=5 f=5 : (14999,34078) (737,61348) (30181,38492) (30270,34245) (27851,32570) (30351,28587) (33327,25421) (33995,22687) (64799,4187) (37616,11516)
set 7005676 h=5 f=5 : (39304,64326) (51026,37694) (49994,8558) (40418,27614) (40118,32642) (38498,32126) (29678,27818) (26558,30026) (14510,1598) (16454,28118)
set 7005679 h=5 f=5 : (18875,4275) (1594,32722) (19976,56226) (24864,43031) (23629,34607) (28868,31721) (33054,35361) (37786,28081) (63942,60828) (41855,23661)
set 7005680 h=5 f=5 : (18056,12127) (15885,11703) (10215,13740) (13294,13414) (14427,13147) (14320,13297) (13329,14243) (13562,14314) (7246,17397) (14325,17283)
set 7005689 h=5 f=5 : (0,60416) (40235,60932) (57740,52516) (33115,46116) (26735,47996) (19460,43516) (19205,41060) (6040,36200) (14115,0) (1374,34627)
set 7005691 h=5 f=5 : (44840,64970) (50602,20867) (40970,9158) (39265,14705) (39727,21355) (35681,26885) (34127,24029) (30263,30595) (14933,565) (21667,47353)
set 7005693 h=5 f=5 : (47834,46194) (57318,43687) (39339,0) (34243,27315) (34876,28203) (34548,28094) (33236,27120) (19537,17862) (1852,4330) (202,23845)
set 7005695 h=5 f=5 : (50900,61880) (63270,54512) (45150,1384) (39620,34480) (40589,36849) (40410,37764) (34750,32436) (23110,27256) (130,0) (0,29232)
set 7005697 h=5 f=5 : (48598,2688) (0,0) (21912,54216) (34914,33936) (36048,31688) (41988,22236) (41298,26240) (44832,23120) (57018,55612) (57360,6732)
set 7006028 h=5 f=5 : (40166,17535) (9030,0) (0,41070) (15428,35784) (17444,45345) (27272,38010) (26516,41625) (34384,28845) (19978,62505) (64666,60975)
set 7006030 h=5 f=5 : (34208,59983) (63248,31996) (41728,1273) (37344,15884) (31250,17634) (31376,32699) (26256,25669) (30672,48849) (12960,0) (0,65360)
set 7006032 h=5 f=5 : (16433,15758) (17454,12663) (15377,10121) (14790,13291) (13888,13685) (14546,14278) (14115,14289) (14460,15218) (10754,14216) (12317,17221)
set 7006082 h=5 f=5 : (34038,64872) (62280,33756) (32076,0) (29568,18276) (25020,16140) (27801,31332) (20367,27684) (19071,35844) (0,2688) (1278,47208)
set 7006083 h=5 f=5 : (65334,25890) (51548,5222) (15260,16742) (29660,24086) (22052,30962) (44456,28526) (31820,37490) (43016,33902) (512,49190) (35804,60314)
set 7006086 h=5 f=5 : (2652,18050) (21632,54312) (50288,62888) (36688,41048) (42560,35496) (28912,29224) (36080,26488) (30752,18488) (64016,18872) (33440,2648)
set 7006087 h=5 f=5 : (7771,42159) (21134,46756) (41568,42772) (32072,37684) (37854,31990) (27636,35364) (33076,32026) (29108,31830) (54970,18780) (34422,21484)
set 7006124 h=5 f=5 : (0,17955) (10136,64600) (43162,61275) (28574,42088) (32326,37278) (17990,28633) (25060,28044) (21224,13547) (62524,1653) (17192,0)
set 7006125 h=5 f=5 : (58013,40389) (60973,43057) (63565,42527) (62137,40803) (62474,40139) (61177,40210) (62109,39463) (61336,37742) (65499,34396) (60724,36026)
set 7006130 h=5 f=5 : (2704,53995) (1819,61740) (6069,57462) (5844,55876) (7000,54148) (5566,54087) (7733,50032) (8078,48951) (52868,524) (21192,8324)
set 7006131 h=5 f=5 : (64740,0) (18122,12691) (0,20328) (19780,20240) (20932,23746) (27640,20180) (31144,23760) (41156,24868) (18580,59886) (53920,29310)
set 7006132 h=5 f=5 : (0,17955) (10136,64600) (43162,61275) (28788,41957) (32326,37278) (17990,28633) (25060,28044) (21224,13547) (62524,1653) (17192,0)
set 7006301 h=5 f=5 : (9057,29996) (9762,28256) (9006,24622) (8532,26638) (8051,26060) (8448,27634) (7546,26653) (7766,27319) (5413,22450) (5654,29245)
set 7006306 h=5 f=5 : (40852,0) (0,17733) (13160,62675) (22473,43567) (22904,43562) (33656,19320) (28224,40549) (35098,19044) (21924,64193) (61670,10879)
set 7006307 h=5 f=5 : (38052,63378) (62454,54414) (45752,8532) (34976,26680) (33054,25290) (32396,35550) (18816,17370) (25844,35604) (10024,0) (0,22806)
set 7006316 h=5 f=5 : (5123,11796) (3872,28583) (38103,64804) (30479,37656) (34450,37593) (27476,30707) (40797,37615) (33394,30784) (61664,48890) (44900,732)
set 7006319 h=5 f=5 : (40852,0) (0,17733) (13160,62675) (22257,44006) (22904,43562) (33656,19320) (28224,40549) (35098,19044) (21924,64193) (61670,10879)
set 7006320 h=5 f=5 : (38052,63378) (62454,54414) (45752,8532) (34484,25929) (33054,25290) (32396,35550) (18816,17370) (25844,35604) (10024,0) (0,22806)
set 7006324 h=5 f=5 : (40852,0) (0,17733) (13160,62675) (21541,45555) (22904,43562) (33656,19320) (28224,40549) (35098,19044) (21924,64193) (61670,10879)
set 7006325 h=5 f=5 : (38052,63378) (62454,54414) (45752,8532) (33979,25044) (33054,25290) (32396,35550) (18816,17370) (25844,35604) (10024,0) (0,22806)
set 7006328 h=5 f=5 : (40852,0) (0,17733) (13160,62675) (19706,49235) (22904,43562) (33656,19320) (28224,40549) (35098,19044) (21924,64193) (61670,10879)
set 7006329 h=5 f=5 : (59650,32076) (62040,0) (56850,660) (51340,11592) (47320,18864) (45300,25200) (39047,33770) (37580,38292) (0,62352) (28990,51900)
set 7006370 h=5 f=5 : (50919,54312) (64984,44714) (44913,17124) (38523,26536) (35739,25208) (40221,34808) (32040,29296) (29331,30508) (0,0) (19284,38884)
set 7006377 h=5 f=5 : (60423,0) (19206,8752) (0,35312) (34309,23508) (37114,26220) (44341,18996) (48741,22920) (61017,21996) (62744,56604) (62656,22047)
set 7006378 h=5 f=5 : (60423,0) (19206,8752) (0,35312) (34309,23508) (37114,26220) (44341,18996) (48741,22920) (61017,21996) (62744,56604) (61550,22152)
set 7006380 h=5 f=5 : (36429,5737) (43410,6544) (44242,3469) (42341,3536) (41666,3329) (40118,4037) (39888,3251) (38619,3090) (41121,0) (36983,2969)
set 7006396 h=5 f=5 : (30816,0) (0,25377) (31012,52378) (34019,39516) (36913,33918) (36133,29385) (37890,30835) (39699,29037) (63101,53604) (48238,7487)
set 7007945 h=5 f=5 : (0,17955) (10136,64600) (43162,61275) (27829,43095) (32326,37278) (17990,28633) (25060,28044) (21224,13547) (62524,1653) (17192,0)
set 7007946 h=5 f=5 : (57293,1864) (14522,6874) (2328,36321) (23869,23011) (35348,37872) (41300,30663) (39222,35221) (48244,35067) (42277,63194) (63207,42129)
set 7007953 h=5 f=5 : (0,64442) (39360,58716) (63728,16268) (37120,36190) (35712,22988) (25424,34650) (26280,32640) (21808,30394) (37216,0) (2224,26978)
set 7008203 h=5 f=5 : (5780,56950) (39280,63450) (63420,41650) (37980,48075) (35960,32500) (27662,35722) (29100,25725) (22680,30925) (38800,0) (0,11525)
set 7008204 h=5 f=5 : (5780,56950) (39280,63450) (63420,41650) (37980,48075) (35960,32500) (28834,33649) (29100,25725) (22680,30925) (38800,0) (0,11525)
set 7008214 h=5 f=5 : (5780,56950) (39280,63450) (63420,41650) (37980,48075) (35960,32500) (27292,36976) (29100,25725) (22680,30925) (38800,0) (0,11525)
set 7008223 h=5 f=5 : (5780,56950) (39280,63450) (63420,41650) (37980,48075) (35960,32500) (26267,37253) (29100,25725) (22680,30925) (38800,0) (0,11525)
set 7008239 h=5 f=5 : (19698,0) (0,5427) (33390,58248) (25683,14244) (40509,18753) (34041,12824) (50337,21975) (36918,12294) (62013,28575) (64974,5982)
set 7008240 h=5 f=5 : (19698,0) (0,5427) (33390,58248) (25683,14244) (40509,18753) (35439,13848) (50337,21975) (36918,12294) (62013,28575) (64974,5982)
set 7008244 h=5 f=5 : (19698,0) (0,5427) (33390,58248) (25683,14244) (40509,18753) (33820,12692) (50337,21975) (36918,12294) (62013,28575) (64974,5982)
set 7008248 h=5 f=5 : (19698,0) (0,5427) (33390,58248) (25683,14244) (40509,18753) (33640,12552) (50337,21975) (36918,12294) (62013,28575) (64974,5982)
set 7008369 h=5 f=5 : (9030,0) (0,41070) (19978,62505) (17444,45345) (26516,41625) (24413,36332) (27272,38010) (34384,28845) (64666,60975) (40166,17535)
set 7008379 h=5 f=5 : (52388,64600) (62524,17955) (45332,0) (45518,13918) (41300,13547) (44534,28633) (37464,28044) (30198,37278) (0,1653) (19362,61275)
set 7008397 h=5 f=5 : (56160,10164) (25675,0) (0,30816) (23569,22200) (31577,27948) (35292,26618) (35321,27444) (38285,34548) (18122,62604) (61451,37476)
set 7008696 h=5 f=5 : (9030,0) (0,41070) (19978,62505) (17444,45345) (26516,41625) (27272,38010) (29821,40094) (34384,28845) (64666,60975) (40166,17535)
set 7008710 h=5 f=5 : (61696,9552) (29408,0) (0,26768) (25216,19920) (22925,32546) (26688,31424) (21472,44976) (25872,47408) (13952,65232) (40432,62048)
set 7008721 h=5 f=5 : (61670,17733) (20818,0) (0,10879) (25508,15552) (26572,19044) (28014,19320) (33446,40549) (38766,43562) (39746,64193) (48510,62675)
set 7008738 h=5 f=5 : (25146,59504) (54087,43424) (64944,0) (44616,27472) (40095,23648) (36741,27734) (36960,20128) (28512,29744) (31218,4616) (0,45792)
set 7008746 h=5 f=5 : (61696,9552) (29408,0) (0,26768) (25216,19920) (23456,32381) (26688,31424) (21472,44976) (25872,47408) (13952,65232) (40432,62048)
set 7008752 h=5 f=5 : (61670,17733) (20818,0) (0,10879) (25490,15762) (26572,19044) (28014,19320) (33446,40549) (38766,43562) (39746,64193) (48510,62675)
set 7008761 h=5 f=5 : (14136,13466) (13341,16376) (15620,20000) (15053,17361) (15498,16955) (15474,16400) (16132,17099) (16272,16262) (18838,19574) (16866,13029)
set 7008767 h=5 f=5 : (61670,17733) (20818,0) (0,10879) (26265,18431) (26572,19044) (28014,19320) (33446,40549) (38766,43562) (39746,64193) (48510,62675)
set 7008778 h=5 f=5 : (61670,17733) (20818,0) (0,10879) (26328,18649) (26572,19044) (28014,19320) (33446,40549) (38766,43562) (39746,64193) (48510,62675)
set 7008780 h=5 f=5 : (63734,33012) (56782,0) (3333,30984) (29106,32196) (33814,33504) (41756,33408) (28135,42414) (39644,44928) (0,65508) (50325,58272)
set 7008786 h=5 f=5 : (22896,64324) (50196,36099) (20950,0) (21338,17388) (21522,40488) (21676,49350) (18840,41993) (18378,51786) (0,3549) (16494,64673)
set 7025043 h=5 f=5 : (63579,40126) (48354,0) (23898,13964) (28488,26334) (34608,29142) (37347,30284) (35499,35374) (31770,35174) (0,63354) (37863,51632)
set 7025054 h=5 f=5 : (13784,16657) (5341,59479) (47203,60770) (36029,38770) (26427,28660) (23419,24398) (24437,22389) (28433,24436) (60195,24128) (18773,4765)
set 7025152 h=5 f=5 : (0,7308) (13086,58058) (48177,60851) (37719,39879) (26028,29085) (24120,22568) (24327,21217) (28917,22561) (63738,21511) (17973,0)
set 7025427 h=5 f=5 : (666,29241) (9870,60709) (58590,32692) (39186,26070) (26124,25652) (21070,20647) (6832,26642) (30100,16819) (61684,748) (0,0)
set 7025428 h=5 f=5 : (5821,60697) (16220,62835) (58632,28565) (36972,30310) (29388,36270) (29020,33955) (12588,52685) (32940,28215) (56360,0) (0,18295)
set 7025429 h=5 f=5 : (33495,0) (0,15666) (4635,51618) (16575,38724) (21480,29988) (25015,29264) (28815,16317) (32985,34125) (33705,63630) (62640,16506)
set 7025439 h=5 f=5 : (46806,6015) (2436,0) (0,31158) (31524,19581) (41574,12870) (48360,12540) (47646,9212) (49476,15426) (63288,50331) (61386,11688)
set 7025440 h=5 f=5 : (57031,19277) (20814,2147) (4012,18068) (19599,23648) (25038,23388) (27672,25508) (40568,26718) (29518,32918) (359,63088) (65177,53758)
set 7025441 h=5 f=5 : (0,45315) (12600,62055) (39312,64290) (31294,50744) (27639,49815) (27981,46095) (21168,45825) (34965,41400) (63675,32790) (27387,0)
set 7025451 h=5 f=5 : (6235,20174) (0,36114) (35530,57680) (27623,21789) (26658,21606) (26899,20938) (25919,19236) (34209,17472) (56365,6898) (34157,0)
set 7025452 h=5 f=5 : (8190,18824) (0,39455) (39798,61269) (27090,22932) (26244,20982) (26279,20907) (24642,16770) (36198,13910) (65196,4134) (35550,0)
set 7025453 h=5 f=5 : (5230,22597) (5353,26443) (8990,27498) (9124,25155) (8168,24509) (8329,24063) (7825,23352) (9291,23544) (12059,24163) (9541,20627)
set 7025508 h=5 f=5 : (58342,16687) (33825,2162) (7194,11960) (28103,19036) (34291,19213) (37835,19205) (38651,22453) (34587,24525) (12567,63373) (54831,33953)
set 7025509 h=5 f=5 : (46806,6015) (2436,0) (0,31158) (31524,19581) (41574,12870) (42802,12013) (48360,12540) (49476,15426) (63288,50331) (61386,11688)
set 7025510 h=5 f=5 : (1398,15610) (0,52820) (7614,62980) (11118,47300) (8826,38720) (8722,38359) (12960,30290) (18816,22260) (62394,28100) (25626,0)
set 7025517 h=5 f=5 : (63579,40126) (48354,0) (21638,15153) (28488,26334) (34608,29142) (37347,30284) (35499,35374) (31770,35174) (0,63354) (37863,51632)
set 7025528 h=5 f=5 : (10008,31896) (10877,34435) (41690,40339) (20442,31452) (17617,31511) (16008,31323) (16847,30792) (19919,30286) (56047,20446) (8428,24690)
set 7025529 h=5 f=5 : (50560,53868) (61470,6612) (27545,0) (32040,35100) (39760,44184) (40545,45384) (35175,56040) (32784,56494) (0,65040) (33065,63456)
set 7025530 h=5 f=5 : (1398,15610) (0,52820) (7614,62980) (11118,47300) (8826,38720) (8805,38065) (12960,30290) (18816,22260) (62394,28100) (25626,0)
set 7025537 h=5 f=5 : (33248,0) (4596,23271) (25416,52861) (34188,43164) (35731,39568) (36657,38314) (38088,38702) (38429,40907) (55218,64735) (54309,32667)
set 7025689 h=5 f=5 : (47274,4390) (24964,2666) (6278,50488) (28756,29171) (35875,19792) (40962,16335) (41447,16534) (38372,23509) (25737,62869) (59257,6069)
set 7025690 h=5 f=5 : (46806,6015) (2436,0) (0,31158) (31524,19581) (41574,12870) (44462,12451) (48360,12540) (49476,15426) (63288,50331) (61386,11688)
set 7025691 h=5 f=5 : (1398,15610) (0,52820) (7614,62980) (11118,47300) (8826,38720) (9353,36846) (12960,30290) (18816,22260) (62394,28100) (25626,0)
set 7025713 h=5 f=5 : (23936,57321) (60280,60768) (64845,34308) (47113,37062) (39446,43713) (29971,41864) (29128,41517) (30701,36684) (32373,0) (0,35487)
set 7026282 h=5 f=5 : (38961,61662) (51050,38255) (49745,13810) (42955,27870) (41715,37950) (34800,38000) (35295,44005) (32955,37680) (22665,1745) (14485,63790)
set 7026285 h=5 f=5 : (24368,58716) (63728,64442) (61504,26978) (41920,30394) (38304,34650) (28016,22988) (26608,36190) (26564,21030) (26512,0) (0,16268)
set 7026331 h=5 f=5 : (49375,1123) (35147,482) (2651,51534) (47922,21307) (49208,19515) (49927,19924) (50399,20179) (50505,21251) (63648,48891) (62133,13947)
set 7026334 h=5 f=5 : (60976,41822) (44736,8504) (10243,0) (32071,25435) (36281,28339) (37323,31469) (36582,33832) (34527,33559) (0,60264) (49261,55524)
set 7026337 h=5 f=5 : (16482,6015) (1902,11688) (0,50331) (13812,15426) (13971,14884) (14928,12540) (21714,12870) (31764,19581) (63288,31158) (60852,0)
set 7026517 h=5 f=5 : (24140,63450) (57640,56950) (63420,11525) (40740,30925) (34320,25725) (27460,32500) (25440,48075) (24971,30305) (24620,0) (0,41650)
set 7026520 h=5 f=5 : (64974,5427) (45276,0) (0,5982) (28056,12294) (14637,21975) (24465,18753) (39291,14244) (19355,22220) (2961,28575) (31584,58248)
set 7026715 h=5 f=5 : (24955,31930) (24542,38263) (28047,45033) (27651,39102) (28873,39297) (27460,36552) (29210,35434) (29946,36037) (37716,41853) (31023,31086)
set 7026716 h=5 f=5 : (63249,41393) (55997,23160) (22760,4332) (38978,26589) (32462,27912) (44945,33474) (40247,38244) (34919,37983) (368,33870) (43271,61203)
set 7026738 h=5 f=5 : (63161,57247) (64326,45854) (64402,5726) (58258,32686) (56022,28934) (57710,35950) (55430,33706) (49882,16990) (46322,6474) (1134,53386)
set 7026739 h=5 f=5 : (58181,30679) (38634,17380) (5227,0) (26554,18732) (26170,21103) (31309,22747) (29673,24194) (24274,23805) (0,21006) (53574,61610)
set 7027719 h=5 f=5 : (62280,33756) (32076,0) (0,2688) (25020,16140) (20367,27684) (27961,29458) (27801,31332) (19071,35844) (1278,47208) (34038,64872)
set 7027720 h=5 f=5 : (0,64442) (39360,58716) (63728,16268) (37120,36190) (35712,22988) (25424,34650) (21808,30394) (24379,23592) (37216,0) (2224,26978)
set 7027757 h=5 f=5 : (12370,61880) (63270,29232) (63140,0) (40160,27256) (28520,32436) (25898,36996) (22860,37764) (23650,34480) (18120,1384) (0,54512)
set 7027758 h=5 f=5 : (64834,29652) (44863,14904) (3689,0) (31619,16506) (29169,19368) (35131,21436) (33691,22800) (26012,23010) (0,18948) (61425,59562)
set 7028069 h=5 f=5 : (16482,6015) (1902,11688) (0,50331) (13409,15311) (13812,15426) (14928,12540) (21714,12870) (31764,19581) (63288,31158) (60852,0)
set 7028095 h=5 f=5 : (16482,6015) (1902,11688) (0,50331) (13618,15394) (13812,15426) (14928,12540) (21714,12870) (31764,19581) (63288,31158) (60852,0)
set 7028106 h=5 f=5 : (16676,17898) (1017,24525) (5742,52455) (14462,28696) (15042,28507) (16158,25621) (22944,25951) (32994,32662) (64518,44239) (62082,13081)
set 7028115 h=5 f=5 : (14686,12530) (575,16962) (835,59301) (15464,21676) (15484,21660) (16600,18774) (23386,19104) (33436,25815) (64960,37392) (62524,6234)
set 7028117 h=5 f=5 : (26477,64617) (58850,49470) (52360,7080) (39960,33275) (37570,38045) (34565,44370) (26830,42750) (26725,33080) (6685,4650) (9335,50490)
set 7028123 h=5 f=5 : (63579,40126) (48354,0) (14782,20706) (28488,26334) (34608,29142) (37347,30284) (35499,35374) (31770,35174) (0,63354) (37863,51632)
set 7060637 h=5 f=5 : (0,11525) (5780,56950) (39280,63450) (37980,48075) (30923,39829) (22680,30925) (35960,32500) (29100,25725) (63420,41650) (38800,0)
set 7060642 h=5 f=5 : (64974,5982) (19698,0) (0,5427) (25683,14244) (30703,13550) (36918,12294) (40509,18753) (50337,21975) (33390,58248) (62013,28575)
set 7060647 h=5 f=5 : (0,11525) (5780,56950) (39280,63450) (37980,48075) (30229,39578) (22680,30925) (35960,32500) (29100,25725) (63420,41650) (38800,0)
set 7060652 h=5 f=5 : (64974,5982) (19698,0) (0,5427) (25683,14244) (32454,12997) (36918,12294) (40509,18753) (50337,21975) (33390,58248) (62013,28575)
set 7060696 h=5 f=5 : (50160,0) (7040,3223) (0,24211) (21417,33341) (28045,25776) (29920,23617) (32769,29854) (37708,33110) (29799,61523) (62568,52613)
set 7060712 h=5 f=5 : (50160,0) (7040,3223) (0,24211) (21417,33341) (28109,25617) (29920,23617) (32769,29854) (37708,33110) (29799,61523) (62568,52613)
set 7060794 h=5 f=5 : (8780,0) (0,35748) (30960,64152) (32110,43974) (27520,33768) (26370,19404) (32335,25284) (28470,20934) (60360,53550) (38990,7668)
set 7060802 h=5 f=5 : (63120,8134) (11296,0) (0,14322) (9408,26670) (15136,24710) (18491,28692) (17376,35483) (21264,40187) (6368,63658) (23344,47306)
set 7060843 h=5 f=5 : (13984,0) (0,45084) (43272,61421) (42408,57409) (36184,44676) (35008,40341) (38776,43316) (38724,41770) (61784,65212) (61416,29087)
set 7060984 h=5 f=5 : (29377,3819) (0,21392) (29732,64463) (33168,34125) (32084,21742) (30480,6587) (37864,21448) (35216,15722) (56720,47936) (42312,0)
set 7060985 h=5 f=5 : (54092,723) (27521,3527) (4853,38231) (22577,33017) (29189,27143) (40763,15887) (30419,36479) (36299,28883) (17609,62009) (60683,34427)
set 7060986 h=5 f=5 : (34617,0) (0,18480) (5874,37440) (19393,30400) (27577,20980) (30771,16393) (39710,21940) (40304,18830) (58278,63710) (62843,12000)
set 7060987 h=5 f=5 : (52870,42130) (63631,0) (20927,6920) (29274,21550) (32757,25189) (44897,35620) (30005,28190) (38318,34830) (0,37280) (42143,59970)
set 7060988 h=5 f=5 : (57156,49170) (62484,19305) (28512,0) (35412,27165) (37635,31544) (46476,40605) (30960,37695) (40260,45015) (0,35955) (28416,64815)
set 7060989 h=5 f=5 : (37972,63891) (59972,46278) (64174,24516) (50193,32310) (46106,37172) (42735,46125) (38357,33426) (35167,41904) (29040,0) (0,46242)
set 7060995 h=5 f=5 : (5220,34152) (43500,60616) (59730,40600) (40160,32008) (30030,32560) (14800,28920) (21966,23582) (20710,24304) (39830,0) (0,13600)
set 7060996 h=5 f=5 : (40432,62048) (61696,9552) (29408,0) (25216,19920) (26688,31424) (25872,47408) (19692,41867) (21472,44976) (0,26768) (13952,65232)
set 7060997 h=5 f=5 : (34617,0) (0,18480) (5874,37440) (19393,30400) (27577,20980) (32558,16673) (39710,21940) (40304,18830) (58278,63710) (62843,12000)
set 7060998 h=5 f=5 : (52870,42130) (63631,0) (20927,6920) (29274,21550) (32000,23972) (44897,35620) (30005,28190) (38318,34830) (0,37280) (42143,59970)
set 7060999 h=5 f=5 : (57156,49170) (62484,19305) (28512,0) (35412,27165) (37116,28941) (46476,40605) (30960,37695) (40260,45015) (0,35955) (28416,64815)
set 7061000 h=5 f=5 : (37972,63891) (59972,46278) (64174,24516) (50193,32310) (48582,35553) (42735,46125) (38357,33426) (35167,41904) (29040,0) (0,46242)
set 7061052 h=5 f=5 : (0,0) (8658,44160) (26487,57135) (28248,53400) (26143,48578) (24429,44925) (29430,48195) (35589,47400) (47808,63590) (52737,45330)
set 7061077 h=5 f=5 : (0,0) (8658,44160) (26487,57135) (28248,53400) (25857,48596) (24429,44925) (29430,48195) (35589,47400) (47808,63590) (52737,45330)
set 7061161 h=5 f=5 : (4147,2418) (171,1932) (6,7431) (1116,6611) (2505,4744) (3589,4447) (3267,5649) (3542,4676) (2361,13579) (8775,3011)
set 7061162 h=5 f=5 : (34617,0) (0,18480) (5874,37440) (19393,30400) (27577,20980) (38465,18357) (39710,21940) (40304,18830) (58278,63710) (62843,12000)
set 7061163 h=5 f=5 : (34617,0) (0,18480) (5874,37440) (19393,30400) (27577,20980) (37348,18573) (39710,21940) (40304,18830) (58278,63710) (62843,12000)
set 7061164 h=5 f=5 : (10596,12040) (0,54280) (34284,64400) (35100,50080) (29280,39700) (27108,23860) (38244,31745) (36048,30160) (64272,47420) (43368,0)
set 7061165 h=5 f=5 : (34617,0) (0,18480) (5874,37440) (19393,30400) (27577,20980) (37732,16376) (39710,21940) (40304,18830) (58278,63710) (62843,12000)
set 7061166 h=5 f=5 : (34617,0) (0,18480) (5874,37440) (19393,30400) (27577,20980) (34885,17906) (39710,21940) (40304,18830) (58278,63710) (62843,12000)
set 7061167 h=5 f=5 : (38406,48031) (52838,16139) (18016,8850) (26157,34971) (27004,36009) (28146,39609) (26206,38034) (27588,39258) (12697,40917) (26714,51912)
set 7061168 h=5 f=5 : (24368,58716) (63728,64442) (61504,26978) (41920,30394) (38304,34650) (27712,37168) (28016,22988) (26608,36190) (26512,0) (0,16268)
set 7061169 h=5 f=5 : (8780,0) (0,35748) (30960,64152) (32110,43974) (27520,33768) (26370,19404) (35503,28493) (28470,20934) (60360,53550) (38990,7668)
set 7061199 h=5 f=5 : (0,7308) (13086,58058) (48177,60851) (37719,39879) (26028,29085) (24327,21217) (28917,22561) (28727,21689) (63738,21511) (17973,0)
set 7061200 h=5 f=5 : (60080,57226) (54570,18577) (34330,0) (37680,29393) (43200,37271) (40659,42997) (39820,42939) (35400,51233) (0,42952) (35430,61282)
set 7061201 h=5 f=5 : (60080,57226) (54570,18577) (34330,0) (37680,29393) (43200,37271) (41303,42107) (39820,42939) (35400,51233) (0,42952) (35430,61282)
set 7061202 h=5 f=5 : (4797,17015) (9664,61604) (36063,46472) (34393,43151) (23787,33735) (21737,26293) (25900,26593) (26019,26226) (60738,25443) (14973,3932)
set 7061203 h=5 f=5 : (1398,15610) (0,52820) (7614,62980) (11118,47300) (8826,38720) (12960,30290) (13667,30696) (18816,22260) (62394,28100) (25626,0)
set 7061204 h=5 f=5 : (1398,15610) (0,52820) (7614,62980) (11118,47300) (8826,38720) (12960,30290) (15039,28444) (18816,22260) (62394,28100) (25626,0)
set 7061205 h=5 f=5 : (6479,28703) (237,28423) (1,35071) (2980,33817) (4198,32064) (5622,31387) (5149,32887) (5737,33367) (6241,40250) (8166,32785)
set 7061208 h=5 f=5 : (59796,51514) (63507,7347) (32853,5952) (38352,19029) (45300,29586) (51888,42186) (44868,34095) (41466,40773) (2028,35841) (46092,59583)
set 7061211 h=5 f=5 : (27088,5668) (2248,60614) (28974,65066) (31648,49904) (30948,42190) (32768,21680) (35148,28246) (38536,24886) (63288,38466) (45004,470)
set 7061229 h=5 f=5 : (6952,0) (0,33012) (13409,58272) (24090,44928) (21978,33408) (28784,32128) (29920,33504) (34628,32196) (63734,65508) (60401,30984)
set 7061230 h=5 f=5 : (6952,0) (0,33012) (13409,58272) (24090,44928) (21978,33408) (25581,32279) (29920,33504) (34628,32196) (63734,65508) (60401,30984)
set 7061299 h=5 f=5 : (37972,63891) (59972,46278) (64174,24516) (50193,32310) (47480,30227) (42735,46125) (38357,33426) (35167,41904) (29040,0) (0,46242)
set 7061301 h=5 f=5 : (4771,21966) (4292,48674) (15613,55867) (25529,37980) (31992,34706) (26876,32000) (30804,32252) (30012,29834) (61244,35198) (51404,9668)
set 7061322 h=5 f=5 : (12418,47178) (46732,61650) (64694,19602) (37488,24997) (36274,20385) (24710,33012) (29344,27387) (26768,22932) (31402,0) (0,18810)
set 7061764 h=5 f=5 : (46806,6015) (2436,0) (0,31158) (31524,19581) (41574,12870) (48360,12540) (49476,15426) (49717,14983) (63288,50331) (61386,11688)
set 7061769 h=5 f=5 : (51005,39861) (58020,27548) (37437,14357) (36858,29489) (41004,32612) (36972,37091) (30366,35825) (33000,36368) (7515,31955) (24603,51179)
set 7061770 h=5 f=5 : (60360,387) (1128,0) (0,30168) (11664,30546) (22956,24174) (41556,29133) (39343,32878) (40068,31932) (22392,64440) (62772,34659)
set 7061771 h=5 f=5 : (1398,15610) (0,52820) (7614,62980) (11118,47300) (8826,38720) (12960,30290) (18816,22260) (19095,20074) (62394,28100) (25626,0)
set 7061814 h=5 f=5 : (60957,7188) (8045,9395) (2885,39764) (32648,27597) (42698,20886) (49484,20556) (50600,23442) (50969,23325) (64412,58347) (62510,19704)
set 7061822 h=5 f=5 : (22519,51190) (54629,54318) (59109,30270) (43225,33068) (36200,38865) (26910,36709) (28123,32562) (27773,32576) (29593,296) (0,31675)
set 7061823 h=5 f=5 : (616,45208) (37562,28304) (49964,16977) (29690,24809) (22525,28616) (17417,29777) (18014,28722) (15095,29733) (17371,19303) (9385,31618)
set 7061824 h=5 f=5 : (54476,3854) (25321,23392) (11059,41139) (29832,45543) (32233,44205) (33290,45778) (33874,49027) (34432,49378) (33000,61681) (40708,54862)
set 7061827 h=5 f=5 : (9976,58093) (32156,65052) (48799,64350) (35650,52906) (35416,52856) (33186,50849) (34610,49399) (33763,48361) (55559,484) (26641,27013)
set 7061838 h=5 f=5 : (0,37280) (42143,59970) (52870,42130) (44897,35620) (38318,34830) (30005,28190) (33893,25640) (29274,21550) (63631,0) (20927,6920)
set 7061839 h=5 f=5 : (23936,57321) (60280,60768) (64845,34308) (47113,37062) (39446,43713) (29128,41517) (30701,36684) (29909,36120) (32373,0) (0,35487)
set 7061840 h=5 f=5 : (23936,57321) (60280,60768) (64845,34308) (47113,37062) (39446,43713) (29128,41517) (30701,36684) (28559,35728) (32373,0) (0,35487)
set 7061841 h=5 f=5 : (1398,15610) (0,52820) (7614,62980) (11118,47300) (8826,38720) (12960,30290) (17108,25106) (18816,22260) (62394,28100) (25626,0)
set 7061842 h=5 f=5 : (21372,62628) (55935,59831) (65190,36692) (47458,39446) (39791,46097) (29473,43901) (31046,39068) (30092,38292) (32718,2384) (345,37871)
set 7061843 h=5 f=5 : (21798,62338) (57244,60859) (65190,36692) (47458,39446) (39791,46097) (29473,43901) (31046,39068) (29453,37771) (32718,2384) (345,37871)
set 7061844 h=5 f=5 : (1398,15610) (0,52820) (7614,62980) (11118,47300) (8826,38720) (12960,30290) (17678,24116) (18816,22260) (62394,28100) (25626,0)
set 7061845 h=5 f=5 : (31730,40124) (63740,46074) (52735,21628) (40720,24622) (38060,29082) (30750,31524) (29360,23570) (25910,21648) (15060,0) (0,20200)
set 7061848 h=5 f=5 : (0,42525) (8820,63621) (43442,58923) (24927,45225) (21084,44703) (13678,37071) (21959,33246) (22771,30582) (65401,0) (17685,5815)
set 7061851 h=5 f=5 : (60630,492) (0,0) (4067,35711) (24426,29460) (28422,28131) (43614,23502) (41214,27189) (43632,28662) (46584,56292) (61710,25863)
set 7061867 h=5 f=5 : (12040,54606) (65484,60019) (63116,20913) (38741,31383) (35571,33946) (27691,37583) (25845,30173) (17772,28313) (16654,7113) (2185,22733)
set 7062063 h=5 f=5 : (0,11525) (5780,56950) (39280,63450) (33894,49333) (37980,48075) (22680,30925) (35960,32500) (29100,25725) (63420,41650) (38800,0)
set 7062065 h=5 f=5 : (64974,5982) (19698,0) (0,5427) (22342,10117) (25683,14244) (36918,12294) (40509,18753) (50337,21975) (33390,58248) (62013,28575)
set 7062096 h=5 f=5 : (0,24516) (4202,46278) (26202,63891) (21439,46125) (29007,41904) (13981,32310) (24877,36530) (25817,33426) (64174,46242) (35134,0)
set 7062097 h=5 f=5 : (0,24516) (4202,46278) (26202,63891) (21439,46125) (29007,41904) (13981,32310) (25071,37739) (25817,33426) (64174,46242) (35134,0)
set 7062101 h=5 f=5 : (39547,41600) (34609,18624) (11386,0) (27318,25844) (24759,29112) (35194,38616) (31084,42248) (31526,43636) (0,52716) (36230,64007)
set 7062103 h=5 f=5 : (0,24516) (4202,46278) (26202,63891) (21439,46125) (29007,41904) (13981,32310) (24439,36388) (25817,33426) (64174,46242) (35134,0)
set 7062107 h=5 f=5 : (12418,47178) (46732,61650) (64694,19602) (37980,26815) (36274,20385) (24710,33012) (29344,27387) (26768,22932) (31402,0) (0,18810)
set 7062166 h=5 f=5 : (0,24516) (4202,46278) (26202,63891) (21439,46125) (29007,41904) (13981,32310) (29987,36270) (25817,33426) (64174,46242) (35134,0)
set 7062172 h=5 f=5 : (37972,63891) (59972,46278) (64174,24516) (51458,33939) (50193,32310) (42735,46125) (38357,33426) (35167,41904) (29040,0) (0,46242)
set 7062179 h=5 f=5 : (10062,26413) (12031,23180) (12247,19303) (10755,21801) (9716,21680) (9846,23496) (8677,21511) (8843,22525) (6828,17447) (3877,24429)
set 7062182 h=5 f=5 : (35037,63108) (63886,42336) (45339,4122) (36346,25308) (31467,30456) (32572,50598) (24803,32256) (27720,41666) (12801,0) (0,65196)
set 7062184 h=5 f=5 : (42704,6920) (0,0) (10761,42130) (18734,35620) (25313,34830) (34357,21550) (28988,38550) (33626,28190) (21488,59970) (63631,37280)
set 7062186 h=5 f=5 : (42704,6920) (0,0) (10761,42130) (18734,35620) (25313,34830) (34357,21550) (29856,35456) (33626,28190) (21488,59970) (63631,37280)
set 7062222 h=5 f=5 : (50919,54312) (61430,39343) (44913,17124) (38523,26536) (35739,25208) (40221,34808) (32040,29296) (29331,30508) (0,0) (19284,38884)
set 7062230 h=5 f=5 : (55765,0) (25339,8215) (7335,32040) (15620,30056) (14215,34336) (25450,25496) (19340,35672) (21250,38176) (0,62288) (39160,65200)
set 7062233 h=5 f=5 : (33624,3802) (18389,10949) (20129,46223) (24983,34553) (26549,38189) (30671,18551) (31499,28367) (32951,30281) (32321,61559) (47147,12725)
set 7062252 h=5 f=5 : (0,24510) (5721,45589) (28432,58682) (26714,44392) (28912,37303) (16503,31523) (28848,34158) (30189,33467) (62117,42535) (34198,0)
set 7063174 h=5 f=5 : (12418,47178) (46732,61650) (64694,19602) (38559,29306) (36274,20385) (24710,33012) (29344,27387) (26768,22932) (31402,0) (0,18810)
set 7063248 h=5 f=5 : (121,31879) (29604,58683) (56108,63853) (35788,51723) (41900,38493) (31732,31623) (37611,30418) (34452,30113) (62332,27673) (22164,1683)
set 7063267 h=5 f=5 : (2491,43157) (22310,49602) (62342,48936) (29537,45408) (34955,39378) (25325,40278) (36746,37587) (27512,38424) (59939,32142) (3194,15933)
set 7063277 h=5 f=5 : (46998,0) (0,14886) (7413,59112) (18753,42228) (29169,34686) (40633,15319) (39564,29052) (43176,16704) (33243,64278) (64071,14742)
set 7063509 h=5 f=5 : (62280,33756) (32076,0) (0,2688) (25020,16140) (20367,27684) (27801,31332) (19071,35844) (22706,38647) (1278,47208) (34038,64872)
set 7063534 h=5 f=5 : (49687,0) (34892,748) (0,38947) (30525,15266) (29271,32062) (35673,22525) (28419,37120) (29579,36805) (15642,63410) (61226,48671)
set 7063549 h=5 f=5 : (64834,29652) (44863,14904) (3689,0) (31619,16506) (29169,19368) (33691,22800) (24364,21318) (26012,23010) (0,18948) (61425,59562)
set 7063557 h=5 f=5 : (1624,25647) (10201,64968) (37512,58683) (31328,51723) (31954,42209) (25216,38493) (35384,31623) (32664,30113) (63912,32273) (44952,1683)
set 7063570 h=5 f=5 : (1872,22180) (9556,65472) (37264,58683) (31080,51723) (28387,42272) (24968,38493) (35136,31623) (32416,30113) (63664,32273) (44704,1683)
set 7063718 h=5 f=5 : (63896,0) (1932,36630) (0,64440) (20888,44112) (23128,43260) (33068,32910) (29932,43350) (45976,34290) (40320,52740) (64960,28080)
set 7063729 h=5 f=5 : (7614,62980) (62394,28100) (25626,0) (18816,22260) (16147,28533) (11118,47300) (12960,30290) (8826,38720) (1398,15610) (0,52820)
set 7063730 h=5 f=5 : (10024,0) (0,22806) (38052,63378) (25844,35604) (25564,32929) (18816,17370) (32396,35550) (33054,25290) (62454,54414) (45752,8532)
set 7063731 h=5 f=5 : (63896,0) (1932,36630) (0,64440) (21016,44204) (23128,43260) (33068,32910) (29932,43350) (45976,34290) (40320,52740) (64960,28080)
set 7075441 h=5 f=5 : (49586,61766) (60978,33559) (46376,1611) (43940,24963) (35134,23661) (42638,45109) (35400,35099) (29226,35267) (4558,3879) (14764,62847)
set 7075495 h=5 f=5 : (17419,9394) (19332,13224) (25181,14325) (21760,11798) (22564,11310) (19561,10188) (21066,9588) (22019,9127) (26882,8828) (19640,5197)
set 7075497 h=5 f=5 : (0,24516) (4202,46278) (26202,63891) (21439,46125) (29007,41904) (13981,32310) (25817,33426) (30175,34909) (64174,46242) (35134,0)
set 7075498 h=5 f=5 : (0,24516) (4202,46278) (26202,63891) (21439,46125) (29007,41904) (13981,32310) (25817,33426) (30134,34802) (64174,46242) (35134,0)
set 7075529 h=5 f=5 : (64834,29652) (44863,14904) (3689,0) (31619,16506) (29169,19368) (44409,23786) (33691,22800) (26012,23010) (0,18948) (61425,59562)
set 7075531 h=5 f=5 : (60246,52209) (61919,31832) (41348,3253) (42717,22718) (35804,22485) (44902,33945) (36849,28117) (30233,21807) (9657,3437) (3617,62282)
set 7075532 h=5 f=5 : (15435,5000) (15276,10489) (18706,16196) (17825,11667) (18675,11069) (17052,7823) (18543,9452) (19525,10550) (22724,14874) (20890,1968)
set 7158051 h=5 f=5 : (0,7308) (13086,58058) (48177,60851) (37719,39879) (26028,29085) (32605,32218) (24327,21217) (28917,22561) (63738,21511) (17973,0)
set 7158052 h=5 f=5 : (0,17955) (10136,64600) (43162,61275) (32326,37278) (17990,28633) (25060,28044) (18567,22454) (21224,13547) (62524,1653) (17192,0)
set 7158064 h=5 f=5 : (0,17733) (13160,62675) (21924,64193) (26644,48130) (22904,43562) (28224,40549) (33656,19320) (35098,19044) (61670,10879) (40852,0)
set 7158065 h=5 f=5 : (0,17955) (10136,64600) (43162,61275) (32326,37278) (17990,28633) (25060,28044) (18866,18411) (21224,13547) (62524,1653) (17192,0)
set 7158161 h=5 f=5 : (17464,3740) (0,0) (210,52812) (14562,32040) (16578,19656) (22260,39744) (18264,8973) (20352,20538) (28782,63450) (56454,26487)
set 7158162 h=5 f=5 : (8867,32329) (10805,36802) (15335,36322) (14485,35160) (13074,34204) (14034,34053) (11001,33037) (12572,32619) (20166,33161) (11122,28959)
set 7158167 h=5 f=5 : (6672,18270) (0,61628) (44496,64890) (33564,40992) (24351,31715) (32112,31262) (17724,21406) (25152,23506) (61716,29862) (26892,0)
set 7158168 h=5 f=5 : (32288,0) (0,9552) (21264,62048) (35824,47408) (35008,31424) (40224,44976) (36480,19920) (40070,33507) (47744,65232) (61696,26768)
set 7158308 h=5 f=5 : (6672,18270) (0,61628) (44496,64890) (33564,40992) (24121,32472) (32112,31262) (17724,21406) (25152,23506) (61716,29862) (26892,0)
set 7158309 h=5 f=5 : (40852,0) (0,17733) (13160,62675) (22904,43562) (33656,19320) (28224,40549) (35612,17034) (35098,19044) (21924,64193) (61670,10879)
set 7158314 h=5 f=5 : (62175,53616) (58725,11424) (32445,0) (33090,10576) (42885,26480) (28065,24032) (37886,33081) (37275,32832) (0,4288) (10440,64720)
set 7158344 h=5 f=5 : (52388,64600) (62524,17955) (45332,0) (41300,13547) (44534,28633) (37464,28044) (34006,41856) (30198,37278) (0,1653) (19362,61275)
set 7158345 h=5 f=5 : (1398,15610) (0,52820) (7614,62980) (11118,47300) (8826,38720) (13348,33958) (12960,30290) (18816,22260) (62394,28100) (25626,0)
set 7158365 h=5 f=5 : (52388,64600) (62524,17955) (45332,0) (41300,13547) (44534,28633) (37464,28044) (33776,41615) (30198,37278) (0,1653) (19362,61275)
set 7158366 h=5 f=5 : (1398,15610) (0,52820) (7614,62980) (11118,47300) (8826,38720) (12226,35441) (12960,30290) (18816,22260) (62394,28100) (25626,0)
set 7158532 h=5 f=5 : (16702,8532) (0,54414) (24402,63378) (29638,39307) (30058,35550) (36610,35604) (29400,25290) (43638,17370) (62454,22806) (52430,0)
set 7158534 h=5 f=5 : (48510,62675) (61670,17733) (20818,0) (27557,18129) (28014,19320) (26572,19044) (38766,43562) (33446,40549) (0,10879) (39746,64193)
set 7158536 h=5 f=5 : (33972,0) (0,19305) (5328,49170) (16008,40605) (20986,35530) (22224,45015) (27072,27165) (31524,37695) (34068,64815) (62484,35955)
set 7158539 h=5 f=5 : (48510,62675) (61670,17733) (20818,0) (26608,15723) (28014,19320) (26572,19044) (38766,43562) (33446,40549) (0,10879) (39746,64193)
set 7158542 h=5 f=5 : (56244,52812) (56454,0) (38270,4348) (38190,8973) (39876,19656) (36102,20538) (41892,32040) (34194,39744) (0,26487) (27672,63450)
set 7158545 h=5 f=5 : (16702,8532) (0,54414) (24402,63378) (31043,38582) (30058,35550) (36610,35604) (29400,25290) (43638,17370) (62454,22806) (52430,0)
set 7158547 h=5 f=5 : (48510,62675) (61670,17733) (20818,0) (27631,18480) (28014,19320) (26572,19044) (38766,43562) (33446,40549) (0,10879) (39746,64193)
set 7158549 h=5 f=5 : (33972,0) (0,19305) (5328,49170) (16008,40605) (19586,35331) (22224,45015) (27072,27165) (31524,37695) (34068,64815) (62484,35955)
set 7158552 h=5 f=5 : (48510,62675) (61670,17733) (20818,0) (26569,16191) (28014,19320) (26572,19044) (38766,43562) (33446,40549) (0,10879) (39746,64193)
set 7158555 h=5 f=5 : (14156,51854) (10771,54756) (12750,58071) (14446,56443) (14382,55148) (15218,55755) (15041,53906) (16074,54899) (18145,58165) (18215,53182)
set 7158774 h=5 f=5 : (46806,6015) (2436,0) (0,31158) (31524,19581) (41574,12870) (39768,18537) (48360,12540) (49476,15426) (63288,50331) (61386,11688)
set 7158775 h=5 f=5 : (1398,15610) (0,52820) (7614,62980) (11118,47300) (8826,38720) (13031,43811) (12960,30290) (18816,22260) (62394,28100) (25626,0)
set 7158777 h=5 f=5 : (0,24516) (4202,46278) (26202,63891) (21439,46125) (16416,40083) (29007,41904) (13981,32310) (25817,33426) (64174,46242) (35134,0)
set 7158779 h=5 f=5 : (1398,15610) (0,52820) (7614,62980) (11118,47300) (8826,38720) (15193,36068) (12960,30290) (18816,22260) (62394,28100) (25626,0)
set 7158781 h=5 f=5 : (0,24516) (4202,46278) (26202,63891) (21439,46125) (16861,40968) (29007,41904) (13981,32310) (25817,33426) (64174,46242) (35134,0)
set 7158838 h=5 f=5 : (1398,15610) (0,52820) (7614,62980) (11118,47300) (8826,38720) (14857,35150) (12960,30290) (18816,22260) (62394,28100) (25626,0)
set 7158840 h=5 f=5 : (1398,15610) (0,52820) (7614,62980) (11118,47300) (8826,38720) (15058,35144) (12960,30290) (18816,22260) (62394,28100) (25626,0)
set 7158842 h=5 f=5 : (60792,33628) (35484,0) (8376,6496) (19080,22764) (27096,25648) (20857,30351) (32244,31290) (23436,41230) (0,46004) (29448,61320)
set 7158844 h=5 f=5 : (0,63200) (64193,51825) (64538,36275) (47587,38100) (36271,41875) (28152,38300) (15617,42300) (3749,39175) (5612,0) (135,39281)
set 7158860 h=5 f=5 : (1398,15610) (0,52820) (7614,62980) (11118,47300) (8826,38720) (14637,35839) (12960,30290) (18816,22260) (62394,28100) (25626,0)
set 7158862 h=5 f=5 : (60792,33628) (35484,0) (8376,6496) (19080,22764) (27096,25648) (20976,30333) (32244,31290) (23436,41230) (0,46004) (29448,61320)
set 7158871 h=5 f=5 : (46806,6015) (2436,0) (0,31158) (31524,19581) (41574,12870) (44729,15458) (48360,12540) (49476,15426) (63288,50331) (61386,11688)
set 7158872 h=5 f=5 : (1398,15610) (0,52820) (7614,62980) (11118,47300) (8826,38720) (14258,35670) (12960,30290) (18816,22260) (62394,28100) (25626,0)
set 7159110 h=5 f=5 : (0,24516) (4202,46278) (26202,63891) (21439,46125) (23694,40287) (29007,41904) (13981,32310) (25817,33426) (64174,46242) (35134,0)
set 7159112 h=5 f=5 : (0,24516) (4202,46278) (26202,63891) (21439,46125) (24832,40528) (29007,41904) (13981,32310) (25817,33426) (64174,46242) (35134,0)
set 7159114 h=5 f=5 : (48510,62675) (61670,17733) (20818,0) (27957,18535) (28014,19320) (26572,19044) (38766,43562) (33446,40549) (0,10879) (39746,64193)
set 7159116 h=5 f=5 : (0,24516) (4202,46278) (26202,63891) (21439,46125) (24977,42173) (29007,41904) (13981,32310) (25817,33426) (64174,46242) (35134,0)
set 7159120 h=5 f=5 : (0,24516) (4202,46278) (26202,63891) (21439,46125) (23425,39632) (29007,41904) (13981,32310) (25817,33426) (64174,46242) (35134,0)
set 7159122 h=5 f=5 : (48510,62675) (61670,17733) (20818,0) (27239,16306) (28014,19320) (26572,19044) (38766,43562) (33446,40549) (0,10879) (39746,64193)
set 7159126 h=5 f=5 : (16702,8532) (0,54414) (24402,63378) (28096,40094) (30058,35550) (36610,35604) (29400,25290) (43638,17370) (62454,22806) (52430,0)
set 7159128 h=5 f=5 : (48510,62675) (61670,17733) (20818,0) (27317,16890) (28014,19320) (26572,19044) (38766,43562) (33446,40549) (0,10879) (39746,64193)
set 7159130 h=5 f=5 : (33972,0) (0,19305) (5328,49170) (16008,40605) (23485,36161) (22224,45015) (27072,27165) (31524,37695) (34068,64815) (62484,35955)
set 7159133 h=5 f=5 : (48510,62675) (61670,17733) (20818,0) (26124,13841) (28014,19320) (26572,19044) (38766,43562) (33446,40549) (0,10879) (39746,64193)
set 7159136 h=5 f=5 : (0,19602) (17962,61650) (52276,47178) (39984,33012) (35350,27387) (37926,22932) (28420,20385) (35153,19601) (64694,18810) (33292,0)
set 7159353 h=5 f=5 : (53004,62410) (65172,34570) (52848,0) (47569,36979) (48600,43810) (40056,38410) (40212,52810) (36960,51990) (0,43240) (30684,65060)
set 7159354 h=5 f=5 : (22540,0) (0,14360) (6895,53280) (14250,28268) (15715,23280) (28385,40180) (28455,26120) (31780,31640) (49945,64680) (64225,21640)
set 7159411 h=5 f=5 : (0,17733) (13160,62675) (21924,64193) (22663,48770) (22904,43562) (28224,40549) (33656,19320) (35098,19044) (61670,10879) (40852,0)
set 7159412 h=5 f=5 : (61670,17733) (20818,0) (0,10879) (26572,19044) (28014,19320) (33446,40549) (38766,43562) (41377,53141) (39746,64193) (48510,62675)
set 7159419 h=5 f=5 : (0,17733) (13160,62675) (21924,64193) (24282,47846) (22904,43562) (28224,40549) (33656,19320) (35098,19044) (61670,10879) (40852,0)
set 7159420 h=5 f=5 : (62454,54414) (45752,8532) (10024,0) (23781,15601) (33054,25290) (18816,17370) (32396,35550) (25844,35604) (0,22806) (38052,63378)
set 7159440 h=5 f=5 : (62296,30708) (43154,1358) (6056,16388) (34646,26150) (39542,27776) (35942,34802) (42890,39002) (37322,44348) (22196,62420) (59480,64178)
set 7159441 h=5 f=5 : (29999,24521) (29988,16447) (18466,17841) (23899,21022) (25988,22237) (24076,23075) (25682,24550) (24215,24839) (16722,26305) (28443,30000)
set 7159444 h=5 f=5 : (0,17733) (13160,62675) (21924,64193) (25694,48557) (22904,43562) (28224,40549) (33656,19320) (35098,19044) (61670,10879) (40852,0)
set 7159445 h=5 f=5 : (45540,0) (0,17976) (5094,44628) (21510,34140) (28584,24252) (29274,30546) (45792,20652) (48654,21636) (55170,64428) (62154,15120)
set 7159454 h=5 f=5 : (0,17733) (13160,62675) (21924,64193) (25931,48444) (22904,43562) (28224,40549) (33656,19320) (35098,19044) (61670,10879) (40852,0)
set 7159455 h=5 f=5 : (45540,0) (0,17976) (5094,44628) (21510,34140) (28584,24252) (30089,30023) (45792,20652) (48654,21636) (55170,64428) (62154,15120)
set 7159462 h=5 f=5 : (63252,38496) (55116,0) (22932,16019) (30798,25614) (44322,31032) (35022,30846) (45072,43146) (39624,44676) (0,56844) (46356,60786)
set 7159463 h=5 f=5 : (10476,0) (0,52710) (33336,62550) (28872,46500) (23220,29685) (25614,34185) (24012,28437) (30987,21450) (59850,39945) (36837,7215)
set 7159888 h=5 f=5 : (2175,32576) (29604,58683) (56108,63853) (35788,51723) (37841,39464) (41900,38493) (31732,31623) (34452,30113) (62332,27673) (22164,1683)
set 7159892 h=5 f=5 : (491,32411) (29604,58683) (56108,63853) (35788,51723) (38786,40702) (41900,38493) (31732,31623) (34452,30113) (62332,27673) (22164,1683)
set 7159906 h=5 f=5 : (64834,29652) (44863,14904) (3689,0) (31619,16506) (29169,19368) (21743,18618) (33691,22800) (26012,23010) (0,18948) (61425,59562)
set 7159908 h=5 f=5 : (64834,29652) (44863,14904) (3689,0) (31619,16506) (29169,19368) (23213,20130) (33691,22800) (26012,23010) (0,18948) (61425,59562)
set 7160212 h=5 f=5 : (400,31951) (29604,58683) (56108,63853) (35788,51723) (36170,40763) (41900,38493) (31732,31623) (34452,30113) (62332,27673) (22164,1683)
set 7160221 h=5 f=5 : (1125,32081) (29604,58683) (56108,63853) (35788,51723) (34636,39341) (41900,38493) (31732,31623) (34452,30113) (62332,27673) (22164,1683)
set 7160231 h=5 f=5 : (53004,62410) (65172,34570) (52848,0) (51784,36502) (48600,43810) (40056,38410) (40212,52810) (36960,51990) (0,43240) (30684,65060)
set 7160232 h=5 f=5 : (20399,669) (655,14788) (7550,53708) (14899,28681) (16370,23708) (29040,40608) (29110,26548) (32435,32068) (50600,65108) (64880,22068)
set 7160331 h=5 f=5 : (29785,1851) (521,10570) (302,63684) (20225,23556) (29998,28553) (40512,36064) (43570,26672) (48268,35032) (65233,53367) (63986,28363)
set 7160332 h=5 f=5 : (64200,28140) (42015,3822) (0,0) (38295,19404) (36435,29428) (35742,30343) (42315,35770) (40035,43344) (12810,61026) (49725,62076)
set 7160344 h=5 f=5 : (62280,33756) (32076,0) (0,2688) (25020,16140) (22384,25672) (20367,27684) (27801,31332) (19071,35844) (1278,47208) (34038,64872)
set 7160345 h=5 f=5 : (60147,48910) (48510,35240) (4662,0) (39492,33300) (32958,33680) (29815,32176) (35073,37020) (26199,33930) (0,24200) (8658,60330)
set 7160353 h=5 f=5 : (12370,61880) (63270,29232) (63140,0) (40160,27256) (28093,33593) (28520,32436) (22860,37764) (23650,34480) (18120,1384) (0,54512)
set 7160354 h=5 f=5 : (64834,29652) (44863,14904) (3689,0) (31619,16506) (30465,19696) (29169,19368) (33691,22800) (26012,23010) (0,18948) (61425,59562)
set 7160369 h=5 f=5 : (26486,64035) (62118,39060) (45288,3255) (37383,27555) (31467,31320) (24907,22369) (23426,29895) (15113,27825) (6256,0) (0,39690)
set 7160372 h=5 f=5 : (0,17733) (13160,62675) (21924,64193) (21788,51604) (22904,43562) (28224,40549) (33656,19320) (35098,19044) (61670,10879) (40852,0)
set 7160373 h=5 f=5 : (62454,54414) (45752,8532) (10024,0) (24538,15277) (33054,25290) (18816,17370) (32396,35550) (25844,35604) (0,22806) (38052,63378)
set 7160384 h=5 f=5 : (64834,29652) (44863,14904) (3689,0) (31619,16506) (34249,19448) (29169,19368) (33691,22800) (26012,23010) (0,18948) (61425,59562)
set 7160385 h=5 f=5 : (0,29652) (3409,59562) (64834,18948) (38822,23010) (31143,22800) (35665,19368) (27208,19690) (33215,16506) (61145,0) (19971,14904)
set 7160386 h=5 f=5 : (28456,62856) (51944,63342) (60824,26112) (46048,40104) (41232,43782) (41191,37595) (34288,41838) (33896,31806) (38088,0) (0,34680)
set 7160389 h=5 f=5 : (53845,8373) (0,0) (10820,29310) (23584,24868) (37100,20180) (33596,23760) (44960,20240) (43808,23746) (46160,59886) (64740,20328)
set 7160390 h=5 f=5 : (9345,59912) (52528,29216) (64274,0) (39032,24600) (29141,31512) (30016,29792) (28190,31762) (17906,32800) (16863,15744) (0,40400)
set 7160393 h=5 f=5 : (14514,56004) (18382,48798) (9428,50331) (10302,51340) (12521,53939) (11253,52771) (12807,54713) (12076,54363) (5566,52828) (13783,57276)
set 7160394 h=5 f=5 : (64694,18810) (33292,0) (0,19602) (28420,20385) (37926,22932) (35350,27387) (40037,27500) (39984,33012) (17962,61650) (52276,47178)
set 7177774 h=5 f=5 : (26910,9804) (0,0) (19530,40074) (23340,37221) (25074,24666) (29178,28671) (30098,36200) (29088,26946) (39936,63708) (59292,28203)
set 7177775 h=5 f=5 : (49,24265) (6174,48858) (39650,58226) (30394,40350) (20846,35274) (25426,31010) (35266,30002) (23742,27866) (61262,29526) (31770,7310)
set 7177776 h=5 f=5 : (26772,0) (4620,21340) (0,58949) (17424,42768) (22635,26011) (25620,26224) (26328,40590) (27396,22176) (28896,62821) (61584,18271)
set 7177777 h=5 f=5 : (62286,31824) (59500,0) (15834,2639) (30408,25012) (36891,26423) (34118,30524) (25914,37154) (44800,35906) (0,49335) (33642,63999)
set 7177778 h=5 f=5 : (0,32790) (24363,64290) (51075,62055) (42892,53076) (36036,49815) (35694,46095) (42507,45825) (28710,41400) (63675,45315) (36288,0)
set 7177785 h=5 f=5 : (32594,65535) (58269,60812) (62832,42299) (44400,40571) (40629,47942) (31071,41255) (29577,33956) (28281,41165) (19974,548) (2703,27197)
set 7177786 h=5 f=5 : (8446,30000) (12784,29866) (14705,27287) (11432,28057) (10003,28971) (8966,28782) (8674,28349) (8162,29000) (5643,20271) (3630,29095)
set 7177787 h=5 f=5 : (63120,8134) (11296,0) (0,14322) (9408,26670) (15136,24710) (17376,35483) (15970,36760) (21264,40187) (6368,63658) (23344,47306)
set 7177788 h=5 f=5 : (38052,63378) (62454,54414) (45752,8532) (33054,25290) (32396,35550) (27484,33296) (18816,17370) (25844,35604) (10024,0) (0,22806)
set 7177789 h=5 f=5 : (38052,63378) (62454,54414) (45752,8532) (33054,25290) (32396,35550) (27201,33703) (18816,17370) (25844,35604) (10024,0) (0,22806)
set 7178029 h=5 f=5 : (60777,26357) (61684,0) (0,748) (31584,16819) (40614,20647) (35560,25652) (22498,26070) (54852,26642) (3094,32692) (51814,60709)
set 7178038 h=5 f=5 : (26459,2476) (14408,0) (0,47936) (18856,21448) (21504,15722) (24636,21742) (23552,34125) (26240,6587) (26988,64463) (56720,21392)
set 7178233 h=5 f=5 : (18834,6936) (16261,6063) (2274,15572) (12331,11922) (14165,10533) (13535,11900) (11383,13921) (14707,11031) (6406,20699) (25738,11416)
set 7178234 h=5 f=5 : (64500,54402) (63562,28718) (17294,4982) (32566,27630) (37926,34118) (30514,35682) (20586,30426) (42562,42446) (1974,26550) (24450,60554)
set 7178240 h=5 f=5 : (0,52164) (18132,65224) (57984,54436) (36144,33776) (27120,38284) (31908,23520) (33481,22025) (28290,26644) (55680,0) (23730,2732)
set 7178241 h=5 f=5 : (0,52164) (18132,65224) (57984,54436) (36144,33776) (27120,38284) (31908,23520) (32450,22928) (28290,26644) (55680,0) (23730,2732)
set 7178242 h=5 f=5 : (33384,0) (0,11352) (1560,54540) (17251,33720) (22699,22592) (28977,20736) (27105,32412) (32825,12708) (40170,63888) (64441,10200)
set 7178243 h=5 f=5 : (34208,59983) (63248,31996) (41728,1273) (37344,15884) (36255,28215) (31376,32699) (26256,25669) (30672,48849) (12960,0) (0,65360)
set 7178244 h=5 f=5 : (0,32790) (24363,64290) (51075,62055) (42602,53561) (36036,49815) (35694,46095) (42507,45825) (28710,41400) (63675,45315) (36288,0)
set 7178482 h=5 f=5 : (61386,11688) (46806,6015) (2436,0) (40749,10826) (41574,12870) (48360,12540) (31524,19581) (49476,15426) (0,31158) (63288,50331)
set 7178483 h=5 f=5 : (25626,0) (1398,15610) (0,52820) (8335,38377) (8826,38720) (12960,30290) (11118,47300) (18816,22260) (7614,62980) (62394,28100)
set 7178486 h=5 f=5 : (61386,11688) (46806,6015) (2436,0) (39859,10804) (41574,12870) (48360,12540) (31524,19581) (49476,15426) (0,31158) (63288,50331)
set 7178487 h=5 f=5 : (25626,0) (1398,15610) (0,52820) (7220,40716) (8826,38720) (12960,30290) (11118,47300) (18816,22260) (7614,62980) (62394,28100)
set 7178488 h=5 f=5 : (39344,62632) (61336,43320) (48816,14341) (40184,30808) (33224,41176) (33944,44784) (28344,38120) (31200,45496) (6968,0) (0,53712)
set 7178489 h=5 f=5 : (7209,24970) (0,60130) (45032,53095) (36306,44300) (28089,35650) (24525,32440) (34092,31250) (19818,27550) (60048,35480) (35154,0)
set 7178546 h=5 f=5 : (58972,61104) (58632,18295) (2272,0) (25692,28215) (29612,33955) (29244,36270) (21660,30310) (46044,52685) (0,28565) (42412,62835)
set 7187445 h=5 f=5 : (61384,26818) (61684,0) (0,748) (31584,16819) (40614,20647) (35560,25652) (54852,26642) (22498,26070) (3094,32692) (51814,60709)
set 7187458 h=5 f=5 : (26574,3289) (14408,0) (0,47936) (18856,21448) (21504,15722) (24636,21742) (26240,6587) (23552,34125) (26988,64463) (56720,21392)
set 7187589 h=5 f=5 : (5958,8137) (9638,25511) (42602,63665) (30854,22955) (27170,19565) (31766,17975) (28892,16799) (36866,19721) (55898,20009) (34682,1871)
set 7187592 h=5 f=5 : (23092,57667) (45856,60253) (64152,25893) (45298,30423) (40102,34883) (38286,28351) (35894,32851) (40438,23659) (49690,5283) (4890,18563)
set 7187593 h=5 f=5 : (41778,2679) (15584,768) (4944,63040) (31712,34048) (34736,27760) (40272,35552) (40960,23712) (40208,45216) (46528,64768) (60592,37728)
set 7187596 h=5 f=5 : (26493,56731) (64968,65030) (61019,25710) (42488,30899) (38872,35155) (28584,23493) (27176,36695) (27134,21400) (27080,505) (568,16773)
set 7187803 h=5 f=5 : (50720,41316) (59130,39096) (60132,0) (47734,26712) (45038,25072) (46528,29372) (43806,27778) (39472,19402) (30410,3994) (0,49222)
set 7187804 h=5 f=5 : (50720,41316) (59130,39096) (60132,0) (47734,26712) (45038,25072) (46528,29372) (43806,27778) (39472,19402) (34270,9319) (0,49222)
set 7187866 h=5 f=5 : (57128,63259) (58632,18295) (2272,0) (25692,28215) (29612,33955) (29244,36270) (46044,52685) (21660,30310) (0,28565) (42412,62835)
set 7187921 h=5 f=5 : (10362,6073) (1927,11041) (0,50534) (13577,15419) (14546,15480) (13988,14063) (18384,13694) (26028,20046) (55804,31806) (50935,0)
set 7187922 h=5 f=5 : (12196,12477) (15189,11902) (18156,5694) (14080,9609) (13885,9571) (13475,10270) (12564,9429) (12773,7577) (11852,4531) (8744,8980)
set 7188009 h=5 f=5 : (62524,17955) (45332,0) (0,1653) (39788,13198) (41300,13547) (37464,28044) (44534,28633) (30198,37278) (19362,61275) (52388,64600)
set 7188060 h=5 f=5 : (47760,62912) (62100,41696) (24912,0) (37519,38203) (38076,39680) (27336,42592) (26928,44448) (16308,35512) (0,32616) (7680,55640)
set 7188302 h=5 f=5 : (49212,0) (24561,8460) (0,61290) (29250,26470) (34560,34900) (37941,27816) (39006,29070) (36765,42520) (34704,56940) (59625,31490)
set 7188303 h=5 f=5 : (17973,0) (0,7308) (13086,58058) (16854,22459) (26028,29085) (24327,21217) (28917,22561) (37719,39879) (48177,60851) (63738,21511)
set 7188452 h=5 f=5 : (60996,15610) (36768,0) (0,28100) (43578,22260) (48237,31284) (49434,30290) (53568,38720) (51276,47300) (54780,62980) (62394,52820)
set 7188453 h=5 f=5 : (60996,15610) (36768,0) (0,28100) (43578,22260) (47574,31717) (49434,30290) (53568,38720) (51276,47300) (54780,62980) (62394,52820)
set 7188553 h=5 f=5 : (62524,17955) (45332,0) (0,1653) (39941,12833) (41300,13547) (37464,28044) (44534,28633) (30198,37278) (19362,61275) (52388,64600)
set 7188652 h=5 f=5 : (60996,15610) (36768,0) (0,28100) (43578,22260) (47600,29264) (49434,30290) (53568,38720) (51276,47300) (54780,62980) (62394,52820)
set 7188660 h=5 f=5 : (47760,62912) (62100,41696) (24912,0) (37625,38121) (38076,39680) (27336,42592) (26928,44448) (16308,35512) (0,32616) (7680,55640)
set 7206002 h=5 f=5 : (15150,15052) (0,55884) (41077,46725) (33800,28388) (27634,23824) (27176,21124) (30960,22776) (30524,20328) (57784,11524) (22798,0)
set 7206003 h=5 f=5 : (0,17955) (10136,64600) (43162,61275) (32326,37278) (17990,28633) (18382,25924) (25060,28044) (21224,13547) (62524,1653) (17192,0)
set 7206009 h=5 f=5 : (0,17340) (8084,60820) (41547,23147) (39952,22212) (23856,20164) (13264,17444) (29636,16836) (25852,13964) (58308,0) (12524,6112)
set 7206016 h=5 f=5 : (56720,47936) (42312,0) (30433,5645) (30480,6587) (35216,15722) (37864,21448) (32084,21742) (33168,34125) (0,21392) (29732,64463)
set 7206056 h=5 f=5 : (0,7308) (13086,58058) (48177,60851) (37719,39879) (26028,29085) (24327,21217) (29472,23205) (28917,22561) (63738,21511) (17973,0)
set 7206057 h=5 f=5 : (40852,0) (0,17733) (13160,62675) (22904,43562) (33656,19320) (34751,19001) (28224,40549) (35098,19044) (21924,64193) (61670,10879)
set 7206058 h=5 f=5 : (64097,0) (14179,39) (0,23517) (12188,24050) (30151,15912) (40590,22529) (36163,27793) (39666,24635) (4345,63908) (57695,30641)
set 7206061 h=5 f=5 : (43634,14626) (49262,14348) (49243,8163) (47289,9692) (45541,12047) (44154,13082) (45283,9688) (44398,11985) (45705,5934) (38922,11945)
set 7206062 h=5 f=5 : (57156,49170) (62484,19305) (28512,0) (35412,27165) (45513,37986) (46476,40605) (30960,37695) (40260,45015) (0,35955) (28416,64815)
set 7206063 h=5 f=5 : (37972,63891) (59972,46278) (64174,24516) (50193,32310) (46114,42834) (42735,46125) (38357,33426) (35167,41904) (29040,0) (0,46242)
set 7206064 h=5 f=5 : (57156,49170) (62484,19305) (28512,0) (35412,27165) (44900,36956) (46476,40605) (30960,37695) (40260,45015) (0,35955) (28416,64815)
set 7206065 h=5 f=5 : (38052,63378) (62454,54414) (45752,8532) (33054,25290) (32396,35550) (29902,37829) (18816,17370) (25844,35604) (10024,0) (0,22806)
set 7206103 h=5 f=5 : (47410,12339) (0,0) (14950,35649) (19770,36243) (27620,29790) (38420,30348) (34830,37863) (35917,38514) (30780,60993) (61170,41985)
set 7206120 h=5 f=5 : (56720,47936) (42312,0) (30347,5319) (30480,6587) (35216,15722) (37864,21448) (32084,21742) (33168,34125) (0,21392) (29732,64463)
set 7206393 h=5 f=5 : (22735,23102) (24846,19032) (14918,11736) (18768,20040) (20267,21200) (19906,22273) (16712,21359) (18214,22180) (8372,21746) (18010,28367)
set 7206394 h=5 f=5 : (21420,10676) (15692,12225) (13545,18960) (17547,16548) (18643,14893) (19728,15228) (18725,18062) (21035,17035) (20650,23825) (25488,16894)
set 7206476 h=5 f=5 : (7026,58656) (60780,58488) (56252,14932) (35874,27570) (29034,33858) (18660,40038) (24780,29778) (18060,30132) (15636,0) (0,33984)
set 7206607 h=5 f=5 : (17475,54718) (37601,54017) (62594,35531) (38807,40490) (36872,34010) (28133,43037) (36620,26801) (31535,34154) (45971,11519) (2942,15308)
set 7206610 h=5 f=5 : (0,45315) (12600,62055) (39312,64290) (27639,49815) (27981,46095) (21168,45825) (34965,41400) (24572,41603) (63675,32790) (27387,0)
set 7206613 h=5 f=5 : (62843,12000) (34617,0) (0,18480) (21506,19572) (27577,20980) (40304,18830) (19393,30400) (39710,21940) (5874,37440) (58278,63710)
set 7206614 h=5 f=5 : (0,45330) (4929,63590) (26250,57135) (24489,53400) (23307,48195) (17148,47400) (28308,44925) (21046,44823) (44079,44160) (52737,0)
set 7206668 h=5 f=5 : (26250,57135) (44079,44160) (52737,0) (28308,44925) (23307,48195) (24489,53400) (17148,47400) (17967,52379) (0,45330) (4929,63590)
set 7206669 h=5 f=5 : (33660,0) (19100,16313) (0,50842) (30080,26950) (33710,28820) (33740,16753) (34144,30257) (43500,24453) (59440,61963) (61520,17534)
set 7206671 h=5 f=5 : (41280,64912) (65056,32816) (48080,0) (39568,24176) (33888,26608) (34560,39664) (28416,24088) (23200,32534) (3008,1528) (0,49448)
set 7206674 h=5 f=5 : (33660,0) (19100,16313) (0,50842) (30080,26950) (33710,28820) (33740,16753) (35122,30219) (43500,24453) (59440,61963) (61520,17534)
set 7206680 h=5 f=5 : (26250,57135) (44079,44160) (52737,0) (28308,44925) (23307,48195) (24489,53400) (17148,47400) (15555,51428) (0,45330) (4929,63590)
set 7206682 h=5 f=5 : (35037,63108) (63886,42336) (45339,4122) (36346,25308) (31467,30456) (32572,50598) (27599,28235) (24803,32256) (12801,0) (0,65196)
set 7206687 h=5 f=5 : (0,45330) (4929,63590) (26250,57135) (24489,53400) (23307,48195) (17148,47400) (28308,44925) (22338,44830) (44079,44160) (52737,0)
set 7206700 h=5 f=5 : (16947,30140) (0,65000) (42189,58280) (31395,43120) (29610,37560) (25683,35180) (37417,30361) (33411,28240) (65268,19540) (53046,0)
set 7206904 h=5 f=5 : (59125,10647) (4836,4249) (2841,41417) (26948,30121) (28207,29474) (41635,37934) (40555,45962) (44131,42926) (53467,61286) (62695,48842)
set 7206909 h=5 f=5 : (0,52820) (7614,62980) (62394,28100) (12132,46861) (11118,47300) (8826,38720) (18816,22260) (12960,30290) (25626,0) (1398,15610)
set 7206910 h=5 f=5 : (35484,0) (8376,6496) (0,46004) (16380,26312) (19080,22764) (27096,25648) (23436,41230) (32244,31290) (29448,61320) (60792,33628)
set 7206914 h=5 f=5 : (45752,8532) (10024,0) (0,22806) (17871,17666) (18816,17370) (33054,25290) (25844,35604) (32396,35550) (38052,63378) (62454,54414)
set 7206919 h=5 f=5 : (5666,19626) (6682,23535) (12317,23704) (8366,21134) (7588,20696) (7726,19303) (9538,18922) (7951,19184) (11271,17067) (7880,15926)
set 7206933 h=5 f=5 : (33978,12350) (0,0) (12908,43719) (24934,34892) (30100,24856) (36231,27715) (38976,36894) (37814,29224) (46158,65403) (61600,45305)
set 7206979 h=5 f=5 : (2436,0) (0,31158) (63288,50331) (33047,20659) (31524,19581) (41574,12870) (49476,15426) (48360,12540) (61386,11688) (46806,6015)
set 7206982 h=5 f=5 : (10213,6666) (8511,2902) (1711,1484) (6452,4548) (6802,4749) (6225,6345) (4588,6217) (4928,6823) (2283,7815) (5563,8283)
set 7206985 h=5 f=5 : (13160,62675) (21924,64193) (61670,10879) (29204,39350) (28224,40549) (22904,43562) (35098,19044) (33656,19320) (40852,0) (0,17733)
set 7206988 h=5 f=5 : (6711,0) (704,40643) (55768,52303) (38298,30432) (34150,26337) (35452,24068) (38763,26464) (38060,24606) (57182,25468) (37444,7279)
set 7206992 h=5 f=5 : (29040,0) (0,46242) (37972,63891) (35739,46199) (35167,41904) (38357,33426) (42735,46125) (50193,32310) (59972,46278) (64174,24516)
set 7206993 h=5 f=5 : (63468,40926) (39870,0) (5238,23672) (20745,29244) (32661,33216) (43407,37920) (28224,35670) (33066,41742) (0,60936) (55485,59178)
set 7206996 h=5 f=5 : (15150,15052) (0,55884) (46267,38355) (33800,28388) (27634,23824) (27176,21124) (30960,22776) (30524,20328) (57784,11524) (22798,0)
set 7206997 h=5 f=5 : (63413,45486) (63147,0) (21087,9654) (30282,17928) (45066,30294) (44268,34002) (37562,30663) (39018,40743) (0,33957) (43050,61623)
set 7206999 h=5 f=5 : (45332,0) (0,1653) (19362,61275) (30198,37278) (36065,23926) (41300,13547) (37464,28044) (44534,28633) (52388,64600) (62524,17955)
set 7207145 h=5 f=5 : (0,52613) (32769,61523) (62568,24211) (41151,33341) (29799,29854) (24860,33110) (32648,23617) (24512,30833) (55528,3223) (12408,0)
set 7207280 h=5 f=5 : (0,17534) (2080,61963) (61520,50842) (27813,32216) (27810,28820) (18020,24453) (31440,26950) (27780,16753) (42420,16313) (27860,0)
set 7207283 h=5 f=5 : (10024,0) (0,22806) (38052,63378) (25844,35604) (23666,27878) (18816,17370) (32396,35550) (33054,25290) (62454,54414) (45752,8532)
set 7207284 h=5 f=5 : (0,17534) (2080,61963) (61520,50842) (28205,31885) (27810,28820) (18020,24453) (31440,26950) (27780,16753) (42420,16313) (27860,0)
set 7207415 h=5 f=5 : (39312,64290) (63675,32790) (27387,0) (34965,41400) (27981,46095) (27639,49815) (21168,45825) (24043,49135) (0,45315) (12600,62055)
set 7207419 h=5 f=5 : (39312,64290) (63675,32790) (27387,0) (34965,41400) (27981,46095) (27639,49815) (21168,45825) (23568,48523) (0,45315) (12600,62055)
set 7207422 h=5 f=5 : (0,14360) (6895,53280) (49945,64680) (28385,40180) (23634,33293) (15715,23280) (31780,31640) (28455,26120) (64225,21640) (22540,0)
set 7207426 h=5 f=5 : (0,52820) (7614,62980) (62394,28100) (11739,48039) (11118,47300) (8826,38720) (18816,22260) (12960,30290) (25626,0) (1398,15610)
set 7207428 h=5 f=5 : (0,52820) (7614,62980) (62394,28100) (11864,47856) (11118,47300) (8826,38720) (18816,22260) (12960,30290) (25626,0) (1398,15610)
set 7207429 h=5 f=5 : (35484,0) (8376,6496) (0,46004) (16275,25690) (19080,22764) (27096,25648) (23436,41230) (32244,31290) (29448,61320) (60792,33628)
set 7207430 h=5 f=5 : (45752,8532) (10024,0) (0,22806) (17775,17468) (18816,17370) (33054,25290) (25844,35604) (32396,35550) (38052,63378) (62454,54414)
set 7207432 h=5 f=5 : (2265,43197) (24342,61115) (63436,34990) (31844,38807) (23627,39291) (19832,34429) (35408,26025) (22527,31558) (45044,4421) (2100,15212)
set 7207541 h=5 f=5 : (14062,35796) (17432,32530) (11225,17969) (13115,29867) (11587,29283) (11368,31460) (8681,27146) (8331,28071) (5942,25408) (6964,30855)
set 7207543 h=5 f=5 : (16458,45813) (16107,41210) (11910,40033) (13513,42076) (13103,42578) (13645,43756) (12130,42732) (12195,44225) (9688,43303) (10836,46681)
set 7207544 h=5 f=5 : (43681,50210) (42772,47375) (35738,46519) (40095,48552) (39659,49008) (40533,49565) (38351,49422) (39179,50368) (35573,50497) (38623,51465)
set 7207545 h=5 f=5 : (13160,62675) (21924,64193) (61670,10879) (27305,45843) (28224,40549) (22904,43562) (35098,19044) (33656,19320) (40852,0) (0,17733)
set 7207547 h=5 f=5 : (48787,64421) (58913,35703) (33093,1773) (40043,30143) (35873,32363) (36483,39743) (28153,26723) (25393,38743) (6623,18413) (11803,45073)
set 7207548 h=5 f=5 : (13160,62675) (21924,64193) (61670,10879) (28854,40669) (28224,40549) (22904,43562) (35098,19044) (33656,19320) (40852,0) (0,17733)
set 7207551 h=5 f=5 : (0,38947) (15642,63410) (61226,48671) (29579,36805) (29271,32062) (26377,28555) (35673,22525) (30525,15266) (49687,0) (34892,748)
set 7207552 h=5 f=5 : (65424,26765) (46216,0) (0,37035) (23408,33380) (29760,33520) (38392,33570) (25432,37310) (26496,40695) (5744,58325) (34531,58397)
set 7207554 h=5 f=5 : (45332,0) (0,1653) (19362,61275) (30198,37278) (36382,24150) (41300,13547) (37464,28044) (44534,28633) (52388,64600) (62524,17955)
set 7207556 h=5 f=5 : (2436,0) (0,31158) (63288,50331) (30524,21464) (31524,19581) (41574,12870) (49476,15426) (48360,12540) (61386,11688) (46806,6015)
set 7207558 h=5 f=5 : (10077,7240) (6558,8881) (12700,16799) (11219,11391) (11105,10604) (11718,10011) (12946,12058) (12999,11294) (15522,13775) (13561,8102)
set 7207560 h=5 f=5 : (13160,62675) (21924,64193) (61670,10879) (29059,39903) (28224,40549) (22904,43562) (35098,19044) (33656,19320) (40852,0) (0,17733)
set 7207562 h=5 f=5 : (38822,2393) (4848,12756) (21782,61231) (30949,30400) (32812,25771) (36910,25333) (36498,30597) (38028,27744) (56071,53716) (54965,23004)
set 7207565 h=5 f=5 : (29040,0) (0,46242) (37972,63891) (35558,46199) (35167,41904) (38357,33426) (42735,46125) (50193,32310) (59972,46278) (64174,24516)
set 7207566 h=5 f=5 : (63468,40926) (39870,0) (10189,25984) (20745,29244) (32661,33216) (43407,37920) (28224,35670) (33066,41742) (0,60936) (55485,59178)
set 7207568 h=5 f=5 : (15150,15052) (0,55884) (48122,38697) (33800,28388) (27634,23824) (27176,21124) (30960,22776) (30524,20328) (57784,11524) (22798,0)
set 7207569 h=5 f=5 : (64694,18810) (33292,0) (0,19602) (28420,20385) (37926,22932) (38819,25671) (35350,27387) (39984,33012) (17962,61650) (52276,47178)
set 7207570 h=5 f=5 : (45332,0) (0,1653) (19362,61275) (30198,37278) (36130,24303) (41300,13547) (37464,28044) (44534,28633) (52388,64600) (62524,17955)
set 7260185 h=5 f=5 : (34038,64872) (62280,33756) (32076,0) (25020,16140) (27801,31332) (20367,27684) (15019,27417) (19071,35844) (0,2688) (1278,47208)
set 7260186 h=5 f=5 : (42224,0) (4758,2669) (0,30532) (13052,28951) (20020,22508) (21268,27336) (28678,37502) (33462,24548) (22048,61914) (65130,48501)
set 7260194 h=5 f=5 : (367,27199) (21704,51998) (42248,48926) (37466,43412) (21290,36278) (28376,34802) (29744,28976) (20978,27656) (64784,28550) (20204,13538)
set 7260195 h=5 f=5 : (61425,59562) (64834,29652) (44863,14904) (31619,16506) (33691,22800) (29169,19368) (20847,17174) (26012,23010) (3689,0) (0,18948)
set 7260274 h=5 f=5 : (0,17955) (10136,64600) (43162,61275) (32326,37278) (17990,28633) (25060,28044) (26886,23305) (21224,13547) (62524,1653) (17192,0)
set 7260276 h=5 f=5 : (34617,0) (0,18480) (5874,37440) (19393,30400) (27394,19577) (27577,20980) (39710,21940) (40304,18830) (58278,63710) (62843,12000)
set 7260279 h=5 f=5 : (34617,0) (0,18480) (5874,37440) (19393,30400) (25581,19651) (27577,20980) (39710,21940) (40304,18830) (58278,63710) (62843,12000)
set 7260395 h=5 f=5 : (24140,63450) (57640,56950) (63420,11525) (40740,30925) (30108,49331) (34320,25725) (27460,32500) (25440,48075) (24620,0) (0,41650)
set 7260396 h=5 f=5 : (40852,0) (0,17733) (13160,62675) (22904,43562) (33656,19320) (26876,44789) (28224,40549) (35098,19044) (21924,64193) (61670,10879)
set 7260397 h=5 f=5 : (24140,63450) (57640,56950) (63420,11525) (40740,30925) (31599,45071) (34320,25725) (27460,32500) (25440,48075) (24620,0) (0,41650)
set 7260398 h=5 f=5 : (16050,64339) (49790,57453) (60230,13871) (30690,35508) (23460,45716) (19920,34364) (19035,37724) (14890,47168) (0,0) (380,43120)
set 7260505 h=5 f=5 : (62175,53616) (58725,11424) (32445,0) (33090,10576) (42885,26480) (28065,24032) (27250,24410) (37275,32832) (0,4288) (10440,64720)
set 7260506 h=5 f=5 : (49974,12031) (10067,3243) (2328,42129) (17291,35067) (26082,29013) (26313,35221) (30187,37872) (41666,23011) (23258,63194) (63207,36321)
set 7260706 h=5 f=5 : (0,23936) (21372,62370) (44496,50842) (31380,38624) (24984,31141) (33240,33231) (25632,26730) (16188,25091) (60612,18623) (12588,0)
set 7260707 h=5 f=5 : (63120,14322) (51824,0) (0,8134) (45818,23957) (47984,24710) (41856,40187) (45744,35483) (53712,26670) (39776,47306) (56752,63658)
set 7269279 h=5 f=5 : (13984,0) (0,45084) (43272,61421) (42408,57409) (34519,41427) (36184,44676) (35008,40341) (38776,43316) (61784,65212) (61416,29087)
set 7269285 h=5 f=5 : (62706,37981) (28843,1396) (17163,14312) (17205,14356) (36021,25416) (33723,26501) (44367,34341) (37689,34145) (2829,30274) (59997,64140)
set 7269328 h=5 f=5 : (37972,63891) (59972,46278) (64174,24516) (50193,32310) (42735,46125) (38357,33426) (36850,46187) (35167,41904) (29040,0) (0,46242)
set 7269357 h=5 f=5 : (64225,21640) (22540,0) (0,14360) (15715,23280) (28455,26120) (26374,29091) (31780,31640) (28385,40180) (6895,53280) (49945,64680)
set 7269364 h=5 f=5 : (63371,17581) (48961,47) (593,16248) (24968,26718) (41343,22852) (37864,25508) (45937,23648) (36018,32918) (359,53758) (65177,63088)
set 7269373 h=5 f=5 : (64225,21640) (22540,0) (0,14360) (15715,23280) (28455,26120) (26416,28818) (31780,31640) (28385,40180) (6895,53280) (49945,64680)
set 7269380 h=5 f=5 : (16976,0) (0,32816) (23776,64912) (30496,39664) (25488,24176) (31168,26608) (31703,19956) (36640,24088) (65056,49448) (62048,1528)
set 7269441 h=5 f=5 : (7335,32040) (0,62288) (39160,65200) (21250,38176) (14215,34336) (19340,35672) (15620,30056) (25450,25496) (55765,0) (22761,6488)
set 7269449 h=5 f=5 : (64225,21640) (22540,0) (0,14360) (15715,23280) (28455,26120) (26506,28586) (31780,31640) (28385,40180) (6895,53280) (49945,64680)
set 7269460 h=5 f=5 : (1485,15983) (0,59213) (31383,64581) (28737,45067) (22505,37789) (26154,37037) (25506,27115) (36666,24970) (60381,30657) (46530,0)
set 7269523 h=5 f=5 : (0,24516) (4202,46278) (26202,63891) (21439,46125) (12759,34121) (29007,41904) (13981,32310) (25817,33426) (64174,46242) (35134,0)
set 7269525 h=5 f=5 : (0,24516) (4202,46278) (26202,63891) (21439,46125) (13858,35998) (29007,41904) (13981,32310) (25817,33426) (64174,46242) (35134,0)
set 7269527 h=5 f=5 : (30684,65060) (53004,62410) (65172,34570) (48600,43810) (40212,52810) (43790,37831) (36960,51990) (40056,38410) (52848,0) (0,43240)
set 7269529 h=5 f=5 : (64225,21640) (22540,0) (0,14360) (15715,23280) (28455,26120) (21958,34584) (31780,31640) (28385,40180) (6895,53280) (49945,64680)
set 7269763 h=5 f=5 : (37935,18729) (20095,0) (0,28881) (22870,27108) (30700,34128) (27775,43569) (36320,24768) (31510,45396) (26730,65313) (63360,63126)
set 7269765 h=5 f=5 : (56969,37440) (62843,18480) (28226,0) (37288,18488) (35266,20980) (22539,18830) (43450,30400) (23133,21940) (0,12000) (4565,63710)
set 7269767 h=5 f=5 : (2224,26978) (0,64442) (39360,58716) (29405,42118) (25424,34650) (37120,36190) (21808,30394) (35712,22988) (63728,16268) (37216,0)
set 7269769 h=5 f=5 : (56969,37440) (62843,18480) (28226,0) (34739,16850) (35266,20980) (22539,18830) (43450,30400) (23133,21940) (0,12000) (4565,63710)
set 7269770 h=5 f=5 : (33972,0) (0,19305) (5328,49170) (16008,40605) (24974,33478) (22224,45015) (27072,27165) (31524,37695) (34068,64815) (62484,35955)
set 7269771 h=5 f=5 : (34208,59983) (63248,31996) (41728,1273) (37344,15884) (31376,32699) (26256,25669) (30672,48849) (24677,32799) (12960,0) (0,65360)
set 7269807 h=5 f=5 : (0,45330) (4929,63590) (26250,57135) (24489,53400) (23307,48195) (27318,48639) (17148,47400) (28308,44925) (44079,44160) (52737,0)
set 7269814 h=5 f=5 : (0,45330) (4929,63590) (26250,57135) (24489,53400) (23307,48195) (25329,48416) (17148,47400) (28308,44925) (44079,44160) (52737,0)
set 7270319 h=5 f=5 : (0,0) (380,43120) (16050,64339) (14890,47168) (19462,38128) (23460,45716) (19920,34364) (30690,35508) (49790,57453) (60230,13871)
set 7270324 h=5 f=5 : (0,52613) (32769,61523) (62568,24211) (41151,33341) (29799,29854) (33293,26829) (24860,33110) (32648,23617) (55528,3223) (12408,0)
set 7283290 h=5 f=5 : (35550,0) (8190,18824) (0,39455) (16764,27682) (24642,16770) (26244,20982) (27090,22932) (36198,13910) (39798,61269) (65196,4134)
set 7283291 h=5 f=5 : (62286,31824) (59500,0) (15834,2639) (30408,25012) (38857,27486) (34118,30524) (25914,37154) (44800,35906) (0,49335) (33642,63999)
set 7283293 h=5 f=5 : (26772,0) (4620,21340) (0,58949) (17424,42768) (23415,22421) (25620,26224) (26328,40590) (27396,22176) (28896,62821) (61584,18271)
set 7283294 h=5 f=5 : (40852,0) (0,17733) (13160,62675) (22904,43562) (33656,19320) (32450,24576) (28224,40549) (35098,19044) (21924,64193) (61670,10879)
set 7283295 h=5 f=5 : (62286,31824) (59500,0) (15834,2639) (30408,25012) (37914,26908) (34118,30524) (25914,37154) (44800,35906) (0,49335) (33642,63999)
set 7283305 h=5 f=5 : (35550,0) (8190,18824) (0,39455) (16137,28216) (24642,16770) (26244,20982) (27090,22932) (36198,13910) (39798,61269) (65196,4134)
set 7283306 h=5 f=5 : (38052,63378) (62454,54414) (45752,8532) (33054,25290) (32396,35550) (29264,30834) (18816,17370) (25844,35604) (10024,0) (0,22806)
set 7283308 h=5 f=5 : (40852,0) (0,17733) (13160,62675) (22904,43562) (33656,19320) (33380,22475) (28224,40549) (35098,19044) (21924,64193) (61670,10879)
set 7283309 h=5 f=5 : (40852,0) (0,17733) (13160,62675) (22904,43562) (33656,19320) (32463,24298) (28224,40549) (35098,19044) (21924,64193) (61670,10879)
set 7283310 h=5 f=5 : (38052,63378) (62454,54414) (45752,8532) (33054,25290) (32396,35550) (28689,31643) (18816,17370) (25844,35604) (10024,0) (0,22806)
set 7283554 h=5 f=5 : (40852,0) (0,17733) (13160,62675) (22904,43562) (33656,19320) (28224,40549) (26412,46792) (35098,19044) (21924,64193) (61670,10879)
set 7283564 h=5 f=5 : (35550,0) (8190,18824) (0,39455) (17241,27301) (24642,16770) (26244,20982) (27090,22932) (36198,13910) (39798,61269) (65196,4134)
set 7283565 h=5 f=5 : (34208,59983) (63248,31996) (41728,1273) (37344,15884) (34962,38055) (31376,32699) (26256,25669) (30672,48849) (12960,0) (0,65360)
set 7283567 h=5 f=5 : (40852,0) (0,17733) (13160,62675) (22904,43562) (33656,19320) (32417,26150) (28224,40549) (35098,19044) (21924,64193) (61670,10879)
set 7283568 h=5 f=5 : (40852,0) (0,17733) (13160,62675) (22904,43562) (33656,19320) (30449,31940) (28224,40549) (35098,19044) (21924,64193) (61670,10879)
set 7283569 h=5 f=5 : (34208,59983) (63248,31996) (41728,1273) (37344,15884) (34561,34762) (31376,32699) (26256,25669) (30672,48849) (12960,0) (0,65360)
set 7303486 h=5 f=5 : (0,45315) (12600,62055) (39312,64290) (27639,49815) (27981,46095) (21168,45825) (35411,43464) (34965,41400) (63675,32790) (27387,0)
set 7303488 h=5 f=5 : (0,45315) (12600,62055) (39312,64290) (27639,49815) (27981,46095) (21168,45825) (35157,42108) (34965,41400) (63675,32790) (27387,0)
